checkpoint,curve,layer,value
CohenQu--Qwen3-4B-Base_HintGen-STaR.03.01_1e-6,x1_g_curve,0,0.0
CohenQu--Qwen3-4B-Base_HintGen-STaR.03.01_1e-6,x1_g_curve,1,0.03765963443256505
CohenQu--Qwen3-4B-Base_HintGen-STaR.03.01_1e-6,x1_g_curve,2,0.05248864663129738
CohenQu--Qwen3-4B-Base_HintGen-STaR.03.01_1e-6,x1_g_curve,3,0.06273225306883093
CohenQu--Qwen3-4B-Base_HintGen-STaR.03.01_1e-6,x1_g_curve,4,0.08239346341084255
CohenQu--Qwen3-4B-Base_HintGen-STaR.03.01_1e-6,x1_g_curve,5,0.08439308319784418
CohenQu--Qwen3-4B-Base_HintGen-STaR.03.01_1e-6,x1_g_curve,6,0.09815488419646794
CohenQu--Qwen3-4B-Base_HintGen-STaR.03.01_1e-6,x1_g_curve,7,0.12132234808883977
CohenQu--Qwen3-4B-Base_HintGen-STaR.03.01_1e-6,x1_g_curve,8,0.14733177778367434
CohenQu--Qwen3-4B-Base_HintGen-STaR.03.01_1e-6,x1_g_curve,9,0.20386424882018978
CohenQu--Qwen3-4B-Base_HintGen-STaR.03.01_1e-6,x1_g_curve,10,0.20010709280135686
CohenQu--Qwen3-4B-Base_HintGen-STaR.03.01_1e-6,x1_g_curve,11,0.18524525429659222
CohenQu--Qwen3-4B-Base_HintGen-STaR.03.01_1e-6,x1_g_curve,12,0.1834432847195989
CohenQu--Qwen3-4B-Base_HintGen-STaR.03.01_1e-6,x1_g_curve,13,0.1794955357845544
CohenQu--Qwen3-4B-Base_HintGen-STaR.03.01_1e-6,x1_g_curve,14,0.18226298471310792
CohenQu--Qwen3-4B-Base_HintGen-STaR.03.01_1e-6,x1_g_curve,15,0.16219290442706288
CohenQu--Qwen3-4B-Base_HintGen-STaR.03.01_1e-6,x1_g_curve,16,0.17358017083427443
CohenQu--Qwen3-4B-Base_HintGen-STaR.03.01_1e-6,x1_g_curve,17,0.18889394066955645
CohenQu--Qwen3-4B-Base_HintGen-STaR.03.01_1e-6,x1_g_curve,18,0.2017636948257458
CohenQu--Qwen3-4B-Base_HintGen-STaR.03.01_1e-6,x1_g_curve,19,0.22056115900186224
CohenQu--Qwen3-4B-Base_HintGen-STaR.03.01_1e-6,x1_g_curve,20,0.2438376803727124
CohenQu--Qwen3-4B-Base_HintGen-STaR.03.01_1e-6,x1_g_curve,21,0.2564320555658377
CohenQu--Qwen3-4B-Base_HintGen-STaR.03.01_1e-6,x1_g_curve,22,0.28676829769847084
CohenQu--Qwen3-4B-Base_HintGen-STaR.03.01_1e-6,x1_g_curve,23,0.3712436602766884
CohenQu--Qwen3-4B-Base_HintGen-STaR.03.01_1e-6,x1_g_curve,24,0.4194806967331862
CohenQu--Qwen3-4B-Base_HintGen-STaR.03.01_1e-6,x1_g_curve,25,0.3957842498813705
CohenQu--Qwen3-4B-Base_HintGen-STaR.03.01_1e-6,x1_g_curve,26,0.3954235463145939
CohenQu--Qwen3-4B-Base_HintGen-STaR.03.01_1e-6,x1_g_curve,27,0.39454321840545736
CohenQu--Qwen3-4B-Base_HintGen-STaR.03.01_1e-6,x1_g_curve,28,0.4083227966796843
CohenQu--Qwen3-4B-Base_HintGen-STaR.03.01_1e-6,x1_g_curve,29,0.40561079483663753
CohenQu--Qwen3-4B-Base_HintGen-STaR.03.01_1e-6,x1_g_curve,30,0.3952109825937186
CohenQu--Qwen3-4B-Base_HintGen-STaR.03.01_1e-6,x1_g_curve,31,0.3972059586742808
CohenQu--Qwen3-4B-Base_HintGen-STaR.03.01_1e-6,x1_g_curve,32,0.39786494655091653
CohenQu--Qwen3-4B-Base_HintGen-STaR.03.01_1e-6,x1_g_curve,33,0.3735987838521961
CohenQu--Qwen3-4B-Base_HintGen-STaR.03.01_1e-6,x1_g_curve,34,0.3611478200380883
CohenQu--Qwen3-4B-Base_HintGen-STaR.03.01_1e-6,x1_g_curve,35,0.30759526099226275
CohenQu--Qwen3-4B-Base_HintGen-STaR.03.01_1e-6,x1_g_curve,36,0.3483900144266704
CohenQu--Qwen3-4B-Base_HintGen-STaR.03.01_1e-6,auroc_by_layer,0,0.5
CohenQu--Qwen3-4B-Base_HintGen-STaR.03.01_1e-6,auroc_by_layer,1,0.609375
CohenQu--Qwen3-4B-Base_HintGen-STaR.03.01_1e-6,auroc_by_layer,2,0.7009548611111112
CohenQu--Qwen3-4B-Base_HintGen-STaR.03.01_1e-6,auroc_by_layer,3,0.68359375
CohenQu--Qwen3-4B-Base_HintGen-STaR.03.01_1e-6,auroc_by_layer,4,0.9444444444444444
CohenQu--Qwen3-4B-Base_HintGen-STaR.03.01_1e-6,auroc_by_layer,5,0.9348958333333334
CohenQu--Qwen3-4B-Base_HintGen-STaR.03.01_1e-6,auroc_by_layer,6,0.9809027777777778
CohenQu--Qwen3-4B-Base_HintGen-STaR.03.01_1e-6,auroc_by_layer,7,0.9848090277777778
CohenQu--Qwen3-4B-Base_HintGen-STaR.03.01_1e-6,auroc_by_layer,8,0.9900173611111112
CohenQu--Qwen3-4B-Base_HintGen-STaR.03.01_1e-6,auroc_by_layer,9,0.9973958333333334
CohenQu--Qwen3-4B-Base_HintGen-STaR.03.01_1e-6,auroc_by_layer,10,0.9926215277777778
CohenQu--Qwen3-4B-Base_HintGen-STaR.03.01_1e-6,auroc_by_layer,11,0.9856770833333334
CohenQu--Qwen3-4B-Base_HintGen-STaR.03.01_1e-6,auroc_by_layer,12,0.9830729166666666
CohenQu--Qwen3-4B-Base_HintGen-STaR.03.01_1e-6,auroc_by_layer,13,0.9769965277777778
CohenQu--Qwen3-4B-Base_HintGen-STaR.03.01_1e-6,auroc_by_layer,14,0.9826388888888888
CohenQu--Qwen3-4B-Base_HintGen-STaR.03.01_1e-6,auroc_by_layer,15,0.9848090277777778
CohenQu--Qwen3-4B-Base_HintGen-STaR.03.01_1e-6,auroc_by_layer,16,0.98828125
CohenQu--Qwen3-4B-Base_HintGen-STaR.03.01_1e-6,auroc_by_layer,17,0.9878472222222222
CohenQu--Qwen3-4B-Base_HintGen-STaR.03.01_1e-6,auroc_by_layer,18,0.9891493055555556
CohenQu--Qwen3-4B-Base_HintGen-STaR.03.01_1e-6,auroc_by_layer,19,0.9904513888888888
CohenQu--Qwen3-4B-Base_HintGen-STaR.03.01_1e-6,auroc_by_layer,20,0.9861111111111112
CohenQu--Qwen3-4B-Base_HintGen-STaR.03.01_1e-6,auroc_by_layer,21,0.9887152777777778
CohenQu--Qwen3-4B-Base_HintGen-STaR.03.01_1e-6,auroc_by_layer,22,0.9852430555555556
CohenQu--Qwen3-4B-Base_HintGen-STaR.03.01_1e-6,auroc_by_layer,23,0.9991319444444444
CohenQu--Qwen3-4B-Base_HintGen-STaR.03.01_1e-6,auroc_by_layer,24,0.9973958333333334
CohenQu--Qwen3-4B-Base_HintGen-STaR.03.01_1e-6,auroc_by_layer,25,0.9986979166666666
CohenQu--Qwen3-4B-Base_HintGen-STaR.03.01_1e-6,auroc_by_layer,26,0.9995659722222222
CohenQu--Qwen3-4B-Base_HintGen-STaR.03.01_1e-6,auroc_by_layer,27,1.0
CohenQu--Qwen3-4B-Base_HintGen-STaR.03.01_1e-6,auroc_by_layer,28,1.0
CohenQu--Qwen3-4B-Base_HintGen-STaR.03.01_1e-6,auroc_by_layer,29,1.0
CohenQu--Qwen3-4B-Base_HintGen-STaR.03.01_1e-6,auroc_by_layer,30,0.9986979166666666
CohenQu--Qwen3-4B-Base_HintGen-STaR.03.01_1e-6,auroc_by_layer,31,0.9991319444444444
CohenQu--Qwen3-4B-Base_HintGen-STaR.03.01_1e-6,auroc_by_layer,32,0.9991319444444444
CohenQu--Qwen3-4B-Base_HintGen-STaR.03.01_1e-6,auroc_by_layer,33,0.9991319444444444
CohenQu--Qwen3-4B-Base_HintGen-STaR.03.01_1e-6,auroc_by_layer,34,0.9973958333333334
CohenQu--Qwen3-4B-Base_HintGen-STaR.03.01_1e-6,auroc_by_layer,35,0.9978298611111112
CohenQu--Qwen3-4B-Base_HintGen-STaR.03.01_1e-6,auroc_by_layer,36,0.98046875
CohenQu--Qwen3-4B-Base_HintGen-STaR.03.01_1e-6,cohen_by_layer,0,
CohenQu--Qwen3-4B-Base_HintGen-STaR.03.01_1e-6,cohen_by_layer,1,2.714460637193835
CohenQu--Qwen3-4B-Base_HintGen-STaR.03.01_1e-6,cohen_by_layer,2,4.043652542319888
CohenQu--Qwen3-4B-Base_HintGen-STaR.03.01_1e-6,cohen_by_layer,3,5.166258389272881
CohenQu--Qwen3-4B-Base_HintGen-STaR.03.01_1e-6,cohen_by_layer,4,5.081665644943735
CohenQu--Qwen3-4B-Base_HintGen-STaR.03.01_1e-6,cohen_by_layer,5,4.105056292465908
CohenQu--Qwen3-4B-Base_HintGen-STaR.03.01_1e-6,cohen_by_layer,6,3.4605561668029963
CohenQu--Qwen3-4B-Base_HintGen-STaR.03.01_1e-6,cohen_by_layer,7,3.2275578418233346
CohenQu--Qwen3-4B-Base_HintGen-STaR.03.01_1e-6,cohen_by_layer,8,3.5088508394001496
CohenQu--Qwen3-4B-Base_HintGen-STaR.03.01_1e-6,cohen_by_layer,9,3.8666555620803704
CohenQu--Qwen3-4B-Base_HintGen-STaR.03.01_1e-6,cohen_by_layer,10,3.7809311809317125
CohenQu--Qwen3-4B-Base_HintGen-STaR.03.01_1e-6,cohen_by_layer,11,3.7623315902914887
CohenQu--Qwen3-4B-Base_HintGen-STaR.03.01_1e-6,cohen_by_layer,12,3.65927513107652
CohenQu--Qwen3-4B-Base_HintGen-STaR.03.01_1e-6,cohen_by_layer,13,3.392683569254918
CohenQu--Qwen3-4B-Base_HintGen-STaR.03.01_1e-6,cohen_by_layer,14,3.665506928143263
CohenQu--Qwen3-4B-Base_HintGen-STaR.03.01_1e-6,cohen_by_layer,15,3.68890544913671
CohenQu--Qwen3-4B-Base_HintGen-STaR.03.01_1e-6,cohen_by_layer,16,3.9870233928787813
CohenQu--Qwen3-4B-Base_HintGen-STaR.03.01_1e-6,cohen_by_layer,17,4.053634594911609
CohenQu--Qwen3-4B-Base_HintGen-STaR.03.01_1e-6,cohen_by_layer,18,3.8792205497104666
CohenQu--Qwen3-4B-Base_HintGen-STaR.03.01_1e-6,cohen_by_layer,19,3.7263322377948684
CohenQu--Qwen3-4B-Base_HintGen-STaR.03.01_1e-6,cohen_by_layer,20,3.4122562776714362
CohenQu--Qwen3-4B-Base_HintGen-STaR.03.01_1e-6,cohen_by_layer,21,3.427750005626635
CohenQu--Qwen3-4B-Base_HintGen-STaR.03.01_1e-6,cohen_by_layer,22,3.240800707357396
CohenQu--Qwen3-4B-Base_HintGen-STaR.03.01_1e-6,cohen_by_layer,23,4.7578799527382545
CohenQu--Qwen3-4B-Base_HintGen-STaR.03.01_1e-6,cohen_by_layer,24,4.802340071395683
CohenQu--Qwen3-4B-Base_HintGen-STaR.03.01_1e-6,cohen_by_layer,25,4.951579392331604
CohenQu--Qwen3-4B-Base_HintGen-STaR.03.01_1e-6,cohen_by_layer,26,4.927345441385523
CohenQu--Qwen3-4B-Base_HintGen-STaR.03.01_1e-6,cohen_by_layer,27,4.880021042500117
CohenQu--Qwen3-4B-Base_HintGen-STaR.03.01_1e-6,cohen_by_layer,28,4.97522126638007
CohenQu--Qwen3-4B-Base_HintGen-STaR.03.01_1e-6,cohen_by_layer,29,5.013093603841252
CohenQu--Qwen3-4B-Base_HintGen-STaR.03.01_1e-6,cohen_by_layer,30,4.462245122656738
CohenQu--Qwen3-4B-Base_HintGen-STaR.03.01_1e-6,cohen_by_layer,31,4.44644507962378
CohenQu--Qwen3-4B-Base_HintGen-STaR.03.01_1e-6,cohen_by_layer,32,4.691873380311505
CohenQu--Qwen3-4B-Base_HintGen-STaR.03.01_1e-6,cohen_by_layer,33,4.672428424931255
CohenQu--Qwen3-4B-Base_HintGen-STaR.03.01_1e-6,cohen_by_layer,34,4.35584965224221
CohenQu--Qwen3-4B-Base_HintGen-STaR.03.01_1e-6,cohen_by_layer,35,4.422555339505613
CohenQu--Qwen3-4B-Base_HintGen-STaR.03.01_1e-6,cohen_by_layer,36,3.30667539507452
CohenQu--Qwen3-4B-Base_HintGen-STaR.03.01_1e-6,x2_wm_curve,0,0.9728282020677871
CohenQu--Qwen3-4B-Base_HintGen-STaR.03.01_1e-6,x2_wm_curve,1,1.4573337289070798
CohenQu--Qwen3-4B-Base_HintGen-STaR.03.01_1e-6,x2_wm_curve,2,1.6248828603835466
CohenQu--Qwen3-4B-Base_HintGen-STaR.03.01_1e-6,x2_wm_curve,3,1.2614470484192268
CohenQu--Qwen3-4B-Base_HintGen-STaR.03.01_1e-6,x2_wm_curve,4,1.2052302791462235
CohenQu--Qwen3-4B-Base_HintGen-STaR.03.01_1e-6,x2_wm_curve,5,1.1908781962107873
CohenQu--Qwen3-4B-Base_HintGen-STaR.03.01_1e-6,x2_wm_curve,6,1.0260267577931235
CohenQu--Qwen3-4B-Base_HintGen-STaR.03.01_1e-6,x2_wm_curve,7,1.0980648851817738
CohenQu--Qwen3-4B-Base_HintGen-STaR.03.01_1e-6,x2_wm_curve,8,1.0845021096708611
CohenQu--Qwen3-4B-Base_HintGen-STaR.03.01_1e-6,x2_wm_curve,9,1.0649746168671363
CohenQu--Qwen3-4B-Base_HintGen-STaR.03.01_1e-6,x2_wm_curve,10,1.087498001876722
CohenQu--Qwen3-4B-Base_HintGen-STaR.03.01_1e-6,x2_wm_curve,11,1.0851576357185024
CohenQu--Qwen3-4B-Base_HintGen-STaR.03.01_1e-6,x2_wm_curve,12,1.0914087153946803
CohenQu--Qwen3-4B-Base_HintGen-STaR.03.01_1e-6,x2_wm_curve,13,1.063711500440776
CohenQu--Qwen3-4B-Base_HintGen-STaR.03.01_1e-6,x2_wm_curve,14,1.0782578480552518
CohenQu--Qwen3-4B-Base_HintGen-STaR.03.01_1e-6,x2_wm_curve,15,1.1056706066904587
CohenQu--Qwen3-4B-Base_HintGen-STaR.03.01_1e-6,x2_wm_curve,16,1.111581442110096
CohenQu--Qwen3-4B-Base_HintGen-STaR.03.01_1e-6,x2_wm_curve,17,1.1037448298294747
CohenQu--Qwen3-4B-Base_HintGen-STaR.03.01_1e-6,x2_wm_curve,18,1.054306716899236
CohenQu--Qwen3-4B-Base_HintGen-STaR.03.01_1e-6,x2_wm_curve,19,1.0806532841558656
CohenQu--Qwen3-4B-Base_HintGen-STaR.03.01_1e-6,x2_wm_curve,20,1.034038411782026
CohenQu--Qwen3-4B-Base_HintGen-STaR.03.01_1e-6,x2_wm_curve,21,1.0292305657086827
CohenQu--Qwen3-4B-Base_HintGen-STaR.03.01_1e-6,x2_wm_curve,22,1.0689405923022255
CohenQu--Qwen3-4B-Base_HintGen-STaR.03.01_1e-6,x2_wm_curve,23,1.0061282977975035
CohenQu--Qwen3-4B-Base_HintGen-STaR.03.01_1e-6,x2_wm_curve,24,1.024659191770138
CohenQu--Qwen3-4B-Base_HintGen-STaR.03.01_1e-6,x2_wm_curve,25,1.0013763483104223
CohenQu--Qwen3-4B-Base_HintGen-STaR.03.01_1e-6,x2_wm_curve,26,0.9745410608093271
CohenQu--Qwen3-4B-Base_HintGen-STaR.03.01_1e-6,x2_wm_curve,27,0.9759666700195226
CohenQu--Qwen3-4B-Base_HintGen-STaR.03.01_1e-6,x2_wm_curve,28,0.9736574867954646
CohenQu--Qwen3-4B-Base_HintGen-STaR.03.01_1e-6,x2_wm_curve,29,0.9521689434255867
CohenQu--Qwen3-4B-Base_HintGen-STaR.03.01_1e-6,x2_wm_curve,30,0.9622443205259041
CohenQu--Qwen3-4B-Base_HintGen-STaR.03.01_1e-6,x2_wm_curve,31,0.9404766695092149
CohenQu--Qwen3-4B-Base_HintGen-STaR.03.01_1e-6,x2_wm_curve,32,0.9668389615361367
CohenQu--Qwen3-4B-Base_HintGen-STaR.03.01_1e-6,x2_wm_curve,33,0.9643837231751784
CohenQu--Qwen3-4B-Base_HintGen-STaR.03.01_1e-6,x2_wm_curve,34,1.0429989337122505
CohenQu--Qwen3-4B-Base_HintGen-STaR.03.01_1e-6,x2_wm_curve,35,1.0778892093298211
CohenQu--Qwen3-4B-Base_HintGen-STaR.03.01_1e-6,x8_drive_gap_curve,0,0.0
CohenQu--Qwen3-4B-Base_HintGen-STaR.03.01_1e-6,x8_drive_gap_curve,1,-0.08222598830858867
CohenQu--Qwen3-4B-Base_HintGen-STaR.03.01_1e-6,x8_drive_gap_curve,2,-0.07880945007006335
CohenQu--Qwen3-4B-Base_HintGen-STaR.03.01_1e-6,x8_drive_gap_curve,3,-0.07658076286315918
CohenQu--Qwen3-4B-Base_HintGen-STaR.03.01_1e-6,x8_drive_gap_curve,4,-0.07671666145324707
CohenQu--Qwen3-4B-Base_HintGen-STaR.03.01_1e-6,x8_drive_gap_curve,5,-0.06475541989008593
CohenQu--Qwen3-4B-Base_HintGen-STaR.03.01_1e-6,x8_drive_gap_curve,6,-0.1445551415284475
CohenQu--Qwen3-4B-Base_HintGen-STaR.03.01_1e-6,x8_drive_gap_curve,7,-0.397980918486913
CohenQu--Qwen3-4B-Base_HintGen-STaR.03.01_1e-6,x8_drive_gap_curve,8,-0.6431049704551697
CohenQu--Qwen3-4B-Base_HintGen-STaR.03.01_1e-6,x8_drive_gap_curve,9,-0.044008587797482734
CohenQu--Qwen3-4B-Base_HintGen-STaR.03.01_1e-6,x8_drive_gap_curve,10,-0.11400843660036708
CohenQu--Qwen3-4B-Base_HintGen-STaR.03.01_1e-6,x8_drive_gap_curve,11,-0.6058696856101353
CohenQu--Qwen3-4B-Base_HintGen-STaR.03.01_1e-6,x8_drive_gap_curve,12,-0.7253274222215017
CohenQu--Qwen3-4B-Base_HintGen-STaR.03.01_1e-6,x8_drive_gap_curve,13,0.0551972736914953
CohenQu--Qwen3-4B-Base_HintGen-STaR.03.01_1e-6,x8_drive_gap_curve,14,-0.28277265528837825
CohenQu--Qwen3-4B-Base_HintGen-STaR.03.01_1e-6,x8_drive_gap_curve,15,0.0803784728050232
CohenQu--Qwen3-4B-Base_HintGen-STaR.03.01_1e-6,x8_drive_gap_curve,16,-0.026048044363657485
CohenQu--Qwen3-4B-Base_HintGen-STaR.03.01_1e-6,x8_drive_gap_curve,17,-0.631834050019582
CohenQu--Qwen3-4B-Base_HintGen-STaR.03.01_1e-6,x8_drive_gap_curve,18,-0.32664962609608966
CohenQu--Qwen3-4B-Base_HintGen-STaR.03.01_1e-6,x8_drive_gap_curve,19,-0.36586991945902514
CohenQu--Qwen3-4B-Base_HintGen-STaR.03.01_1e-6,x8_drive_gap_curve,20,-0.7657868464787801
CohenQu--Qwen3-4B-Base_HintGen-STaR.03.01_1e-6,x8_drive_gap_curve,21,-0.48611392577489215
CohenQu--Qwen3-4B-Base_HintGen-STaR.03.01_1e-6,x8_drive_gap_curve,22,-0.34320353468259174
CohenQu--Qwen3-4B-Base_HintGen-STaR.03.01_1e-6,x8_drive_gap_curve,23,-2.1427189906438193
CohenQu--Qwen3-4B-Base_HintGen-STaR.03.01_1e-6,x8_drive_gap_curve,24,-3.6927588383356733
CohenQu--Qwen3-4B-Base_HintGen-STaR.03.01_1e-6,x8_drive_gap_curve,25,-3.1851866145928702
CohenQu--Qwen3-4B-Base_HintGen-STaR.03.01_1e-6,x8_drive_gap_curve,26,-3.791159967581431
CohenQu--Qwen3-4B-Base_HintGen-STaR.03.01_1e-6,x8_drive_gap_curve,27,-3.3471726973851523
CohenQu--Qwen3-4B-Base_HintGen-STaR.03.01_1e-6,x8_drive_gap_curve,28,-3.4536402324835462
CohenQu--Qwen3-4B-Base_HintGen-STaR.03.01_1e-6,x8_drive_gap_curve,29,-3.784805138905843
CohenQu--Qwen3-4B-Base_HintGen-STaR.03.01_1e-6,x8_drive_gap_curve,30,-2.059821685155233
CohenQu--Qwen3-4B-Base_HintGen-STaR.03.01_1e-6,x8_drive_gap_curve,31,-0.24492808183034254
CohenQu--Qwen3-4B-Base_HintGen-STaR.03.01_1e-6,x8_drive_gap_curve,32,-0.22322217623392748
CohenQu--Qwen3-4B-Base_HintGen-STaR.03.01_1e-6,x8_drive_gap_curve,33,1.4006340305010478
CohenQu--Qwen3-4B-Base_HintGen-STaR.03.01_1e-6,x8_drive_gap_curve,34,1.4591809312502542
CohenQu--Qwen3-4B-Base_HintGen-STaR.03.01_1e-6,x8_drive_gap_curve,35,2.5671970546245575
CohenQu--Qwen3-4B-Base_HintGen-STaR.03.01_1e-6,x8_drive_gap_curve,36,1.9611197511355083
CohenQu--Qwen3-4B-Base_HintGen-STaR.03.01_1e-6,x10_scar_curve,0,0.15730297199548024
CohenQu--Qwen3-4B-Base_HintGen-STaR.03.01_1e-6,x10_scar_curve,1,0.2021436014865795
CohenQu--Qwen3-4B-Base_HintGen-STaR.03.01_1e-6,x10_scar_curve,2,0.21074223976124545
CohenQu--Qwen3-4B-Base_HintGen-STaR.03.01_1e-6,x10_scar_curve,3,0.14467255774313886
CohenQu--Qwen3-4B-Base_HintGen-STaR.03.01_1e-6,x10_scar_curve,4,0.17065414456145347
CohenQu--Qwen3-4B-Base_HintGen-STaR.03.01_1e-6,x10_scar_curve,5,0.12803996454069186
CohenQu--Qwen3-4B-Base_HintGen-STaR.03.01_1e-6,x10_scar_curve,6,0.3504023081846607
CohenQu--Qwen3-4B-Base_HintGen-STaR.03.01_1e-6,x10_scar_curve,7,0.32172313269960195
CohenQu--Qwen3-4B-Base_HintGen-STaR.03.01_1e-6,x10_scar_curve,8,0.436285543057546
CohenQu--Qwen3-4B-Base_HintGen-STaR.03.01_1e-6,x10_scar_curve,9,0.6871583872275534
CohenQu--Qwen3-4B-Base_HintGen-STaR.03.01_1e-6,x10_scar_curve,10,0.6870253722460302
CohenQu--Qwen3-4B-Base_HintGen-STaR.03.01_1e-6,x10_scar_curve,11,0.7283921597464581
CohenQu--Qwen3-4B-Base_HintGen-STaR.03.01_1e-6,x10_scar_curve,12,0.4205492267535658
CohenQu--Qwen3-4B-Base_HintGen-STaR.03.01_1e-6,x10_scar_curve,13,0.6339204565735079
CohenQu--Qwen3-4B-Base_HintGen-STaR.03.01_1e-6,x10_scar_curve,14,0.5933618357321737
CohenQu--Qwen3-4B-Base_HintGen-STaR.03.01_1e-6,x10_scar_curve,15,0.43414604552556696
CohenQu--Qwen3-4B-Base_HintGen-STaR.03.01_1e-6,x10_scar_curve,16,0.43146591658574857
CohenQu--Qwen3-4B-Base_HintGen-STaR.03.01_1e-6,x10_scar_curve,17,0.4461855615750569
CohenQu--Qwen3-4B-Base_HintGen-STaR.03.01_1e-6,x10_scar_curve,18,0.43123456460185977
CohenQu--Qwen3-4B-Base_HintGen-STaR.03.01_1e-6,x10_scar_curve,19,0.25900724495783767
CohenQu--Qwen3-4B-Base_HintGen-STaR.03.01_1e-6,x10_scar_curve,20,0.39685194086524267
CohenQu--Qwen3-4B-Base_HintGen-STaR.03.01_1e-6,x10_scar_curve,21,0.4161053707833489
CohenQu--Qwen3-4B-Base_HintGen-STaR.03.01_1e-6,x10_scar_curve,22,0.1775000959697216
CohenQu--Qwen3-4B-Base_HintGen-STaR.03.01_1e-6,x10_scar_curve,23,0.21536469199194216
CohenQu--Qwen3-4B-Base_HintGen-STaR.03.01_1e-6,x10_scar_curve,24,0.25066278429110134
CohenQu--Qwen3-4B-Base_HintGen-STaR.03.01_1e-6,x10_scar_curve,25,0.29992740707690285
CohenQu--Qwen3-4B-Base_HintGen-STaR.03.01_1e-6,x10_scar_curve,26,0.3298702426295595
CohenQu--Qwen3-4B-Base_HintGen-STaR.03.01_1e-6,x10_scar_curve,27,0.38008569696631345
CohenQu--Qwen3-4B-Base_HintGen-STaR.03.01_1e-6,x10_scar_curve,28,0.5168417336186221
CohenQu--Qwen3-4B-Base_HintGen-STaR.03.01_1e-6,x10_scar_curve,29,0.5506035848638401
CohenQu--Qwen3-4B-Base_HintGen-STaR.03.01_1e-6,x10_scar_curve,30,0.4929213025187516
CohenQu--Qwen3-4B-Base_HintGen-STaR.03.01_1e-6,x10_scar_curve,31,0.6734245126488285
CohenQu--Qwen3-4B-Base_HintGen-STaR.03.01_1e-6,x10_scar_curve,32,0.5704537852906758
CohenQu--Qwen3-4B-Base_HintGen-STaR.03.01_1e-6,x10_scar_curve,33,0.5182541087180097
CohenQu--Qwen3-4B-Base_HintGen-STaR.03.01_1e-6,x10_scar_curve,34,0.2860073897908882
CohenQu--Qwen3-4B-Base_HintGen-STaR.03.01_1e-6,x10_scar_curve,35,0.06064049257971127
CohenQu--Qwen3-4B-Base_HintGen-STaR.03.01_1e-6,x10_z_curve,0,-1.152735293474362
CohenQu--Qwen3-4B-Base_HintGen-STaR.03.01_1e-6,x10_z_curve,1,-0.9452937991770765
CohenQu--Qwen3-4B-Base_HintGen-STaR.03.01_1e-6,x10_z_curve,2,-0.9055148221006596
CohenQu--Qwen3-4B-Base_HintGen-STaR.03.01_1e-6,x10_z_curve,3,-1.2111660522713477
CohenQu--Qwen3-4B-Base_HintGen-STaR.03.01_1e-6,x10_z_curve,4,-1.0909701661971865
CohenQu--Qwen3-4B-Base_HintGen-STaR.03.01_1e-6,x10_z_curve,5,-1.288111671169034
CohenQu--Qwen3-4B-Base_HintGen-STaR.03.01_1e-6,x10_z_curve,6,-0.259420117003687
CohenQu--Qwen3-4B-Base_HintGen-STaR.03.01_1e-6,x10_z_curve,7,-0.3920955741806558
CohenQu--Qwen3-4B-Base_HintGen-STaR.03.01_1e-6,x10_z_curve,8,0.13789247158636472
CohenQu--Qwen3-4B-Base_HintGen-STaR.03.01_1e-6,x10_z_curve,9,1.2984791596828473
CohenQu--Qwen3-4B-Base_HintGen-STaR.03.01_1e-6,x10_z_curve,10,1.297863806445298
CohenQu--Qwen3-4B-Base_HintGen-STaR.03.01_1e-6,x10_z_curve,11,1.4892346304224766
CohenQu--Qwen3-4B-Base_HintGen-STaR.03.01_1e-6,x10_z_curve,12,0.06509320436197492
CohenQu--Qwen3-4B-Base_HintGen-STaR.03.01_1e-6,x10_z_curve,13,1.0521901130412832
CohenQu--Qwen3-4B-Base_HintGen-STaR.03.01_1e-6,x10_z_curve,14,0.8645580255918093
CohenQu--Qwen3-4B-Base_HintGen-STaR.03.01_1e-6,x10_z_curve,15,0.1279947388801995
CohenQu--Qwen3-4B-Base_HintGen-STaR.03.01_1e-6,x10_z_curve,16,0.11559593987815413
CohenQu--Qwen3-4B-Base_HintGen-STaR.03.01_1e-6,x10_z_curve,17,0.1836918873874052
CohenQu--Qwen3-4B-Base_HintGen-STaR.03.01_1e-6,x10_z_curve,18,0.11452566049556742
CohenQu--Qwen3-4B-Base_HintGen-STaR.03.01_1e-6,x10_z_curve,19,-0.6822314981626065
CohenQu--Qwen3-4B-Base_HintGen-STaR.03.01_1e-6,x10_z_curve,20,-0.04453506025548549
CohenQu--Qwen3-4B-Base_HintGen-STaR.03.01_1e-6,x10_z_curve,21,0.044535060255485745
CohenQu--Qwen3-4B-Base_HintGen-STaR.03.01_1e-6,x10_z_curve,22,-1.0592994602741208
CohenQu--Qwen3-4B-Base_HintGen-STaR.03.01_1e-6,x10_z_curve,23,-0.884130456873497
CohenQu--Qwen3-4B-Base_HintGen-STaR.03.01_1e-6,x10_z_curve,24,-0.7208346000694676
CohenQu--Qwen3-4B-Base_HintGen-STaR.03.01_1e-6,x10_z_curve,25,-0.492926850275114
CohenQu--Qwen3-4B-Base_HintGen-STaR.03.01_1e-6,x10_z_curve,26,-0.35440545525825945
CohenQu--Qwen3-4B-Base_HintGen-STaR.03.01_1e-6,x10_z_curve,27,-0.12209897333206259
CohenQu--Qwen3-4B-Base_HintGen-STaR.03.01_1e-6,x10_z_curve,28,0.5105611146125185
CohenQu--Qwen3-4B-Base_HintGen-STaR.03.01_1e-6,x10_z_curve,29,0.6667500207905839
CohenQu--Qwen3-4B-Base_HintGen-STaR.03.01_1e-6,x10_z_curve,30,0.39990053674134146
CohenQu--Qwen3-4B-Base_HintGen-STaR.03.01_1e-6,x10_z_curve,31,1.2349435782818838
CohenQu--Qwen3-4B-Base_HintGen-STaR.03.01_1e-6,x10_z_curve,32,0.7585809180232104
CohenQu--Qwen3-4B-Base_HintGen-STaR.03.01_1e-6,x10_z_curve,33,0.5170950371834183
CohenQu--Qwen3-4B-Base_HintGen-STaR.03.01_1e-6,x10_z_curve,34,-0.5573235641309734
CohenQu--Qwen3-4B-Base_HintGen-STaR.03.01_1e-6,x10_z_curve,35,-1.5999147688755253
CohenQu--Qwen3-4B-Base_HintGen-STaR.03.01_1e-6,x10_sigma_min_curve,0,1.075137972831726
CohenQu--Qwen3-4B-Base_HintGen-STaR.03.01_1e-6,x10_sigma_min_curve,1,0.776356041431427
CohenQu--Qwen3-4B-Base_HintGen-STaR.03.01_1e-6,x10_sigma_min_curve,2,0.7708350419998169
CohenQu--Qwen3-4B-Base_HintGen-STaR.03.01_1e-6,x10_sigma_min_curve,3,0.9813701510429382
CohenQu--Qwen3-4B-Base_HintGen-STaR.03.01_1e-6,x10_sigma_min_curve,4,0.9805017113685608
CohenQu--Qwen3-4B-Base_HintGen-STaR.03.01_1e-6,x10_sigma_min_curve,5,1.0917490720748901
CohenQu--Qwen3-4B-Base_HintGen-STaR.03.01_1e-6,x10_sigma_min_curve,6,0.6771737337112427
CohenQu--Qwen3-4B-Base_HintGen-STaR.03.01_1e-6,x10_sigma_min_curve,7,0.7241547703742981
CohenQu--Qwen3-4B-Base_HintGen-STaR.03.01_1e-6,x10_sigma_min_curve,8,0.571851372718811
CohenQu--Qwen3-4B-Base_HintGen-STaR.03.01_1e-6,x10_sigma_min_curve,9,0.30834782123565674
CohenQu--Qwen3-4B-Base_HintGen-STaR.03.01_1e-6,x10_sigma_min_curve,10,0.3157578706741333
CohenQu--Qwen3-4B-Base_HintGen-STaR.03.01_1e-6,x10_sigma_min_curve,11,0.2904711365699768
CohenQu--Qwen3-4B-Base_HintGen-STaR.03.01_1e-6,x10_sigma_min_curve,12,0.5932672619819641
CohenQu--Qwen3-4B-Base_HintGen-STaR.03.01_1e-6,x10_sigma_min_curve,13,0.3619938790798187
CohenQu--Qwen3-4B-Base_HintGen-STaR.03.01_1e-6,x10_sigma_min_curve,14,0.39279842376708984
CohenQu--Qwen3-4B-Base_HintGen-STaR.03.01_1e-6,x10_sigma_min_curve,15,0.5586926341056824
CohenQu--Qwen3-4B-Base_HintGen-STaR.03.01_1e-6,x10_sigma_min_curve,16,0.5605143904685974
CohenQu--Qwen3-4B-Base_HintGen-STaR.03.01_1e-6,x10_sigma_min_curve,17,0.5404390692710876
CohenQu--Qwen3-4B-Base_HintGen-STaR.03.01_1e-6,x10_sigma_min_curve,18,0.5587188005447388
CohenQu--Qwen3-4B-Base_HintGen-STaR.03.01_1e-6,x10_sigma_min_curve,19,0.8325919508934021
CohenQu--Qwen3-4B-Base_HintGen-STaR.03.01_1e-6,x10_sigma_min_curve,20,0.6056612133979797
CohenQu--Qwen3-4B-Base_HintGen-STaR.03.01_1e-6,x10_sigma_min_curve,21,0.5798042416572571
CohenQu--Qwen3-4B-Base_HintGen-STaR.03.01_1e-6,x10_sigma_min_curve,22,1.014199137687683
CohenQu--Qwen3-4B-Base_HintGen-STaR.03.01_1e-6,x10_sigma_min_curve,23,0.9420158863067627
CohenQu--Qwen3-4B-Base_HintGen-STaR.03.01_1e-6,x10_sigma_min_curve,24,0.87790846824646
CohenQu--Qwen3-4B-Base_HintGen-STaR.03.01_1e-6,x10_sigma_min_curve,25,0.7832711935043335
CohenQu--Qwen3-4B-Base_HintGen-STaR.03.01_1e-6,x10_sigma_min_curve,26,0.7421079874038696
CohenQu--Qwen3-4B-Base_HintGen-STaR.03.01_1e-6,x10_sigma_min_curve,27,0.662501335144043
CohenQu--Qwen3-4B-Base_HintGen-STaR.03.01_1e-6,x10_sigma_min_curve,28,0.48693498969078064
CohenQu--Qwen3-4B-Base_HintGen-STaR.03.01_1e-6,x10_sigma_min_curve,29,0.46074676513671875
CohenQu--Qwen3-4B-Base_HintGen-STaR.03.01_1e-6,x10_sigma_min_curve,30,0.5298416018486023
CohenQu--Qwen3-4B-Base_HintGen-STaR.03.01_1e-6,x10_sigma_min_curve,31,0.35740962624549866
CohenQu--Qwen3-4B-Base_HintGen-STaR.03.01_1e-6,x10_sigma_min_curve,32,0.4532257318496704
CohenQu--Qwen3-4B-Base_HintGen-STaR.03.01_1e-6,x10_sigma_min_curve,33,0.5129414796829224
CohenQu--Qwen3-4B-Base_HintGen-STaR.03.01_1e-6,x10_sigma_min_curve,34,0.8358725309371948
CohenQu--Qwen3-4B-Base_HintGen-STaR.03.01_1e-6,x10_sigma_min_curve,35,1.3498551845550537
CohenQu--Qwen3-4B-Base_HintGen-STaR.03.01_1e-6,x10_sigma_mp_curve,0,1.5444262444540349
CohenQu--Qwen3-4B-Base_HintGen-STaR.03.01_1e-6,x10_sigma_mp_curve,1,1.2365296611498704
CohenQu--Qwen3-4B-Base_HintGen-STaR.03.01_1e-6,x10_sigma_mp_curve,2,1.2522864721434666
CohenQu--Qwen3-4B-Base_HintGen-STaR.03.01_1e-6,x10_sigma_mp_curve,3,1.3693214215102176
CohenQu--Qwen3-4B-Base_HintGen-STaR.03.01_1e-6,x10_sigma_mp_curve,4,1.4524543800700453
CohenQu--Qwen3-4B-Base_HintGen-STaR.03.01_1e-6,x10_sigma_mp_curve,5,1.4660973069778056
CohenQu--Qwen3-4B-Base_HintGen-STaR.03.01_1e-6,x10_sigma_mp_curve,6,1.5174081505458759
CohenQu--Qwen3-4B-Base_HintGen-STaR.03.01_1e-6,x10_sigma_mp_curve,7,1.5189886494740925
CohenQu--Qwen3-4B-Base_HintGen-STaR.03.01_1e-6,x10_sigma_mp_curve,8,1.561596083178232
CohenQu--Qwen3-4B-Base_HintGen-STaR.03.01_1e-6,x10_sigma_mp_curve,9,1.5003731074915276
CohenQu--Qwen3-4B-Base_HintGen-STaR.03.01_1e-6,x10_sigma_mp_curve,10,1.5359587662832492
CohenQu--Qwen3-4B-Base_HintGen-STaR.03.01_1e-6,x10_sigma_mp_curve,11,1.5541579123736584
CohenQu--Qwen3-4B-Base_HintGen-STaR.03.01_1e-6,x10_sigma_mp_curve,12,1.5624265501477628
CohenQu--Qwen3-4B-Base_HintGen-STaR.03.01_1e-6,x10_sigma_mp_curve,13,1.558194559736373
CohenQu--Qwen3-4B-Base_HintGen-STaR.03.01_1e-6,x10_sigma_mp_curve,14,1.5400384788593626
CohenQu--Qwen3-4B-Base_HintGen-STaR.03.01_1e-6,x10_sigma_mp_curve,15,1.518165056625242
CohenQu--Qwen3-4B-Base_HintGen-STaR.03.01_1e-6,x10_sigma_mp_curve,16,1.5137448673706697
CohenQu--Qwen3-4B-Base_HintGen-STaR.03.01_1e-6,x10_sigma_mp_curve,17,1.5098447700201092
CohenQu--Qwen3-4B-Base_HintGen-STaR.03.01_1e-6,x10_sigma_mp_curve,18,1.5080920479407378
CohenQu--Qwen3-4B-Base_HintGen-STaR.03.01_1e-6,x10_sigma_mp_curve,19,1.5116089441952916
CohenQu--Qwen3-4B-Base_HintGen-STaR.03.01_1e-6,x10_sigma_mp_curve,20,1.5103642699661106
CohenQu--Qwen3-4B-Base_HintGen-STaR.03.01_1e-6,x10_sigma_mp_curve,21,1.5114255481348513
CohenQu--Qwen3-4B-Base_HintGen-STaR.03.01_1e-6,x10_sigma_mp_curve,22,1.526241762365041
CohenQu--Qwen3-4B-Base_HintGen-STaR.03.01_1e-6,x10_sigma_mp_curve,23,1.546759951520683
CohenQu--Qwen3-4B-Base_HintGen-STaR.03.01_1e-6,x10_sigma_mp_curve,24,1.5635508950846602
CohenQu--Qwen3-4B-Base_HintGen-STaR.03.01_1e-6,x10_sigma_mp_curve,25,1.5625702871860128
CohenQu--Qwen3-4B-Base_HintGen-STaR.03.01_1e-6,x10_sigma_mp_curve,26,1.5861247743688314
CohenQu--Qwen3-4B-Base_HintGen-STaR.03.01_1e-6,x10_sigma_mp_curve,27,1.5895436366880917
CohenQu--Qwen3-4B-Base_HintGen-STaR.03.01_1e-6,x10_sigma_mp_curve,28,1.6007102148866876
CohenQu--Qwen3-4B-Base_HintGen-STaR.03.01_1e-6,x10_sigma_mp_curve,29,1.6370648345809569
CohenQu--Qwen3-4B-Base_HintGen-STaR.03.01_1e-6,x10_sigma_mp_curve,30,1.6484180355313958
CohenQu--Qwen3-4B-Base_HintGen-STaR.03.01_1e-6,x10_sigma_mp_curve,31,1.6849645104875
CohenQu--Qwen3-4B-Base_HintGen-STaR.03.01_1e-6,x10_sigma_mp_curve,32,1.685653645810149
CohenQu--Qwen3-4B-Base_HintGen-STaR.03.01_1e-6,x10_sigma_mp_curve,33,1.6916944674858114
CohenQu--Qwen3-4B-Base_HintGen-STaR.03.01_1e-6,x10_sigma_mp_curve,34,1.6149067252445777
CohenQu--Qwen3-4B-Base_HintGen-STaR.03.01_1e-6,x10_sigma_mp_curve,35,1.5521284930417716
Damien420--granite-3.2-2b-instruct-abliterated,x1_g_curve,0,0.0
Damien420--granite-3.2-2b-instruct-abliterated,x1_g_curve,1,0.01567966418913903
Damien420--granite-3.2-2b-instruct-abliterated,x1_g_curve,2,0.04895674887751613
Damien420--granite-3.2-2b-instruct-abliterated,x1_g_curve,3,0.05197499464598738
Damien420--granite-3.2-2b-instruct-abliterated,x1_g_curve,4,0.09103768279664878
Damien420--granite-3.2-2b-instruct-abliterated,x1_g_curve,5,0.15182996537656754
Damien420--granite-3.2-2b-instruct-abliterated,x1_g_curve,6,0.19476197870049541
Damien420--granite-3.2-2b-instruct-abliterated,x1_g_curve,7,0.23097918112404686
Damien420--granite-3.2-2b-instruct-abliterated,x1_g_curve,8,0.25817419765249033
Damien420--granite-3.2-2b-instruct-abliterated,x1_g_curve,9,0.24009037279350068
Damien420--granite-3.2-2b-instruct-abliterated,x1_g_curve,10,0.27242489914051077
Damien420--granite-3.2-2b-instruct-abliterated,x1_g_curve,11,0.28395079707117127
Damien420--granite-3.2-2b-instruct-abliterated,x1_g_curve,12,0.3073254504688025
Damien420--granite-3.2-2b-instruct-abliterated,x1_g_curve,13,0.3292149904551518
Damien420--granite-3.2-2b-instruct-abliterated,x1_g_curve,14,0.3768871671570981
Damien420--granite-3.2-2b-instruct-abliterated,x1_g_curve,15,0.3991953769153939
Damien420--granite-3.2-2b-instruct-abliterated,x1_g_curve,16,0.44565884451632315
Damien420--granite-3.2-2b-instruct-abliterated,x1_g_curve,17,0.44058756125303744
Damien420--granite-3.2-2b-instruct-abliterated,x1_g_curve,18,0.4935113766808749
Damien420--granite-3.2-2b-instruct-abliterated,x1_g_curve,19,0.47653297135023676
Damien420--granite-3.2-2b-instruct-abliterated,x1_g_curve,20,0.49353256955364355
Damien420--granite-3.2-2b-instruct-abliterated,x1_g_curve,21,0.540902422995194
Damien420--granite-3.2-2b-instruct-abliterated,x1_g_curve,22,0.5892915874695562
Damien420--granite-3.2-2b-instruct-abliterated,x1_g_curve,23,0.6070812372278229
Damien420--granite-3.2-2b-instruct-abliterated,x1_g_curve,24,0.6299103834221613
Damien420--granite-3.2-2b-instruct-abliterated,x1_g_curve,25,0.6118590317253528
Damien420--granite-3.2-2b-instruct-abliterated,x1_g_curve,26,0.6606301549118472
Damien420--granite-3.2-2b-instruct-abliterated,x1_g_curve,27,0.6620937782608822
Damien420--granite-3.2-2b-instruct-abliterated,x1_g_curve,28,0.6759975556464813
Damien420--granite-3.2-2b-instruct-abliterated,x1_g_curve,29,0.7269950655176274
Damien420--granite-3.2-2b-instruct-abliterated,x1_g_curve,30,0.7425644195579787
Damien420--granite-3.2-2b-instruct-abliterated,x1_g_curve,31,0.7958008750658662
Damien420--granite-3.2-2b-instruct-abliterated,x1_g_curve,32,0.8243669756248047
Damien420--granite-3.2-2b-instruct-abliterated,x1_g_curve,33,0.8305653246580026
Damien420--granite-3.2-2b-instruct-abliterated,x1_g_curve,34,0.7937878519683615
Damien420--granite-3.2-2b-instruct-abliterated,x1_g_curve,35,0.7312484028012662
Damien420--granite-3.2-2b-instruct-abliterated,x1_g_curve,36,0.6913202771665125
Damien420--granite-3.2-2b-instruct-abliterated,x1_g_curve,37,0.6796973574247794
Damien420--granite-3.2-2b-instruct-abliterated,x1_g_curve,38,0.6460356561717883
Damien420--granite-3.2-2b-instruct-abliterated,x1_g_curve,39,0.6135865560978488
Damien420--granite-3.2-2b-instruct-abliterated,x1_g_curve,40,0.822244121859146
Damien420--granite-3.2-2b-instruct-abliterated,auroc_by_layer,0,0.5
Damien420--granite-3.2-2b-instruct-abliterated,auroc_by_layer,1,0.6106770833333334
Damien420--granite-3.2-2b-instruct-abliterated,auroc_by_layer,2,0.9236111111111112
Damien420--granite-3.2-2b-instruct-abliterated,auroc_by_layer,3,0.9956597222222222
Damien420--granite-3.2-2b-instruct-abliterated,auroc_by_layer,4,0.9947916666666666
Damien420--granite-3.2-2b-instruct-abliterated,auroc_by_layer,5,0.9874131944444444
Damien420--granite-3.2-2b-instruct-abliterated,auroc_by_layer,6,0.9986979166666666
Damien420--granite-3.2-2b-instruct-abliterated,auroc_by_layer,7,0.9891493055555556
Damien420--granite-3.2-2b-instruct-abliterated,auroc_by_layer,8,0.9991319444444444
Damien420--granite-3.2-2b-instruct-abliterated,auroc_by_layer,9,0.9848090277777778
Damien420--granite-3.2-2b-instruct-abliterated,auroc_by_layer,10,0.9921875
Damien420--granite-3.2-2b-instruct-abliterated,auroc_by_layer,11,0.9917534722222222
Damien420--granite-3.2-2b-instruct-abliterated,auroc_by_layer,12,0.9939236111111112
Damien420--granite-3.2-2b-instruct-abliterated,auroc_by_layer,13,0.9969618055555556
Damien420--granite-3.2-2b-instruct-abliterated,auroc_by_layer,14,0.9991319444444444
Damien420--granite-3.2-2b-instruct-abliterated,auroc_by_layer,15,0.9991319444444444
Damien420--granite-3.2-2b-instruct-abliterated,auroc_by_layer,16,0.9991319444444444
Damien420--granite-3.2-2b-instruct-abliterated,auroc_by_layer,17,0.9995659722222222
Damien420--granite-3.2-2b-instruct-abliterated,auroc_by_layer,18,0.9995659722222222
Damien420--granite-3.2-2b-instruct-abliterated,auroc_by_layer,19,0.9995659722222222
Damien420--granite-3.2-2b-instruct-abliterated,auroc_by_layer,20,1.0
Damien420--granite-3.2-2b-instruct-abliterated,auroc_by_layer,21,1.0
Damien420--granite-3.2-2b-instruct-abliterated,auroc_by_layer,22,1.0
Damien420--granite-3.2-2b-instruct-abliterated,auroc_by_layer,23,1.0
Damien420--granite-3.2-2b-instruct-abliterated,auroc_by_layer,24,1.0
Damien420--granite-3.2-2b-instruct-abliterated,auroc_by_layer,25,1.0
Damien420--granite-3.2-2b-instruct-abliterated,auroc_by_layer,26,1.0
Damien420--granite-3.2-2b-instruct-abliterated,auroc_by_layer,27,1.0
Damien420--granite-3.2-2b-instruct-abliterated,auroc_by_layer,28,1.0
Damien420--granite-3.2-2b-instruct-abliterated,auroc_by_layer,29,1.0
Damien420--granite-3.2-2b-instruct-abliterated,auroc_by_layer,30,1.0
Damien420--granite-3.2-2b-instruct-abliterated,auroc_by_layer,31,1.0
Damien420--granite-3.2-2b-instruct-abliterated,auroc_by_layer,32,1.0
Damien420--granite-3.2-2b-instruct-abliterated,auroc_by_layer,33,1.0
Damien420--granite-3.2-2b-instruct-abliterated,auroc_by_layer,34,1.0
Damien420--granite-3.2-2b-instruct-abliterated,auroc_by_layer,35,1.0
Damien420--granite-3.2-2b-instruct-abliterated,auroc_by_layer,36,1.0
Damien420--granite-3.2-2b-instruct-abliterated,auroc_by_layer,37,1.0
Damien420--granite-3.2-2b-instruct-abliterated,auroc_by_layer,38,1.0
Damien420--granite-3.2-2b-instruct-abliterated,auroc_by_layer,39,1.0
Damien420--granite-3.2-2b-instruct-abliterated,auroc_by_layer,40,1.0
Damien420--granite-3.2-2b-instruct-abliterated,cohen_by_layer,0,
Damien420--granite-3.2-2b-instruct-abliterated,cohen_by_layer,1,1.7678339907237854
Damien420--granite-3.2-2b-instruct-abliterated,cohen_by_layer,2,5.364684862271295
Damien420--granite-3.2-2b-instruct-abliterated,cohen_by_layer,3,4.735404246624702
Damien420--granite-3.2-2b-instruct-abliterated,cohen_by_layer,4,4.533875597310479
Damien420--granite-3.2-2b-instruct-abliterated,cohen_by_layer,5,3.981202723676914
Damien420--granite-3.2-2b-instruct-abliterated,cohen_by_layer,6,4.4633877110510785
Damien420--granite-3.2-2b-instruct-abliterated,cohen_by_layer,7,4.222785925982498
Damien420--granite-3.2-2b-instruct-abliterated,cohen_by_layer,8,5.048863384639042
Damien420--granite-3.2-2b-instruct-abliterated,cohen_by_layer,9,4.552442538314023
Damien420--granite-3.2-2b-instruct-abliterated,cohen_by_layer,10,5.233120639293923
Damien420--granite-3.2-2b-instruct-abliterated,cohen_by_layer,11,5.217556414798652
Damien420--granite-3.2-2b-instruct-abliterated,cohen_by_layer,12,5.079920824484169
Damien420--granite-3.2-2b-instruct-abliterated,cohen_by_layer,13,5.490264274036078
Damien420--granite-3.2-2b-instruct-abliterated,cohen_by_layer,14,6.298314036187595
Damien420--granite-3.2-2b-instruct-abliterated,cohen_by_layer,15,6.681881333748038
Damien420--granite-3.2-2b-instruct-abliterated,cohen_by_layer,16,5.802369714539963
Damien420--granite-3.2-2b-instruct-abliterated,cohen_by_layer,17,6.607767556049151
Damien420--granite-3.2-2b-instruct-abliterated,cohen_by_layer,18,6.8488681559502895
Damien420--granite-3.2-2b-instruct-abliterated,cohen_by_layer,19,7.173945811995962
Damien420--granite-3.2-2b-instruct-abliterated,cohen_by_layer,20,7.317199229061261
Damien420--granite-3.2-2b-instruct-abliterated,cohen_by_layer,21,6.917752836863881
Damien420--granite-3.2-2b-instruct-abliterated,cohen_by_layer,22,6.973968125489938
Damien420--granite-3.2-2b-instruct-abliterated,cohen_by_layer,23,7.285424259747802
Damien420--granite-3.2-2b-instruct-abliterated,cohen_by_layer,24,7.038819652960617
Damien420--granite-3.2-2b-instruct-abliterated,cohen_by_layer,25,7.391532332174899
Damien420--granite-3.2-2b-instruct-abliterated,cohen_by_layer,26,7.217089301919067
Damien420--granite-3.2-2b-instruct-abliterated,cohen_by_layer,27,7.103161672626129
Damien420--granite-3.2-2b-instruct-abliterated,cohen_by_layer,28,7.147140572170145
Damien420--granite-3.2-2b-instruct-abliterated,cohen_by_layer,29,6.991394868321848
Damien420--granite-3.2-2b-instruct-abliterated,cohen_by_layer,30,7.0686475090451095
Damien420--granite-3.2-2b-instruct-abliterated,cohen_by_layer,31,7.172508060497243
Damien420--granite-3.2-2b-instruct-abliterated,cohen_by_layer,32,7.399303976629439
Damien420--granite-3.2-2b-instruct-abliterated,cohen_by_layer,33,7.337487864877842
Damien420--granite-3.2-2b-instruct-abliterated,cohen_by_layer,34,7.598936720069506
Damien420--granite-3.2-2b-instruct-abliterated,cohen_by_layer,35,7.6611571182360505
Damien420--granite-3.2-2b-instruct-abliterated,cohen_by_layer,36,7.623853814253315
Damien420--granite-3.2-2b-instruct-abliterated,cohen_by_layer,37,7.983890934638148
Damien420--granite-3.2-2b-instruct-abliterated,cohen_by_layer,38,8.749560624694949
Damien420--granite-3.2-2b-instruct-abliterated,cohen_by_layer,39,8.960306105128517
Damien420--granite-3.2-2b-instruct-abliterated,cohen_by_layer,40,8.709728663630852
Damien420--granite-3.2-2b-instruct-abliterated,x2_wm_curve,0,1.1464379953797297
Damien420--granite-3.2-2b-instruct-abliterated,x2_wm_curve,1,1.2398839084379834
Damien420--granite-3.2-2b-instruct-abliterated,x2_wm_curve,2,1.3494182658395824
Damien420--granite-3.2-2b-instruct-abliterated,x2_wm_curve,3,1.61017092621329
Damien420--granite-3.2-2b-instruct-abliterated,x2_wm_curve,4,1.4115985749690638
Damien420--granite-3.2-2b-instruct-abliterated,x2_wm_curve,5,1.6461207835697929
Damien420--granite-3.2-2b-instruct-abliterated,x2_wm_curve,6,1.5372931605830433
Damien420--granite-3.2-2b-instruct-abliterated,x2_wm_curve,7,1.6631472767522408
Damien420--granite-3.2-2b-instruct-abliterated,x2_wm_curve,8,2.039123563482173
Damien420--granite-3.2-2b-instruct-abliterated,x2_wm_curve,9,1.867830048404969
Damien420--granite-3.2-2b-instruct-abliterated,x2_wm_curve,10,1.848203507876397
Damien420--granite-3.2-2b-instruct-abliterated,x2_wm_curve,11,1.8193638352780894
Damien420--granite-3.2-2b-instruct-abliterated,x2_wm_curve,12,2.1862778514670342
Damien420--granite-3.2-2b-instruct-abliterated,x2_wm_curve,13,2.175819834597444
Damien420--granite-3.2-2b-instruct-abliterated,x2_wm_curve,14,2.2430365833265964
Damien420--granite-3.2-2b-instruct-abliterated,x2_wm_curve,15,1.9078287332553392
Damien420--granite-3.2-2b-instruct-abliterated,x2_wm_curve,16,1.9546572913371552
Damien420--granite-3.2-2b-instruct-abliterated,x2_wm_curve,17,1.8264470082882192
Damien420--granite-3.2-2b-instruct-abliterated,x2_wm_curve,18,1.7989472683331396
Damien420--granite-3.2-2b-instruct-abliterated,x2_wm_curve,19,1.6415247063386225
Damien420--granite-3.2-2b-instruct-abliterated,x2_wm_curve,20,1.9646936898900422
Damien420--granite-3.2-2b-instruct-abliterated,x2_wm_curve,21,1.5323350731979304
Damien420--granite-3.2-2b-instruct-abliterated,x2_wm_curve,22,1.5187833103517427
Damien420--granite-3.2-2b-instruct-abliterated,x2_wm_curve,23,1.4954950812237864
Damien420--granite-3.2-2b-instruct-abliterated,x2_wm_curve,24,1.5688910166055339
Damien420--granite-3.2-2b-instruct-abliterated,x2_wm_curve,25,1.7311469871673373
Damien420--granite-3.2-2b-instruct-abliterated,x2_wm_curve,26,1.5406433707425526
Damien420--granite-3.2-2b-instruct-abliterated,x2_wm_curve,27,1.5156940617947576
Damien420--granite-3.2-2b-instruct-abliterated,x2_wm_curve,28,1.4416441932314195
Damien420--granite-3.2-2b-instruct-abliterated,x2_wm_curve,29,1.473406941919693
Damien420--granite-3.2-2b-instruct-abliterated,x2_wm_curve,30,1.5086086651081019
Damien420--granite-3.2-2b-instruct-abliterated,x2_wm_curve,31,1.527402676739819
Damien420--granite-3.2-2b-instruct-abliterated,x2_wm_curve,32,1.4699886952351737
Damien420--granite-3.2-2b-instruct-abliterated,x2_wm_curve,33,1.3827014943710934
Damien420--granite-3.2-2b-instruct-abliterated,x2_wm_curve,34,1.4079425581619176
Damien420--granite-3.2-2b-instruct-abliterated,x2_wm_curve,35,1.3751483631061707
Damien420--granite-3.2-2b-instruct-abliterated,x2_wm_curve,36,1.2906331918162928
Damien420--granite-3.2-2b-instruct-abliterated,x2_wm_curve,37,1.2463243077301525
Damien420--granite-3.2-2b-instruct-abliterated,x2_wm_curve,38,1.2840699038368832
Damien420--granite-3.2-2b-instruct-abliterated,x2_wm_curve,39,2.0894105593363093
Damien420--granite-3.2-2b-instruct-abliterated,x8_drive_gap_curve,0,0.0
Damien420--granite-3.2-2b-instruct-abliterated,x8_drive_gap_curve,1,-0.29992997646331787
Damien420--granite-3.2-2b-instruct-abliterated,x8_drive_gap_curve,2,-0.16357402006785016
Damien420--granite-3.2-2b-instruct-abliterated,x8_drive_gap_curve,3,0.07802720864613732
Damien420--granite-3.2-2b-instruct-abliterated,x8_drive_gap_curve,4,1.3839686711629238
Damien420--granite-3.2-2b-instruct-abliterated,x8_drive_gap_curve,5,2.396674633026123
Damien420--granite-3.2-2b-instruct-abliterated,x8_drive_gap_curve,6,-3.3366904656092324
Damien420--granite-3.2-2b-instruct-abliterated,x8_drive_gap_curve,7,1.6364083290100098
Damien420--granite-3.2-2b-instruct-abliterated,x8_drive_gap_curve,8,3.3697775999704995
Damien420--granite-3.2-2b-instruct-abliterated,x8_drive_gap_curve,9,2.486327250798543
Damien420--granite-3.2-2b-instruct-abliterated,x8_drive_gap_curve,10,3.7388484875361123
Damien420--granite-3.2-2b-instruct-abliterated,x8_drive_gap_curve,11,12.139423092206318
Damien420--granite-3.2-2b-instruct-abliterated,x8_drive_gap_curve,12,2.05096423625946
Damien420--granite-3.2-2b-instruct-abliterated,x8_drive_gap_curve,13,14.043748577435814
Damien420--granite-3.2-2b-instruct-abliterated,x8_drive_gap_curve,14,10.782105962435404
Damien420--granite-3.2-2b-instruct-abliterated,x8_drive_gap_curve,15,15.579525232315063
Damien420--granite-3.2-2b-instruct-abliterated,x8_drive_gap_curve,16,11.709274768829346
Damien420--granite-3.2-2b-instruct-abliterated,x8_drive_gap_curve,17,10.55661674340566
Damien420--granite-3.2-2b-instruct-abliterated,x8_drive_gap_curve,18,7.191439270973206
Damien420--granite-3.2-2b-instruct-abliterated,x8_drive_gap_curve,19,7.009425242741902
Damien420--granite-3.2-2b-instruct-abliterated,x8_drive_gap_curve,20,14.17777955532074
Damien420--granite-3.2-2b-instruct-abliterated,x8_drive_gap_curve,21,11.592428366343182
Damien420--granite-3.2-2b-instruct-abliterated,x8_drive_gap_curve,22,13.299357533454895
Damien420--granite-3.2-2b-instruct-abliterated,x8_drive_gap_curve,23,14.896760980288187
Damien420--granite-3.2-2b-instruct-abliterated,x8_drive_gap_curve,24,17.546133160591125
Damien420--granite-3.2-2b-instruct-abliterated,x8_drive_gap_curve,25,20.06323254108429
Damien420--granite-3.2-2b-instruct-abliterated,x8_drive_gap_curve,26,18.984331250190735
Damien420--granite-3.2-2b-instruct-abliterated,x8_drive_gap_curve,27,15.935307304064432
Damien420--granite-3.2-2b-instruct-abliterated,x8_drive_gap_curve,28,16.391826669375103
Damien420--granite-3.2-2b-instruct-abliterated,x8_drive_gap_curve,29,20.649234493573505
Damien420--granite-3.2-2b-instruct-abliterated,x8_drive_gap_curve,30,22.48880346616109
Damien420--granite-3.2-2b-instruct-abliterated,x8_drive_gap_curve,31,35.89474936326344
Damien420--granite-3.2-2b-instruct-abliterated,x8_drive_gap_curve,32,26.819308241208393
Damien420--granite-3.2-2b-instruct-abliterated,x8_drive_gap_curve,33,55.334855914115906
Damien420--granite-3.2-2b-instruct-abliterated,x8_drive_gap_curve,34,52.599656303723656
Damien420--granite-3.2-2b-instruct-abliterated,x8_drive_gap_curve,35,54.10109142462412
Damien420--granite-3.2-2b-instruct-abliterated,x8_drive_gap_curve,36,50.64981257915497
Damien420--granite-3.2-2b-instruct-abliterated,x8_drive_gap_curve,37,34.7514001528422
Damien420--granite-3.2-2b-instruct-abliterated,x8_drive_gap_curve,38,32.33257647355397
Damien420--granite-3.2-2b-instruct-abliterated,x8_drive_gap_curve,39,29.854203720887497
Damien420--granite-3.2-2b-instruct-abliterated,x8_drive_gap_curve,40,28.87967379887899
Damien420--granite-3.2-2b-instruct-abliterated,x10_scar_curve,0,0.16874281075506317
Damien420--granite-3.2-2b-instruct-abliterated,x10_scar_curve,1,0.344378706338011
Damien420--granite-3.2-2b-instruct-abliterated,x10_scar_curve,2,0.3327158086448298
Damien420--granite-3.2-2b-instruct-abliterated,x10_scar_curve,3,0.28246169025266143
Damien420--granite-3.2-2b-instruct-abliterated,x10_scar_curve,4,0.3492044182304765
Damien420--granite-3.2-2b-instruct-abliterated,x10_scar_curve,5,0.24483495998158983
Damien420--granite-3.2-2b-instruct-abliterated,x10_scar_curve,6,0.23767941530900744
Damien420--granite-3.2-2b-instruct-abliterated,x10_scar_curve,7,0.34514966377045164
Damien420--granite-3.2-2b-instruct-abliterated,x10_scar_curve,8,0.25616823622498214
Damien420--granite-3.2-2b-instruct-abliterated,x10_scar_curve,9,0.30474492772080597
Damien420--granite-3.2-2b-instruct-abliterated,x10_scar_curve,10,0.2638235499625348
Damien420--granite-3.2-2b-instruct-abliterated,x10_scar_curve,11,0.32971520733633314
Damien420--granite-3.2-2b-instruct-abliterated,x10_scar_curve,12,0.3717366111030477
Damien420--granite-3.2-2b-instruct-abliterated,x10_scar_curve,13,0.5721950549284888
Damien420--granite-3.2-2b-instruct-abliterated,x10_scar_curve,14,0.46698533954284493
Damien420--granite-3.2-2b-instruct-abliterated,x10_scar_curve,15,0.34442579930128614
Damien420--granite-3.2-2b-instruct-abliterated,x10_scar_curve,16,0.24198477162926865
Damien420--granite-3.2-2b-instruct-abliterated,x10_scar_curve,17,0.2755503423098925
Damien420--granite-3.2-2b-instruct-abliterated,x10_scar_curve,18,0.313065552302653
Damien420--granite-3.2-2b-instruct-abliterated,x10_scar_curve,19,0.3656776842202355
Damien420--granite-3.2-2b-instruct-abliterated,x10_scar_curve,20,0.3636151420623957
Damien420--granite-3.2-2b-instruct-abliterated,x10_scar_curve,21,0.3504814544969946
Damien420--granite-3.2-2b-instruct-abliterated,x10_scar_curve,22,0.31985428924797255
Damien420--granite-3.2-2b-instruct-abliterated,x10_scar_curve,23,0.36754160162467786
Damien420--granite-3.2-2b-instruct-abliterated,x10_scar_curve,24,0.34534730696150323
Damien420--granite-3.2-2b-instruct-abliterated,x10_scar_curve,25,0.3212318916379438
Damien420--granite-3.2-2b-instruct-abliterated,x10_scar_curve,26,0.3407406882925344
Damien420--granite-3.2-2b-instruct-abliterated,x10_scar_curve,27,0.4224591858289379
Damien420--granite-3.2-2b-instruct-abliterated,x10_scar_curve,28,0.4087288108258545
Damien420--granite-3.2-2b-instruct-abliterated,x10_scar_curve,29,0.36498708339836355
Damien420--granite-3.2-2b-instruct-abliterated,x10_scar_curve,30,0.2803661539330659
Damien420--granite-3.2-2b-instruct-abliterated,x10_scar_curve,31,0.28581508977468195
Damien420--granite-3.2-2b-instruct-abliterated,x10_scar_curve,32,0.16690361007658713
Damien420--granite-3.2-2b-instruct-abliterated,x10_scar_curve,33,0.6769097454435602
Damien420--granite-3.2-2b-instruct-abliterated,x10_scar_curve,34,0.6551285860015394
Damien420--granite-3.2-2b-instruct-abliterated,x10_scar_curve,35,0.3775974094842732
Damien420--granite-3.2-2b-instruct-abliterated,x10_scar_curve,36,0.3308860057249419
Damien420--granite-3.2-2b-instruct-abliterated,x10_scar_curve,37,0.37682292115886445
Damien420--granite-3.2-2b-instruct-abliterated,x10_scar_curve,38,0.25745328454441585
Damien420--granite-3.2-2b-instruct-abliterated,x10_scar_curve,39,0.11389992749238877
Damien420--granite-3.2-2b-instruct-abliterated,x10_z_curve,0,-2.798894772602336
Damien420--granite-3.2-2b-instruct-abliterated,x10_z_curve,1,0.12746834981603314
Damien420--granite-3.2-2b-instruct-abliterated,x10_z_curve,2,-0.06685339515861596
Damien420--granite-3.2-2b-instruct-abliterated,x10_z_curve,3,-0.9041640048399674
Damien420--granite-3.2-2b-instruct-abliterated,x10_z_curve,4,0.2078721036993473
Damien420--granite-3.2-2b-instruct-abliterated,x10_z_curve,5,-1.53108298126552
Damien420--granite-3.2-2b-instruct-abliterated,x10_z_curve,6,-1.6503053189383627
Damien420--granite-3.2-2b-instruct-abliterated,x10_z_curve,7,0.14031368186937296
Damien420--granite-3.2-2b-instruct-abliterated,x10_z_curve,8,-1.342253234676615
Damien420--granite-3.2-2b-instruct-abliterated,x10_z_curve,9,-0.5328911271720128
Damien420--granite-3.2-2b-instruct-abliterated,x10_z_curve,10,-1.214703978656014
Damien420--granite-3.2-2b-instruct-abliterated,x10_z_curve,11,-0.11684801035456262
Damien420--granite-3.2-2b-instruct-abliterated,x10_z_curve,12,0.5832929598441552
Damien420--granite-3.2-2b-instruct-abliterated,x10_z_curve,13,3.923237768057371
Damien420--granite-3.2-2b-instruct-abliterated,x10_z_curve,14,2.170282711787129
Damien420--granite-3.2-2b-instruct-abliterated,x10_z_curve,15,0.12825299073807475
Damien420--granite-3.2-2b-instruct-abliterated,x10_z_curve,16,-1.5785714861551141
Damien420--granite-3.2-2b-instruct-abliterated,x10_z_curve,17,-1.0193176508460557
Damien420--granite-3.2-2b-instruct-abliterated,x10_z_curve,18,-0.39425677312389373
Damien420--granite-3.2-2b-instruct-abliterated,x10_z_curve,19,0.48234195474100316
Damien420--granite-3.2-2b-instruct-abliterated,x10_z_curve,20,0.44797684225017365
Damien420--granite-3.2-2b-instruct-abliterated,x10_z_curve,21,0.2291494845213358
Damien420--granite-3.2-2b-instruct-abliterated,x10_z_curve,22,-0.2811460141947772
Damien420--granite-3.2-2b-instruct-abliterated,x10_z_curve,23,0.5133976745156541
Damien420--granite-3.2-2b-instruct-abliterated,x10_z_curve,24,0.1436067202529607
Damien420--granite-3.2-2b-instruct-abliterated,x10_z_curve,25,-0.2581930476728318
Damien420--granite-3.2-2b-instruct-abliterated,x10_z_curve,26,0.06685339515861596
Damien420--granite-3.2-2b-instruct-abliterated,x10_z_curve,27,1.4284087697946024
Damien420--granite-3.2-2b-instruct-abliterated,x10_z_curve,28,1.1996396851343296
Damien420--granite-3.2-2b-instruct-abliterated,x10_z_curve,29,0.47083548693879107
Damien420--granite-3.2-2b-instruct-abliterated,x10_z_curve,30,-0.9390788506179283
Damien420--granite-3.2-2b-instruct-abliterated,x10_z_curve,31,-0.8482912308639797
Damien420--granite-3.2-2b-instruct-abliterated,x10_z_curve,32,-2.8295386738524497
Damien420--granite-3.2-2b-instruct-abliterated,x10_z_curve,33,5.667944951527381
Damien420--granite-3.2-2b-instruct-abliterated,x10_z_curve,34,5.305037463037696
Damien420--granite-3.2-2b-instruct-abliterated,x10_z_curve,35,0.6809428405466331
Damien420--granite-3.2-2b-instruct-abliterated,x10_z_curve,36,-0.09734071535179646
Damien420--granite-3.2-2b-instruct-abliterated,x10_z_curve,37,0.6680386784065573
Damien420--granite-3.2-2b-instruct-abliterated,x10_z_curve,38,-1.3208423607773183
Damien420--granite-3.2-2b-instruct-abliterated,x10_z_curve,39,-3.7126612357407955
Damien420--granite-3.2-2b-instruct-abliterated,x10_sigma_min_curve,0,0.55121910572052
Damien420--granite-3.2-2b-instruct-abliterated,x10_sigma_min_curve,1,0.359935462474823
Damien420--granite-3.2-2b-instruct-abliterated,x10_sigma_min_curve,2,0.3437209129333496
Damien420--granite-3.2-2b-instruct-abliterated,x10_sigma_min_curve,3,0.38424450159072876
Damien420--granite-3.2-2b-instruct-abliterated,x10_sigma_min_curve,4,0.32967716455459595
Damien420--granite-3.2-2b-instruct-abliterated,x10_sigma_min_curve,5,0.42189690470695496
Damien420--granite-3.2-2b-instruct-abliterated,x10_sigma_min_curve,6,0.43310317397117615
Damien420--granite-3.2-2b-instruct-abliterated,x10_sigma_min_curve,7,0.3392942249774933
Damien420--granite-3.2-2b-instruct-abliterated,x10_sigma_min_curve,8,0.40632033348083496
Damien420--granite-3.2-2b-instruct-abliterated,x10_sigma_min_curve,9,0.3647850751876831
Damien420--granite-3.2-2b-instruct-abliterated,x10_sigma_min_curve,10,0.4102666676044464
Damien420--granite-3.2-2b-instruct-abliterated,x10_sigma_min_curve,11,0.35414424538612366
Damien420--granite-3.2-2b-instruct-abliterated,x10_sigma_min_curve,12,0.31466495990753174
Damien420--granite-3.2-2b-instruct-abliterated,x10_sigma_min_curve,13,0.20082791149616241
Damien420--granite-3.2-2b-instruct-abliterated,x10_sigma_min_curve,14,0.2528730034828186
Damien420--granite-3.2-2b-instruct-abliterated,x10_sigma_min_curve,15,0.33493363857269287
Damien420--granite-3.2-2b-instruct-abliterated,x10_sigma_min_curve,16,0.4337642192840576
Damien420--granite-3.2-2b-instruct-abliterated,x10_sigma_min_curve,17,0.40679651498794556
Damien420--granite-3.2-2b-instruct-abliterated,x10_sigma_min_curve,18,0.3697569668292999
Damien420--granite-3.2-2b-instruct-abliterated,x10_sigma_min_curve,19,0.3258191645145416
Damien420--granite-3.2-2b-instruct-abliterated,x10_sigma_min_curve,20,0.3248923420906067
Damien420--granite-3.2-2b-instruct-abliterated,x10_sigma_min_curve,21,0.3311431407928467
Damien420--granite-3.2-2b-instruct-abliterated,x10_sigma_min_curve,22,0.35864078998565674
Damien420--granite-3.2-2b-instruct-abliterated,x10_sigma_min_curve,23,0.3193102478981018
Damien420--granite-3.2-2b-instruct-abliterated,x10_sigma_min_curve,24,0.3371312618255615
Damien420--granite-3.2-2b-instruct-abliterated,x10_sigma_min_curve,25,0.3567157983779907
Damien420--granite-3.2-2b-instruct-abliterated,x10_sigma_min_curve,26,0.3440364599227905
Damien420--granite-3.2-2b-instruct-abliterated,x10_sigma_min_curve,27,0.2841566801071167
Damien420--granite-3.2-2b-instruct-abliterated,x10_sigma_min_curve,28,0.29598289728164673
Damien420--granite-3.2-2b-instruct-abliterated,x10_sigma_min_curve,29,0.3304005265235901
Damien420--granite-3.2-2b-instruct-abliterated,x10_sigma_min_curve,30,0.4065931737422943
Damien420--granite-3.2-2b-instruct-abliterated,x10_sigma_min_curve,31,0.40121209621429443
Damien420--granite-3.2-2b-instruct-abliterated,x10_sigma_min_curve,32,0.5353597402572632
Damien420--granite-3.2-2b-instruct-abliterated,x10_sigma_min_curve,33,0.16856113076210022
Damien420--granite-3.2-2b-instruct-abliterated,x10_sigma_min_curve,34,0.17899136245250702
Damien420--granite-3.2-2b-instruct-abliterated,x10_sigma_min_curve,35,0.3437458574771881
Damien420--granite-3.2-2b-instruct-abliterated,x10_sigma_min_curve,36,0.38466963171958923
Damien420--granite-3.2-2b-instruct-abliterated,x10_sigma_min_curve,37,0.34666404128074646
Damien420--granite-3.2-2b-instruct-abliterated,x10_sigma_min_curve,38,0.45993572473526
Damien420--granite-3.2-2b-instruct-abliterated,x10_sigma_min_curve,39,0.6042435169219971
Damien420--granite-3.2-2b-instruct-abliterated,x10_sigma_mp_curve,0,0.812956060320207
Damien420--granite-3.2-2b-instruct-abliterated,x10_sigma_mp_curve,1,0.7954325223921315
Damien420--granite-3.2-2b-instruct-abliterated,x10_sigma_mp_curve,2,0.7394720529873565
Damien420--granite-3.2-2b-instruct-abliterated,x10_sigma_mp_curve,3,0.7363246707347586
Damien420--granite-3.2-2b-instruct-abliterated,x10_sigma_mp_curve,4,0.7367044353386771
Damien420--granite-3.2-2b-instruct-abliterated,x10_sigma_mp_curve,5,0.7413807393661982
Damien420--granite-3.2-2b-instruct-abliterated,x10_sigma_mp_curve,6,0.7486361281733448
Damien420--granite-3.2-2b-instruct-abliterated,x10_sigma_mp_curve,7,0.7511490658586729
Damien420--granite-3.2-2b-instruct-abliterated,x10_sigma_mp_curve,8,0.7328866190725497
Damien420--granite-3.2-2b-instruct-abliterated,x10_sigma_mp_curve,9,0.7358376224993863
Damien420--granite-3.2-2b-instruct-abliterated,x10_sigma_mp_curve,10,0.7531643997941933
Damien420--granite-3.2-2b-instruct-abliterated,x10_sigma_mp_curve,11,0.7566506274102515
Damien420--granite-3.2-2b-instruct-abliterated,x10_sigma_mp_curve,12,0.7406021952945849
Damien420--granite-3.2-2b-instruct-abliterated,x10_sigma_mp_curve,13,0.74992723617912
Damien420--granite-3.2-2b-instruct-abliterated,x10_sigma_mp_curve,14,0.7411187594827017
Damien420--granite-3.2-2b-instruct-abliterated,x10_sigma_mp_curve,15,0.7402604838804375
Damien420--granite-3.2-2b-instruct-abliterated,x10_sigma_mp_curve,16,0.7572486300698082
Damien420--granite-3.2-2b-instruct-abliterated,x10_sigma_mp_curve,17,0.7672335152868671
Damien420--granite-3.2-2b-instruct-abliterated,x10_sigma_mp_curve,18,0.7602946209273246
Damien420--granite-3.2-2b-instruct-abliterated,x10_sigma_mp_curve,19,0.7562307102453544
Damien420--granite-3.2-2b-instruct-abliterated,x10_sigma_mp_curve,20,0.7505067747738804
Damien420--granite-3.2-2b-instruct-abliterated,x10_sigma_mp_curve,21,0.742159443805887
Damien420--granite-3.2-2b-instruct-abliterated,x10_sigma_mp_curve,22,0.7490554560700832
Damien420--granite-3.2-2b-instruct-abliterated,x10_sigma_mp_curve,23,0.7443110363278553
Damien420--granite-3.2-2b-instruct-abliterated,x10_sigma_mp_curve,24,0.7467003123866026
Damien420--granite-3.2-2b-instruct-abliterated,x10_sigma_mp_curve,25,0.7474019655083209
Damien420--granite-3.2-2b-instruct-abliterated,x10_sigma_mp_curve,26,0.7539545361778074
Damien420--granite-3.2-2b-instruct-abliterated,x10_sigma_mp_curve,27,0.751652412926821
Damien420--granite-3.2-2b-instruct-abliterated,x10_sigma_mp_curve,28,0.7585695889658745
Damien420--granite-3.2-2b-instruct-abliterated,x10_sigma_mp_curve,29,0.7656456406671317
Damien420--granite-3.2-2b-instruct-abliterated,x10_sigma_mp_curve,30,0.7754007861094475
Damien420--granite-3.2-2b-instruct-abliterated,x10_sigma_mp_curve,31,0.7747991006544066
Damien420--granite-3.2-2b-instruct-abliterated,x10_sigma_mp_curve,32,0.7862294706035294
Damien420--granite-3.2-2b-instruct-abliterated,x10_sigma_mp_curve,33,0.8010639383167756
Damien420--granite-3.2-2b-instruct-abliterated,x10_sigma_mp_curve,34,0.8090226112868394
Damien420--granite-3.2-2b-instruct-abliterated,x10_sigma_mp_curve,35,0.820039708564393
Damien420--granite-3.2-2b-instruct-abliterated,x10_sigma_mp_curve,36,0.8240886019297486
Damien420--granite-3.2-2b-instruct-abliterated,x10_sigma_mp_curve,37,0.8255278262650644
Damien420--granite-3.2-2b-instruct-abliterated,x10_sigma_mp_curve,38,0.832051922743915
Damien420--granite-3.2-2b-instruct-abliterated,x10_sigma_mp_curve,39,0.7854380326491469
Goekdeniz-Guelmez--Josiefied-Qwen2.5-1.5B-Instruct-abliterated-v3,x1_g_curve,0,0.13605550517557471
Goekdeniz-Guelmez--Josiefied-Qwen2.5-1.5B-Instruct-abliterated-v3,x1_g_curve,1,0.14462364234818528
Goekdeniz-Guelmez--Josiefied-Qwen2.5-1.5B-Instruct-abliterated-v3,x1_g_curve,2,0.16548900843895284
Goekdeniz-Guelmez--Josiefied-Qwen2.5-1.5B-Instruct-abliterated-v3,x1_g_curve,3,0.18383245923386962
Goekdeniz-Guelmez--Josiefied-Qwen2.5-1.5B-Instruct-abliterated-v3,x1_g_curve,4,0.20711920652014865
Goekdeniz-Guelmez--Josiefied-Qwen2.5-1.5B-Instruct-abliterated-v3,x1_g_curve,5,0.19882293102713386
Goekdeniz-Guelmez--Josiefied-Qwen2.5-1.5B-Instruct-abliterated-v3,x1_g_curve,6,0.17487798926715037
Goekdeniz-Guelmez--Josiefied-Qwen2.5-1.5B-Instruct-abliterated-v3,x1_g_curve,7,0.1740126864422932
Goekdeniz-Guelmez--Josiefied-Qwen2.5-1.5B-Instruct-abliterated-v3,x1_g_curve,8,0.1879708345546647
Goekdeniz-Guelmez--Josiefied-Qwen2.5-1.5B-Instruct-abliterated-v3,x1_g_curve,9,0.20866462804379415
Goekdeniz-Guelmez--Josiefied-Qwen2.5-1.5B-Instruct-abliterated-v3,x1_g_curve,10,0.21713079320837728
Goekdeniz-Guelmez--Josiefied-Qwen2.5-1.5B-Instruct-abliterated-v3,x1_g_curve,11,0.2318416290003253
Goekdeniz-Guelmez--Josiefied-Qwen2.5-1.5B-Instruct-abliterated-v3,x1_g_curve,12,0.2172923929546006
Goekdeniz-Guelmez--Josiefied-Qwen2.5-1.5B-Instruct-abliterated-v3,x1_g_curve,13,0.23062635909627094
Goekdeniz-Guelmez--Josiefied-Qwen2.5-1.5B-Instruct-abliterated-v3,x1_g_curve,14,0.27860098140963735
Goekdeniz-Guelmez--Josiefied-Qwen2.5-1.5B-Instruct-abliterated-v3,x1_g_curve,15,0.24361254378515448
Goekdeniz-Guelmez--Josiefied-Qwen2.5-1.5B-Instruct-abliterated-v3,x1_g_curve,16,0.2760954326554288
Goekdeniz-Guelmez--Josiefied-Qwen2.5-1.5B-Instruct-abliterated-v3,x1_g_curve,17,0.28633919227827676
Goekdeniz-Guelmez--Josiefied-Qwen2.5-1.5B-Instruct-abliterated-v3,x1_g_curve,18,0.2997938606576652
Goekdeniz-Guelmez--Josiefied-Qwen2.5-1.5B-Instruct-abliterated-v3,x1_g_curve,19,0.32056628097179424
Goekdeniz-Guelmez--Josiefied-Qwen2.5-1.5B-Instruct-abliterated-v3,x1_g_curve,20,0.341366621064008
Goekdeniz-Guelmez--Josiefied-Qwen2.5-1.5B-Instruct-abliterated-v3,x1_g_curve,21,0.3396178311764546
Goekdeniz-Guelmez--Josiefied-Qwen2.5-1.5B-Instruct-abliterated-v3,x1_g_curve,22,0.30939868606055243
Goekdeniz-Guelmez--Josiefied-Qwen2.5-1.5B-Instruct-abliterated-v3,x1_g_curve,23,0.2980881456875802
Goekdeniz-Guelmez--Josiefied-Qwen2.5-1.5B-Instruct-abliterated-v3,x1_g_curve,24,0.2718879632271376
Goekdeniz-Guelmez--Josiefied-Qwen2.5-1.5B-Instruct-abliterated-v3,x1_g_curve,25,0.27196355519683574
Goekdeniz-Guelmez--Josiefied-Qwen2.5-1.5B-Instruct-abliterated-v3,x1_g_curve,26,0.24745313783644446
Goekdeniz-Guelmez--Josiefied-Qwen2.5-1.5B-Instruct-abliterated-v3,x1_g_curve,27,0.22553674658282577
Goekdeniz-Guelmez--Josiefied-Qwen2.5-1.5B-Instruct-abliterated-v3,x1_g_curve,28,0.288552915485456
Goekdeniz-Guelmez--Josiefied-Qwen2.5-1.5B-Instruct-abliterated-v3,auroc_by_layer,0,0.5366753472222222
Goekdeniz-Guelmez--Josiefied-Qwen2.5-1.5B-Instruct-abliterated-v3,auroc_by_layer,1,0.7738715277777778
Goekdeniz-Guelmez--Josiefied-Qwen2.5-1.5B-Instruct-abliterated-v3,auroc_by_layer,2,0.8220486111111112
Goekdeniz-Guelmez--Josiefied-Qwen2.5-1.5B-Instruct-abliterated-v3,auroc_by_layer,3,0.84765625
Goekdeniz-Guelmez--Josiefied-Qwen2.5-1.5B-Instruct-abliterated-v3,auroc_by_layer,4,0.8693576388888888
Goekdeniz-Guelmez--Josiefied-Qwen2.5-1.5B-Instruct-abliterated-v3,auroc_by_layer,5,0.8485243055555556
Goekdeniz-Guelmez--Josiefied-Qwen2.5-1.5B-Instruct-abliterated-v3,auroc_by_layer,6,0.7834201388888888
Goekdeniz-Guelmez--Josiefied-Qwen2.5-1.5B-Instruct-abliterated-v3,auroc_by_layer,7,0.7552083333333334
Goekdeniz-Guelmez--Josiefied-Qwen2.5-1.5B-Instruct-abliterated-v3,auroc_by_layer,8,0.8203125
Goekdeniz-Guelmez--Josiefied-Qwen2.5-1.5B-Instruct-abliterated-v3,auroc_by_layer,9,0.9006076388888888
Goekdeniz-Guelmez--Josiefied-Qwen2.5-1.5B-Instruct-abliterated-v3,auroc_by_layer,10,0.9405381944444444
Goekdeniz-Guelmez--Josiefied-Qwen2.5-1.5B-Instruct-abliterated-v3,auroc_by_layer,11,0.9596354166666666
Goekdeniz-Guelmez--Josiefied-Qwen2.5-1.5B-Instruct-abliterated-v3,auroc_by_layer,12,0.96875
Goekdeniz-Guelmez--Josiefied-Qwen2.5-1.5B-Instruct-abliterated-v3,auroc_by_layer,13,0.9865451388888888
Goekdeniz-Guelmez--Josiefied-Qwen2.5-1.5B-Instruct-abliterated-v3,auroc_by_layer,14,0.9978298611111112
Goekdeniz-Guelmez--Josiefied-Qwen2.5-1.5B-Instruct-abliterated-v3,auroc_by_layer,15,0.9830729166666666
Goekdeniz-Guelmez--Josiefied-Qwen2.5-1.5B-Instruct-abliterated-v3,auroc_by_layer,16,0.9952256944444444
Goekdeniz-Guelmez--Josiefied-Qwen2.5-1.5B-Instruct-abliterated-v3,auroc_by_layer,17,0.9969618055555556
Goekdeniz-Guelmez--Josiefied-Qwen2.5-1.5B-Instruct-abliterated-v3,auroc_by_layer,18,0.9965277777777778
Goekdeniz-Guelmez--Josiefied-Qwen2.5-1.5B-Instruct-abliterated-v3,auroc_by_layer,19,0.9978298611111112
Goekdeniz-Guelmez--Josiefied-Qwen2.5-1.5B-Instruct-abliterated-v3,auroc_by_layer,20,0.9978298611111112
Goekdeniz-Guelmez--Josiefied-Qwen2.5-1.5B-Instruct-abliterated-v3,auroc_by_layer,21,0.9973958333333334
Goekdeniz-Guelmez--Josiefied-Qwen2.5-1.5B-Instruct-abliterated-v3,auroc_by_layer,22,0.9956597222222222
Goekdeniz-Guelmez--Josiefied-Qwen2.5-1.5B-Instruct-abliterated-v3,auroc_by_layer,23,0.9986979166666666
Goekdeniz-Guelmez--Josiefied-Qwen2.5-1.5B-Instruct-abliterated-v3,auroc_by_layer,24,0.9965277777777778
Goekdeniz-Guelmez--Josiefied-Qwen2.5-1.5B-Instruct-abliterated-v3,auroc_by_layer,25,0.9956597222222222
Goekdeniz-Guelmez--Josiefied-Qwen2.5-1.5B-Instruct-abliterated-v3,auroc_by_layer,26,0.9930555555555556
Goekdeniz-Guelmez--Josiefied-Qwen2.5-1.5B-Instruct-abliterated-v3,auroc_by_layer,27,0.9887152777777778
Goekdeniz-Guelmez--Josiefied-Qwen2.5-1.5B-Instruct-abliterated-v3,auroc_by_layer,28,0.9422743055555556
Goekdeniz-Guelmez--Josiefied-Qwen2.5-1.5B-Instruct-abliterated-v3,cohen_by_layer,0,0.5578668675553364
Goekdeniz-Guelmez--Josiefied-Qwen2.5-1.5B-Instruct-abliterated-v3,cohen_by_layer,1,0.6912335375099743
Goekdeniz-Guelmez--Josiefied-Qwen2.5-1.5B-Instruct-abliterated-v3,cohen_by_layer,2,0.9312291316077028
Goekdeniz-Guelmez--Josiefied-Qwen2.5-1.5B-Instruct-abliterated-v3,cohen_by_layer,3,1.0531930797719438
Goekdeniz-Guelmez--Josiefied-Qwen2.5-1.5B-Instruct-abliterated-v3,cohen_by_layer,4,1.3402278370900973
Goekdeniz-Guelmez--Josiefied-Qwen2.5-1.5B-Instruct-abliterated-v3,cohen_by_layer,5,1.301149252870527
Goekdeniz-Guelmez--Josiefied-Qwen2.5-1.5B-Instruct-abliterated-v3,cohen_by_layer,6,1.1493034829130753
Goekdeniz-Guelmez--Josiefied-Qwen2.5-1.5B-Instruct-abliterated-v3,cohen_by_layer,7,1.116083586246776
Goekdeniz-Guelmez--Josiefied-Qwen2.5-1.5B-Instruct-abliterated-v3,cohen_by_layer,8,1.2072327160313243
Goekdeniz-Guelmez--Josiefied-Qwen2.5-1.5B-Instruct-abliterated-v3,cohen_by_layer,9,1.573376614406399
Goekdeniz-Guelmez--Josiefied-Qwen2.5-1.5B-Instruct-abliterated-v3,cohen_by_layer,10,1.8826420621978832
Goekdeniz-Guelmez--Josiefied-Qwen2.5-1.5B-Instruct-abliterated-v3,cohen_by_layer,11,2.0658638597933394
Goekdeniz-Guelmez--Josiefied-Qwen2.5-1.5B-Instruct-abliterated-v3,cohen_by_layer,12,1.8319210545579963
Goekdeniz-Guelmez--Josiefied-Qwen2.5-1.5B-Instruct-abliterated-v3,cohen_by_layer,13,2.0126724968039458
Goekdeniz-Guelmez--Josiefied-Qwen2.5-1.5B-Instruct-abliterated-v3,cohen_by_layer,14,2.8138034574277326
Goekdeniz-Guelmez--Josiefied-Qwen2.5-1.5B-Instruct-abliterated-v3,cohen_by_layer,15,2.7518616798697053
Goekdeniz-Guelmez--Josiefied-Qwen2.5-1.5B-Instruct-abliterated-v3,cohen_by_layer,16,3.0749379422569803
Goekdeniz-Guelmez--Josiefied-Qwen2.5-1.5B-Instruct-abliterated-v3,cohen_by_layer,17,3.507737251683071
Goekdeniz-Guelmez--Josiefied-Qwen2.5-1.5B-Instruct-abliterated-v3,cohen_by_layer,18,3.475532919594892
Goekdeniz-Guelmez--Josiefied-Qwen2.5-1.5B-Instruct-abliterated-v3,cohen_by_layer,19,3.593291923071274
Goekdeniz-Guelmez--Josiefied-Qwen2.5-1.5B-Instruct-abliterated-v3,cohen_by_layer,20,3.4916266151923234
Goekdeniz-Guelmez--Josiefied-Qwen2.5-1.5B-Instruct-abliterated-v3,cohen_by_layer,21,4.218675941448853
Goekdeniz-Guelmez--Josiefied-Qwen2.5-1.5B-Instruct-abliterated-v3,cohen_by_layer,22,4.348927806632559
Goekdeniz-Guelmez--Josiefied-Qwen2.5-1.5B-Instruct-abliterated-v3,cohen_by_layer,23,4.285364497312929
Goekdeniz-Guelmez--Josiefied-Qwen2.5-1.5B-Instruct-abliterated-v3,cohen_by_layer,24,4.133958278233669
Goekdeniz-Guelmez--Josiefied-Qwen2.5-1.5B-Instruct-abliterated-v3,cohen_by_layer,25,4.157695147998081
Goekdeniz-Guelmez--Josiefied-Qwen2.5-1.5B-Instruct-abliterated-v3,cohen_by_layer,26,4.079849837298663
Goekdeniz-Guelmez--Josiefied-Qwen2.5-1.5B-Instruct-abliterated-v3,cohen_by_layer,27,4.104272349190011
Goekdeniz-Guelmez--Josiefied-Qwen2.5-1.5B-Instruct-abliterated-v3,cohen_by_layer,28,2.075711863310164
Goekdeniz-Guelmez--Josiefied-Qwen2.5-1.5B-Instruct-abliterated-v3,x2_wm_curve,0,0.9834004346433192
Goekdeniz-Guelmez--Josiefied-Qwen2.5-1.5B-Instruct-abliterated-v3,x2_wm_curve,1,0.9673188541991461
Goekdeniz-Guelmez--Josiefied-Qwen2.5-1.5B-Instruct-abliterated-v3,x2_wm_curve,2,0.9867355157045231
Goekdeniz-Guelmez--Josiefied-Qwen2.5-1.5B-Instruct-abliterated-v3,x2_wm_curve,3,0.9668418857087645
Goekdeniz-Guelmez--Josiefied-Qwen2.5-1.5B-Instruct-abliterated-v3,x2_wm_curve,4,0.9456218534080918
Goekdeniz-Guelmez--Josiefied-Qwen2.5-1.5B-Instruct-abliterated-v3,x2_wm_curve,5,0.952048213274909
Goekdeniz-Guelmez--Josiefied-Qwen2.5-1.5B-Instruct-abliterated-v3,x2_wm_curve,6,0.9864280595473132
Goekdeniz-Guelmez--Josiefied-Qwen2.5-1.5B-Instruct-abliterated-v3,x2_wm_curve,7,0.9779808266470867
Goekdeniz-Guelmez--Josiefied-Qwen2.5-1.5B-Instruct-abliterated-v3,x2_wm_curve,8,0.9981627950741074
Goekdeniz-Guelmez--Josiefied-Qwen2.5-1.5B-Instruct-abliterated-v3,x2_wm_curve,9,0.9264212733274165
Goekdeniz-Guelmez--Josiefied-Qwen2.5-1.5B-Instruct-abliterated-v3,x2_wm_curve,10,1.0498116198351364
Goekdeniz-Guelmez--Josiefied-Qwen2.5-1.5B-Instruct-abliterated-v3,x2_wm_curve,11,0.9388545612436101
Goekdeniz-Guelmez--Josiefied-Qwen2.5-1.5B-Instruct-abliterated-v3,x2_wm_curve,12,0.9822591998313293
Goekdeniz-Guelmez--Josiefied-Qwen2.5-1.5B-Instruct-abliterated-v3,x2_wm_curve,13,0.8916105683349107
Goekdeniz-Guelmez--Josiefied-Qwen2.5-1.5B-Instruct-abliterated-v3,x2_wm_curve,14,0.9652350053342036
Goekdeniz-Guelmez--Josiefied-Qwen2.5-1.5B-Instruct-abliterated-v3,x2_wm_curve,15,1.0251135657989308
Goekdeniz-Guelmez--Josiefied-Qwen2.5-1.5B-Instruct-abliterated-v3,x2_wm_curve,16,1.0473920028918267
Goekdeniz-Guelmez--Josiefied-Qwen2.5-1.5B-Instruct-abliterated-v3,x2_wm_curve,17,1.060643418320463
Goekdeniz-Guelmez--Josiefied-Qwen2.5-1.5B-Instruct-abliterated-v3,x2_wm_curve,18,1.0268824387638478
Goekdeniz-Guelmez--Josiefied-Qwen2.5-1.5B-Instruct-abliterated-v3,x2_wm_curve,19,1.0322479800557076
Goekdeniz-Guelmez--Josiefied-Qwen2.5-1.5B-Instruct-abliterated-v3,x2_wm_curve,20,1.006017886204586
Goekdeniz-Guelmez--Josiefied-Qwen2.5-1.5B-Instruct-abliterated-v3,x2_wm_curve,21,1.0412767250985155
Goekdeniz-Guelmez--Josiefied-Qwen2.5-1.5B-Instruct-abliterated-v3,x2_wm_curve,22,0.9667255692245594
Goekdeniz-Guelmez--Josiefied-Qwen2.5-1.5B-Instruct-abliterated-v3,x2_wm_curve,23,0.8744403900714441
Goekdeniz-Guelmez--Josiefied-Qwen2.5-1.5B-Instruct-abliterated-v3,x2_wm_curve,24,0.8773475783581266
Goekdeniz-Guelmez--Josiefied-Qwen2.5-1.5B-Instruct-abliterated-v3,x2_wm_curve,25,0.8256509226778017
Goekdeniz-Guelmez--Josiefied-Qwen2.5-1.5B-Instruct-abliterated-v3,x2_wm_curve,26,0.8093820448851781
Goekdeniz-Guelmez--Josiefied-Qwen2.5-1.5B-Instruct-abliterated-v3,x2_wm_curve,27,1.1068622803775752
Goekdeniz-Guelmez--Josiefied-Qwen2.5-1.5B-Instruct-abliterated-v3,x8_drive_gap_curve,0,0.7147767245769501
Goekdeniz-Guelmez--Josiefied-Qwen2.5-1.5B-Instruct-abliterated-v3,x8_drive_gap_curve,1,0.013335764408111574
Goekdeniz-Guelmez--Josiefied-Qwen2.5-1.5B-Instruct-abliterated-v3,x8_drive_gap_curve,2,-0.185526301463445
Goekdeniz-Guelmez--Josiefied-Qwen2.5-1.5B-Instruct-abliterated-v3,x8_drive_gap_curve,3,-0.1394375662008922
Goekdeniz-Guelmez--Josiefied-Qwen2.5-1.5B-Instruct-abliterated-v3,x8_drive_gap_curve,4,0.10410625735918688
Goekdeniz-Guelmez--Josiefied-Qwen2.5-1.5B-Instruct-abliterated-v3,x8_drive_gap_curve,5,-0.3088020582993827
Goekdeniz-Guelmez--Josiefied-Qwen2.5-1.5B-Instruct-abliterated-v3,x8_drive_gap_curve,6,0.12561196088790894
Goekdeniz-Guelmez--Josiefied-Qwen2.5-1.5B-Instruct-abliterated-v3,x8_drive_gap_curve,7,-0.029326746861139924
Goekdeniz-Guelmez--Josiefied-Qwen2.5-1.5B-Instruct-abliterated-v3,x8_drive_gap_curve,8,-0.4539714654286702
Goekdeniz-Guelmez--Josiefied-Qwen2.5-1.5B-Instruct-abliterated-v3,x8_drive_gap_curve,9,0.19127350052197775
Goekdeniz-Guelmez--Josiefied-Qwen2.5-1.5B-Instruct-abliterated-v3,x8_drive_gap_curve,10,-0.00011589129765832151
Goekdeniz-Guelmez--Josiefied-Qwen2.5-1.5B-Instruct-abliterated-v3,x8_drive_gap_curve,11,0.12196027239163718
Goekdeniz-Guelmez--Josiefied-Qwen2.5-1.5B-Instruct-abliterated-v3,x8_drive_gap_curve,12,0.27774027983347577
Goekdeniz-Guelmez--Josiefied-Qwen2.5-1.5B-Instruct-abliterated-v3,x8_drive_gap_curve,13,0.06656216581662497
Goekdeniz-Guelmez--Josiefied-Qwen2.5-1.5B-Instruct-abliterated-v3,x8_drive_gap_curve,14,0.2093549370765686
Goekdeniz-Guelmez--Josiefied-Qwen2.5-1.5B-Instruct-abliterated-v3,x8_drive_gap_curve,15,0.47563110788663227
Goekdeniz-Guelmez--Josiefied-Qwen2.5-1.5B-Instruct-abliterated-v3,x8_drive_gap_curve,16,0.46848330895106
Goekdeniz-Guelmez--Josiefied-Qwen2.5-1.5B-Instruct-abliterated-v3,x8_drive_gap_curve,17,0.41599945227305096
Goekdeniz-Guelmez--Josiefied-Qwen2.5-1.5B-Instruct-abliterated-v3,x8_drive_gap_curve,18,-0.2520856062571208
Goekdeniz-Guelmez--Josiefied-Qwen2.5-1.5B-Instruct-abliterated-v3,x8_drive_gap_curve,19,0.3043578664461771
Goekdeniz-Guelmez--Josiefied-Qwen2.5-1.5B-Instruct-abliterated-v3,x8_drive_gap_curve,20,0.36299320062001544
Goekdeniz-Guelmez--Josiefied-Qwen2.5-1.5B-Instruct-abliterated-v3,x8_drive_gap_curve,21,-0.22311845421791077
Goekdeniz-Guelmez--Josiefied-Qwen2.5-1.5B-Instruct-abliterated-v3,x8_drive_gap_curve,22,-0.9572205742200215
Goekdeniz-Guelmez--Josiefied-Qwen2.5-1.5B-Instruct-abliterated-v3,x8_drive_gap_curve,23,-0.5782944460709889
Goekdeniz-Guelmez--Josiefied-Qwen2.5-1.5B-Instruct-abliterated-v3,x8_drive_gap_curve,24,0.2722047964731852
Goekdeniz-Guelmez--Josiefied-Qwen2.5-1.5B-Instruct-abliterated-v3,x8_drive_gap_curve,25,0.6777617732683817
Goekdeniz-Guelmez--Josiefied-Qwen2.5-1.5B-Instruct-abliterated-v3,x8_drive_gap_curve,26,0.28139512737592054
Goekdeniz-Guelmez--Josiefied-Qwen2.5-1.5B-Instruct-abliterated-v3,x8_drive_gap_curve,27,-0.07006105780601501
Goekdeniz-Guelmez--Josiefied-Qwen2.5-1.5B-Instruct-abliterated-v3,x8_drive_gap_curve,28,0.2168668806552887
Goekdeniz-Guelmez--Josiefied-Qwen2.5-1.5B-Instruct-abliterated-v3,x10_scar_curve,0,0.8685682226354596
Goekdeniz-Guelmez--Josiefied-Qwen2.5-1.5B-Instruct-abliterated-v3,x10_scar_curve,1,0.8520988032276038
Goekdeniz-Guelmez--Josiefied-Qwen2.5-1.5B-Instruct-abliterated-v3,x10_scar_curve,2,0.8510083596895369
Goekdeniz-Guelmez--Josiefied-Qwen2.5-1.5B-Instruct-abliterated-v3,x10_scar_curve,3,0.8558802006312423
Goekdeniz-Guelmez--Josiefied-Qwen2.5-1.5B-Instruct-abliterated-v3,x10_scar_curve,4,0.8590646902095711
Goekdeniz-Guelmez--Josiefied-Qwen2.5-1.5B-Instruct-abliterated-v3,x10_scar_curve,5,0.8516695839038961
Goekdeniz-Guelmez--Josiefied-Qwen2.5-1.5B-Instruct-abliterated-v3,x10_scar_curve,6,0.853532103452079
Goekdeniz-Guelmez--Josiefied-Qwen2.5-1.5B-Instruct-abliterated-v3,x10_scar_curve,7,0.84239954168748
Goekdeniz-Guelmez--Josiefied-Qwen2.5-1.5B-Instruct-abliterated-v3,x10_scar_curve,8,0.8496845723294308
Goekdeniz-Guelmez--Josiefied-Qwen2.5-1.5B-Instruct-abliterated-v3,x10_scar_curve,9,0.8507324406421597
Goekdeniz-Guelmez--Josiefied-Qwen2.5-1.5B-Instruct-abliterated-v3,x10_scar_curve,10,0.8407349781337671
Goekdeniz-Guelmez--Josiefied-Qwen2.5-1.5B-Instruct-abliterated-v3,x10_scar_curve,11,0.8445271704291057
Goekdeniz-Guelmez--Josiefied-Qwen2.5-1.5B-Instruct-abliterated-v3,x10_scar_curve,12,0.8482093314758323
Goekdeniz-Guelmez--Josiefied-Qwen2.5-1.5B-Instruct-abliterated-v3,x10_scar_curve,13,0.8574832311821838
Goekdeniz-Guelmez--Josiefied-Qwen2.5-1.5B-Instruct-abliterated-v3,x10_scar_curve,14,0.8480387374550915
Goekdeniz-Guelmez--Josiefied-Qwen2.5-1.5B-Instruct-abliterated-v3,x10_scar_curve,15,0.8418317581127502
Goekdeniz-Guelmez--Josiefied-Qwen2.5-1.5B-Instruct-abliterated-v3,x10_scar_curve,16,0.8399654899753022
Goekdeniz-Guelmez--Josiefied-Qwen2.5-1.5B-Instruct-abliterated-v3,x10_scar_curve,17,0.8449692967874042
Goekdeniz-Guelmez--Josiefied-Qwen2.5-1.5B-Instruct-abliterated-v3,x10_scar_curve,18,0.8449191745716403
Goekdeniz-Guelmez--Josiefied-Qwen2.5-1.5B-Instruct-abliterated-v3,x10_scar_curve,19,0.8326239962250563
Goekdeniz-Guelmez--Josiefied-Qwen2.5-1.5B-Instruct-abliterated-v3,x10_scar_curve,20,0.8602844937577105
Goekdeniz-Guelmez--Josiefied-Qwen2.5-1.5B-Instruct-abliterated-v3,x10_scar_curve,21,0.8510127954433332
Goekdeniz-Guelmez--Josiefied-Qwen2.5-1.5B-Instruct-abliterated-v3,x10_scar_curve,22,0.8607170770583581
Goekdeniz-Guelmez--Josiefied-Qwen2.5-1.5B-Instruct-abliterated-v3,x10_scar_curve,23,0.8733253577393342
Goekdeniz-Guelmez--Josiefied-Qwen2.5-1.5B-Instruct-abliterated-v3,x10_scar_curve,24,0.8794840697516533
Goekdeniz-Guelmez--Josiefied-Qwen2.5-1.5B-Instruct-abliterated-v3,x10_scar_curve,25,0.8889878629297752
Goekdeniz-Guelmez--Josiefied-Qwen2.5-1.5B-Instruct-abliterated-v3,x10_scar_curve,26,0.8864702870744717
Goekdeniz-Guelmez--Josiefied-Qwen2.5-1.5B-Instruct-abliterated-v3,x10_scar_curve,27,0.8065733487598878
Goekdeniz-Guelmez--Josiefied-Qwen2.5-1.5B-Instruct-abliterated-v3,x10_z_curve,0,1.6292283052491634
Goekdeniz-Guelmez--Josiefied-Qwen2.5-1.5B-Instruct-abliterated-v3,x10_z_curve,1,0.10097983201645146
Goekdeniz-Guelmez--Josiefied-Qwen2.5-1.5B-Instruct-abliterated-v3,x10_z_curve,2,-0.00020580367160836583
Goekdeniz-Guelmez--Josiefied-Qwen2.5-1.5B-Instruct-abliterated-v3,x10_z_curve,3,0.45186741740638464
Goekdeniz-Guelmez--Josiefied-Qwen2.5-1.5B-Instruct-abliterated-v3,x10_z_curve,4,0.7473660755913322
Goekdeniz-Guelmez--Josiefied-Qwen2.5-1.5B-Instruct-abliterated-v3,x10_z_curve,5,0.061151240619640605
Goekdeniz-Guelmez--Josiefied-Qwen2.5-1.5B-Instruct-abliterated-v3,x10_z_curve,6,0.23398020230840463
Goekdeniz-Guelmez--Josiefied-Qwen2.5-1.5B-Instruct-abliterated-v3,x10_z_curve,7,-0.7990447088066753
Goekdeniz-Guelmez--Josiefied-Qwen2.5-1.5B-Instruct-abliterated-v3,x10_z_curve,8,-0.1230441358475365
Goekdeniz-Guelmez--Josiefied-Qwen2.5-1.5B-Instruct-abliterated-v3,x10_z_curve,9,-0.02580918727898281
Goekdeniz-Guelmez--Josiefied-Qwen2.5-1.5B-Instruct-abliterated-v3,x10_z_curve,10,-0.953504720211034
Goekdeniz-Guelmez--Josiefied-Qwen2.5-1.5B-Instruct-abliterated-v3,x10_z_curve,11,-0.6016154433618582
Goekdeniz-Guelmez--Josiefied-Qwen2.5-1.5B-Instruct-abliterated-v3,x10_z_curve,12,-0.2599363071093266
Goekdeniz-Guelmez--Josiefied-Qwen2.5-1.5B-Instruct-abliterated-v3,x10_z_curve,13,0.6006175907642444
Goekdeniz-Guelmez--Josiefied-Qwen2.5-1.5B-Instruct-abliterated-v3,x10_z_curve,14,-0.2757662550439473
Goekdeniz-Guelmez--Josiefied-Qwen2.5-1.5B-Instruct-abliterated-v3,x10_z_curve,15,-0.8517311065307783
Goekdeniz-Guelmez--Josiefied-Qwen2.5-1.5B-Instruct-abliterated-v3,x10_z_curve,16,-1.0249079114360806
Goekdeniz-Guelmez--Josiefied-Qwen2.5-1.5B-Instruct-abliterated-v3,x10_z_curve,17,-0.5605891682204757
Goekdeniz-Guelmez--Josiefied-Qwen2.5-1.5B-Instruct-abliterated-v3,x10_z_curve,18,-0.5652401639732213
Goekdeniz-Guelmez--Josiefied-Qwen2.5-1.5B-Instruct-abliterated-v3,x10_z_curve,19,-1.706147871219301
Goekdeniz-Guelmez--Josiefied-Qwen2.5-1.5B-Instruct-abliterated-v3,x10_z_curve,20,0.8605554275607615
Goekdeniz-Guelmez--Josiefied-Qwen2.5-1.5B-Instruct-abliterated-v3,x10_z_curve,21,0.00020580367160836583
Goekdeniz-Guelmez--Josiefied-Qwen2.5-1.5B-Instruct-abliterated-v3,x10_z_curve,22,0.9006961728043519
Goekdeniz-Guelmez--Josiefied-Qwen2.5-1.5B-Instruct-abliterated-v3,x10_z_curve,23,2.0706576161081856
Goekdeniz-Guelmez--Josiefied-Qwen2.5-1.5B-Instruct-abliterated-v3,x10_z_curve,24,2.6421435924393926
Goekdeniz-Guelmez--Josiefied-Qwen2.5-1.5B-Instruct-abliterated-v3,x10_z_curve,25,3.5240300181051496
Goekdeniz-Guelmez--Josiefied-Qwen2.5-1.5B-Instruct-abliterated-v3,x10_z_curve,26,3.290416351355016
Goekdeniz-Guelmez--Josiefied-Qwen2.5-1.5B-Instruct-abliterated-v3,x10_z_curve,27,-4.123468192564526
Goekdeniz-Guelmez--Josiefied-Qwen2.5-1.5B-Instruct-abliterated-v3,x10_sigma_min_curve,0,0.2245742380619049
Goekdeniz-Guelmez--Josiefied-Qwen2.5-1.5B-Instruct-abliterated-v3,x10_sigma_min_curve,1,0.2419286072254181
Goekdeniz-Guelmez--Josiefied-Qwen2.5-1.5B-Instruct-abliterated-v3,x10_sigma_min_curve,2,0.23585838079452515
Goekdeniz-Guelmez--Josiefied-Qwen2.5-1.5B-Instruct-abliterated-v3,x10_sigma_min_curve,3,0.22511360049247742
Goekdeniz-Guelmez--Josiefied-Qwen2.5-1.5B-Instruct-abliterated-v3,x10_sigma_min_curve,4,0.22700421512126923
Goekdeniz-Guelmez--Josiefied-Qwen2.5-1.5B-Instruct-abliterated-v3,x10_sigma_min_curve,5,0.23116935789585114
Goekdeniz-Guelmez--Josiefied-Qwen2.5-1.5B-Instruct-abliterated-v3,x10_sigma_min_curve,6,0.23746056854724884
Goekdeniz-Guelmez--Josiefied-Qwen2.5-1.5B-Instruct-abliterated-v3,x10_sigma_min_curve,7,0.25020384788513184
Goekdeniz-Guelmez--Josiefied-Qwen2.5-1.5B-Instruct-abliterated-v3,x10_sigma_min_curve,8,0.24177351593971252
Goekdeniz-Guelmez--Josiefied-Qwen2.5-1.5B-Instruct-abliterated-v3,x10_sigma_min_curve,9,0.24188987910747528
Goekdeniz-Guelmez--Josiefied-Qwen2.5-1.5B-Instruct-abliterated-v3,x10_sigma_min_curve,10,0.24626454710960388
Goekdeniz-Guelmez--Josiefied-Qwen2.5-1.5B-Instruct-abliterated-v3,x10_sigma_min_curve,11,0.2387140542268753
Goekdeniz-Guelmez--Josiefied-Qwen2.5-1.5B-Instruct-abliterated-v3,x10_sigma_min_curve,12,0.23593364655971527
Goekdeniz-Guelmez--Josiefied-Qwen2.5-1.5B-Instruct-abliterated-v3,x10_sigma_min_curve,13,0.23097728192806244
Goekdeniz-Guelmez--Josiefied-Qwen2.5-1.5B-Instruct-abliterated-v3,x10_sigma_min_curve,14,0.23480543494224548
Goekdeniz-Guelmez--Josiefied-Qwen2.5-1.5B-Instruct-abliterated-v3,x10_sigma_min_curve,15,0.23943619430065155
Goekdeniz-Guelmez--Josiefied-Qwen2.5-1.5B-Instruct-abliterated-v3,x10_sigma_min_curve,16,0.23685087263584137
Goekdeniz-Guelmez--Josiefied-Qwen2.5-1.5B-Instruct-abliterated-v3,x10_sigma_min_curve,17,0.24118554592132568
Goekdeniz-Guelmez--Josiefied-Qwen2.5-1.5B-Instruct-abliterated-v3,x10_sigma_min_curve,18,0.24102120101451874
Goekdeniz-Guelmez--Josiefied-Qwen2.5-1.5B-Instruct-abliterated-v3,x10_sigma_min_curve,19,0.25375181436538696
Goekdeniz-Guelmez--Josiefied-Qwen2.5-1.5B-Instruct-abliterated-v3,x10_sigma_min_curve,20,0.2424711436033249
Goekdeniz-Guelmez--Josiefied-Qwen2.5-1.5B-Instruct-abliterated-v3,x10_sigma_min_curve,21,0.24969199299812317
Goekdeniz-Guelmez--Josiefied-Qwen2.5-1.5B-Instruct-abliterated-v3,x10_sigma_min_curve,22,0.24408355355262756
Goekdeniz-Guelmez--Josiefied-Qwen2.5-1.5B-Instruct-abliterated-v3,x10_sigma_min_curve,23,0.24270951747894287
Goekdeniz-Guelmez--Josiefied-Qwen2.5-1.5B-Instruct-abliterated-v3,x10_sigma_min_curve,24,0.2463938295841217
Goekdeniz-Guelmez--Josiefied-Qwen2.5-1.5B-Instruct-abliterated-v3,x10_sigma_min_curve,25,0.24373196065425873
Goekdeniz-Guelmez--Josiefied-Qwen2.5-1.5B-Instruct-abliterated-v3,x10_sigma_min_curve,26,0.24755989015102386
Goekdeniz-Guelmez--Josiefied-Qwen2.5-1.5B-Instruct-abliterated-v3,x10_sigma_min_curve,27,0.26386988162994385
Goekdeniz-Guelmez--Josiefied-Qwen2.5-1.5B-Instruct-abliterated-v3,x10_sigma_mp_curve,0,1.6593123955638052
Goekdeniz-Guelmez--Josiefied-Qwen2.5-1.5B-Instruct-abliterated-v3,x10_sigma_mp_curve,1,1.7210204404821627
Goekdeniz-Guelmez--Josiefied-Qwen2.5-1.5B-Instruct-abliterated-v3,x10_sigma_mp_curve,2,1.673630849233339
Goekdeniz-Guelmez--Josiefied-Qwen2.5-1.5B-Instruct-abliterated-v3,x10_sigma_mp_curve,3,1.6154069045922284
Goekdeniz-Guelmez--Josiefied-Qwen2.5-1.5B-Instruct-abliterated-v3,x10_sigma_mp_curve,4,1.640962330668849
Goekdeniz-Guelmez--Josiefied-Qwen2.5-1.5B-Instruct-abliterated-v3,x10_sigma_mp_curve,5,1.642857332968014
Goekdeniz-Guelmez--Josiefied-Qwen2.5-1.5B-Instruct-abliterated-v3,x10_sigma_mp_curve,6,1.6948201031070216
Goekdeniz-Guelmez--Josiefied-Qwen2.5-1.5B-Instruct-abliterated-v3,x10_sigma_mp_curve,7,1.7405781448692441
Goekdeniz-Guelmez--Josiefied-Qwen2.5-1.5B-Instruct-abliterated-v3,x10_sigma_mp_curve,8,1.7103827132775078
Goekdeniz-Guelmez--Josiefied-Qwen2.5-1.5B-Instruct-abliterated-v3,x10_sigma_mp_curve,9,1.7153396961294474
Goekdeniz-Guelmez--Josiefied-Qwen2.5-1.5B-Instruct-abliterated-v3,x10_sigma_mp_curve,10,1.7066201628662065
Goekdeniz-Guelmez--Josiefied-Qwen2.5-1.5B-Instruct-abliterated-v3,x10_sigma_mp_curve,11,1.6688033356437728
Goekdeniz-Guelmez--Josiefied-Qwen2.5-1.5B-Instruct-abliterated-v3,x10_sigma_mp_curve,12,1.663409630794413
Goekdeniz-Guelmez--Josiefied-Qwen2.5-1.5B-Instruct-abliterated-v3,x10_sigma_mp_curve,13,1.6636137360648442
Goekdeniz-Guelmez--Josiefied-Qwen2.5-1.5B-Instruct-abliterated-v3,x10_sigma_mp_curve,14,1.6548052214944269
Goekdeniz-Guelmez--Josiefied-Qwen2.5-1.5B-Instruct-abliterated-v3,x10_sigma_mp_curve,15,1.6634952271458427
Goekdeniz-Guelmez--Josiefied-Qwen2.5-1.5B-Instruct-abliterated-v3,x10_sigma_mp_curve,16,1.6384774894754162
Goekdeniz-Guelmez--Josiefied-Qwen2.5-1.5B-Instruct-abliterated-v3,x10_sigma_mp_curve,17,1.687798412548175
Goekdeniz-Guelmez--Josiefied-Qwen2.5-1.5B-Instruct-abliterated-v3,x10_sigma_mp_curve,18,1.6864536932041516
Goekdeniz-Guelmez--Josiefied-Qwen2.5-1.5B-Instruct-abliterated-v3,x10_sigma_mp_curve,19,1.725969641087608
Goekdeniz-Guelmez--Josiefied-Qwen2.5-1.5B-Instruct-abliterated-v3,x10_sigma_mp_curve,20,1.7576991979412693
Goekdeniz-Guelmez--Josiefied-Qwen2.5-1.5B-Instruct-abliterated-v3,x10_sigma_mp_curve,21,1.7718110720860993
Goekdeniz-Guelmez--Josiefied-Qwen2.5-1.5B-Instruct-abliterated-v3,x10_sigma_mp_curve,22,1.7711510238707766
Goekdeniz-Guelmez--Josiefied-Qwen2.5-1.5B-Instruct-abliterated-v3,x10_sigma_mp_curve,23,1.8130599501326563
Goekdeniz-Guelmez--Josiefied-Qwen2.5-1.5B-Instruct-abliterated-v3,x10_sigma_mp_curve,24,1.866869228824515
Goekdeniz-Guelmez--Josiefied-Qwen2.5-1.5B-Instruct-abliterated-v3,x10_sigma_mp_curve,25,1.8875581726621722
Goekdeniz-Guelmez--Josiefied-Qwen2.5-1.5B-Instruct-abliterated-v3,x10_sigma_mp_curve,26,1.9061214491002763
Goekdeniz-Guelmez--Josiefied-Qwen2.5-1.5B-Instruct-abliterated-v3,x10_sigma_mp_curve,27,1.6902975851301354
HuggingFaceTB--SmolLM2-1.7B-Instruct,x1_g_curve,0,0.0
HuggingFaceTB--SmolLM2-1.7B-Instruct,x1_g_curve,1,0.059304765584105947
HuggingFaceTB--SmolLM2-1.7B-Instruct,x1_g_curve,2,0.1032371057122674
HuggingFaceTB--SmolLM2-1.7B-Instruct,x1_g_curve,3,0.11113392642816962
HuggingFaceTB--SmolLM2-1.7B-Instruct,x1_g_curve,4,0.11200444852186867
HuggingFaceTB--SmolLM2-1.7B-Instruct,x1_g_curve,5,0.09856949082481439
HuggingFaceTB--SmolLM2-1.7B-Instruct,x1_g_curve,6,0.11262453602502298
HuggingFaceTB--SmolLM2-1.7B-Instruct,x1_g_curve,7,0.15464228565586424
HuggingFaceTB--SmolLM2-1.7B-Instruct,x1_g_curve,8,0.16751885864114435
HuggingFaceTB--SmolLM2-1.7B-Instruct,x1_g_curve,9,0.22567123965984015
HuggingFaceTB--SmolLM2-1.7B-Instruct,x1_g_curve,10,0.23447235069569797
HuggingFaceTB--SmolLM2-1.7B-Instruct,x1_g_curve,11,0.23340724472078211
HuggingFaceTB--SmolLM2-1.7B-Instruct,x1_g_curve,12,0.2517972420177695
HuggingFaceTB--SmolLM2-1.7B-Instruct,x1_g_curve,13,0.2688256262694657
HuggingFaceTB--SmolLM2-1.7B-Instruct,x1_g_curve,14,0.26893765314503093
HuggingFaceTB--SmolLM2-1.7B-Instruct,x1_g_curve,15,0.29349145079637134
HuggingFaceTB--SmolLM2-1.7B-Instruct,x1_g_curve,16,0.3458300950650034
HuggingFaceTB--SmolLM2-1.7B-Instruct,x1_g_curve,17,0.4072939780460997
HuggingFaceTB--SmolLM2-1.7B-Instruct,x1_g_curve,18,0.39608675100874136
HuggingFaceTB--SmolLM2-1.7B-Instruct,x1_g_curve,19,0.4108255567633891
HuggingFaceTB--SmolLM2-1.7B-Instruct,x1_g_curve,20,0.37278751276667604
HuggingFaceTB--SmolLM2-1.7B-Instruct,x1_g_curve,21,0.3599969711455707
HuggingFaceTB--SmolLM2-1.7B-Instruct,x1_g_curve,22,0.3478652937268791
HuggingFaceTB--SmolLM2-1.7B-Instruct,x1_g_curve,23,0.3595264012408344
HuggingFaceTB--SmolLM2-1.7B-Instruct,x1_g_curve,24,0.29368344459347595
HuggingFaceTB--SmolLM2-1.7B-Instruct,auroc_by_layer,0,0.5
HuggingFaceTB--SmolLM2-1.7B-Instruct,auroc_by_layer,1,0.88671875
HuggingFaceTB--SmolLM2-1.7B-Instruct,auroc_by_layer,2,0.9822048611111112
HuggingFaceTB--SmolLM2-1.7B-Instruct,auroc_by_layer,3,0.9913194444444444
HuggingFaceTB--SmolLM2-1.7B-Instruct,auroc_by_layer,4,0.9956597222222222
HuggingFaceTB--SmolLM2-1.7B-Instruct,auroc_by_layer,5,0.9917534722222222
HuggingFaceTB--SmolLM2-1.7B-Instruct,auroc_by_layer,6,0.9973958333333334
HuggingFaceTB--SmolLM2-1.7B-Instruct,auroc_by_layer,7,0.9817708333333334
HuggingFaceTB--SmolLM2-1.7B-Instruct,auroc_by_layer,8,0.9861111111111112
HuggingFaceTB--SmolLM2-1.7B-Instruct,auroc_by_layer,9,0.9887152777777778
HuggingFaceTB--SmolLM2-1.7B-Instruct,auroc_by_layer,10,0.9839409722222222
HuggingFaceTB--SmolLM2-1.7B-Instruct,auroc_by_layer,11,0.9817708333333334
HuggingFaceTB--SmolLM2-1.7B-Instruct,auroc_by_layer,12,0.984375
HuggingFaceTB--SmolLM2-1.7B-Instruct,auroc_by_layer,13,0.9826388888888888
HuggingFaceTB--SmolLM2-1.7B-Instruct,auroc_by_layer,14,0.9848090277777778
HuggingFaceTB--SmolLM2-1.7B-Instruct,auroc_by_layer,15,0.9943576388888888
HuggingFaceTB--SmolLM2-1.7B-Instruct,auroc_by_layer,16,0.9986979166666666
HuggingFaceTB--SmolLM2-1.7B-Instruct,auroc_by_layer,17,1.0
HuggingFaceTB--SmolLM2-1.7B-Instruct,auroc_by_layer,18,1.0
HuggingFaceTB--SmolLM2-1.7B-Instruct,auroc_by_layer,19,1.0
HuggingFaceTB--SmolLM2-1.7B-Instruct,auroc_by_layer,20,1.0
HuggingFaceTB--SmolLM2-1.7B-Instruct,auroc_by_layer,21,1.0
HuggingFaceTB--SmolLM2-1.7B-Instruct,auroc_by_layer,22,1.0
HuggingFaceTB--SmolLM2-1.7B-Instruct,auroc_by_layer,23,1.0
HuggingFaceTB--SmolLM2-1.7B-Instruct,auroc_by_layer,24,1.0
HuggingFaceTB--SmolLM2-1.7B-Instruct,cohen_by_layer,0,
HuggingFaceTB--SmolLM2-1.7B-Instruct,cohen_by_layer,1,2.449892274216159
HuggingFaceTB--SmolLM2-1.7B-Instruct,cohen_by_layer,2,3.4917165752787924
HuggingFaceTB--SmolLM2-1.7B-Instruct,cohen_by_layer,3,3.733146988945229
HuggingFaceTB--SmolLM2-1.7B-Instruct,cohen_by_layer,4,4.607521160139042
HuggingFaceTB--SmolLM2-1.7B-Instruct,cohen_by_layer,5,4.847466172319867
HuggingFaceTB--SmolLM2-1.7B-Instruct,cohen_by_layer,6,4.9373280033907365
HuggingFaceTB--SmolLM2-1.7B-Instruct,cohen_by_layer,7,3.865936857848208
HuggingFaceTB--SmolLM2-1.7B-Instruct,cohen_by_layer,8,4.125507015900821
HuggingFaceTB--SmolLM2-1.7B-Instruct,cohen_by_layer,9,4.652455456922065
HuggingFaceTB--SmolLM2-1.7B-Instruct,cohen_by_layer,10,4.223020257053092
HuggingFaceTB--SmolLM2-1.7B-Instruct,cohen_by_layer,11,4.093073278564924
HuggingFaceTB--SmolLM2-1.7B-Instruct,cohen_by_layer,12,4.380507863047736
HuggingFaceTB--SmolLM2-1.7B-Instruct,cohen_by_layer,13,4.10653596770805
HuggingFaceTB--SmolLM2-1.7B-Instruct,cohen_by_layer,14,4.228093897285515
HuggingFaceTB--SmolLM2-1.7B-Instruct,cohen_by_layer,15,4.67449312339651
HuggingFaceTB--SmolLM2-1.7B-Instruct,cohen_by_layer,16,5.004815766858798
HuggingFaceTB--SmolLM2-1.7B-Instruct,cohen_by_layer,17,5.085339761902322
HuggingFaceTB--SmolLM2-1.7B-Instruct,cohen_by_layer,18,4.96057475336084
HuggingFaceTB--SmolLM2-1.7B-Instruct,cohen_by_layer,19,5.273127128254569
HuggingFaceTB--SmolLM2-1.7B-Instruct,cohen_by_layer,20,5.316084655388159
HuggingFaceTB--SmolLM2-1.7B-Instruct,cohen_by_layer,21,5.276812062464114
HuggingFaceTB--SmolLM2-1.7B-Instruct,cohen_by_layer,22,5.386600265684434
HuggingFaceTB--SmolLM2-1.7B-Instruct,cohen_by_layer,23,5.524094759405342
HuggingFaceTB--SmolLM2-1.7B-Instruct,cohen_by_layer,24,5.5660725864147675
HuggingFaceTB--SmolLM2-1.7B-Instruct,x2_wm_curve,0,0.9787215929814094
HuggingFaceTB--SmolLM2-1.7B-Instruct,x2_wm_curve,1,1.013026160570008
HuggingFaceTB--SmolLM2-1.7B-Instruct,x2_wm_curve,2,1.0144479828507535
HuggingFaceTB--SmolLM2-1.7B-Instruct,x2_wm_curve,3,1.014205527727692
HuggingFaceTB--SmolLM2-1.7B-Instruct,x2_wm_curve,4,0.9892738191115359
HuggingFaceTB--SmolLM2-1.7B-Instruct,x2_wm_curve,5,0.9858587930546042
HuggingFaceTB--SmolLM2-1.7B-Instruct,x2_wm_curve,6,0.9995248120050076
HuggingFaceTB--SmolLM2-1.7B-Instruct,x2_wm_curve,7,1.0307650741463632
HuggingFaceTB--SmolLM2-1.7B-Instruct,x2_wm_curve,8,1.0081289599027001
HuggingFaceTB--SmolLM2-1.7B-Instruct,x2_wm_curve,9,1.0105255437754832
HuggingFaceTB--SmolLM2-1.7B-Instruct,x2_wm_curve,10,1.0065325749365954
HuggingFaceTB--SmolLM2-1.7B-Instruct,x2_wm_curve,11,1.0207134737400199
HuggingFaceTB--SmolLM2-1.7B-Instruct,x2_wm_curve,12,0.995832525369302
HuggingFaceTB--SmolLM2-1.7B-Instruct,x2_wm_curve,13,1.0190118379070756
HuggingFaceTB--SmolLM2-1.7B-Instruct,x2_wm_curve,14,1.0012976894525751
HuggingFaceTB--SmolLM2-1.7B-Instruct,x2_wm_curve,15,1.0058199811718636
HuggingFaceTB--SmolLM2-1.7B-Instruct,x2_wm_curve,16,1.0047197222920254
HuggingFaceTB--SmolLM2-1.7B-Instruct,x2_wm_curve,17,1.012574858878926
HuggingFaceTB--SmolLM2-1.7B-Instruct,x2_wm_curve,18,1.0313410979633848
HuggingFaceTB--SmolLM2-1.7B-Instruct,x2_wm_curve,19,1.0053689170491906
HuggingFaceTB--SmolLM2-1.7B-Instruct,x2_wm_curve,20,0.957368132498829
HuggingFaceTB--SmolLM2-1.7B-Instruct,x2_wm_curve,21,0.9734802125269074
HuggingFaceTB--SmolLM2-1.7B-Instruct,x2_wm_curve,22,1.0348460284097316
HuggingFaceTB--SmolLM2-1.7B-Instruct,x2_wm_curve,23,1.629935211139866
HuggingFaceTB--SmolLM2-1.7B-Instruct,x8_drive_gap_curve,0,0.0
HuggingFaceTB--SmolLM2-1.7B-Instruct,x8_drive_gap_curve,1,0.23423112432161997
HuggingFaceTB--SmolLM2-1.7B-Instruct,x8_drive_gap_curve,2,0.8886409997940063
HuggingFaceTB--SmolLM2-1.7B-Instruct,x8_drive_gap_curve,3,0.7373079061508188
HuggingFaceTB--SmolLM2-1.7B-Instruct,x8_drive_gap_curve,4,-0.36046868562698364
HuggingFaceTB--SmolLM2-1.7B-Instruct,x8_drive_gap_curve,5,0.47445722421010306
HuggingFaceTB--SmolLM2-1.7B-Instruct,x8_drive_gap_curve,6,0.4391066034634905
HuggingFaceTB--SmolLM2-1.7B-Instruct,x8_drive_gap_curve,7,2.4334095915158587
HuggingFaceTB--SmolLM2-1.7B-Instruct,x8_drive_gap_curve,8,1.6736162106196097
HuggingFaceTB--SmolLM2-1.7B-Instruct,x8_drive_gap_curve,9,-1.069883942604065
HuggingFaceTB--SmolLM2-1.7B-Instruct,x8_drive_gap_curve,10,0.20616590976715088
HuggingFaceTB--SmolLM2-1.7B-Instruct,x8_drive_gap_curve,11,-0.1985819935798636
HuggingFaceTB--SmolLM2-1.7B-Instruct,x8_drive_gap_curve,12,-0.3809838096300764
HuggingFaceTB--SmolLM2-1.7B-Instruct,x8_drive_gap_curve,13,1.144229531288147
HuggingFaceTB--SmolLM2-1.7B-Instruct,x8_drive_gap_curve,14,-1.0559985836346941
HuggingFaceTB--SmolLM2-1.7B-Instruct,x8_drive_gap_curve,15,-1.9675564169883728
HuggingFaceTB--SmolLM2-1.7B-Instruct,x8_drive_gap_curve,16,-0.6257491111755371
HuggingFaceTB--SmolLM2-1.7B-Instruct,x8_drive_gap_curve,17,-0.5643028815587361
HuggingFaceTB--SmolLM2-1.7B-Instruct,x8_drive_gap_curve,18,1.1632454792658486
HuggingFaceTB--SmolLM2-1.7B-Instruct,x8_drive_gap_curve,19,1.3272074262301128
HuggingFaceTB--SmolLM2-1.7B-Instruct,x8_drive_gap_curve,20,1.015261709690094
HuggingFaceTB--SmolLM2-1.7B-Instruct,x8_drive_gap_curve,21,0.1440663834412892
HuggingFaceTB--SmolLM2-1.7B-Instruct,x8_drive_gap_curve,22,1.2789580821990967
HuggingFaceTB--SmolLM2-1.7B-Instruct,x8_drive_gap_curve,23,2.4233100215593972
HuggingFaceTB--SmolLM2-1.7B-Instruct,x8_drive_gap_curve,24,0.26015031337738037
HuggingFaceTB--SmolLM2-1.7B-Instruct,x10_scar_curve,0,0.34232186145237636
HuggingFaceTB--SmolLM2-1.7B-Instruct,x10_scar_curve,1,0.16977413434077768
HuggingFaceTB--SmolLM2-1.7B-Instruct,x10_scar_curve,2,0.34858480023144706
HuggingFaceTB--SmolLM2-1.7B-Instruct,x10_scar_curve,3,0.36664166012174865
HuggingFaceTB--SmolLM2-1.7B-Instruct,x10_scar_curve,4,0.35952268744889015
HuggingFaceTB--SmolLM2-1.7B-Instruct,x10_scar_curve,5,0.22304470486793232
HuggingFaceTB--SmolLM2-1.7B-Instruct,x10_scar_curve,6,0.3548534134784632
HuggingFaceTB--SmolLM2-1.7B-Instruct,x10_scar_curve,7,0.28591073707340414
HuggingFaceTB--SmolLM2-1.7B-Instruct,x10_scar_curve,8,0.39757398862296
HuggingFaceTB--SmolLM2-1.7B-Instruct,x10_scar_curve,9,0.2996168166516411
HuggingFaceTB--SmolLM2-1.7B-Instruct,x10_scar_curve,10,0.3087418642496842
HuggingFaceTB--SmolLM2-1.7B-Instruct,x10_scar_curve,11,0.28528450306358416
HuggingFaceTB--SmolLM2-1.7B-Instruct,x10_scar_curve,12,0.35669619000668024
HuggingFaceTB--SmolLM2-1.7B-Instruct,x10_scar_curve,13,0.34404327608149005
HuggingFaceTB--SmolLM2-1.7B-Instruct,x10_scar_curve,14,0.24306952613442837
HuggingFaceTB--SmolLM2-1.7B-Instruct,x10_scar_curve,15,0.3425066004055148
HuggingFaceTB--SmolLM2-1.7B-Instruct,x10_scar_curve,16,0.34969259692524735
HuggingFaceTB--SmolLM2-1.7B-Instruct,x10_scar_curve,17,0.1809119712437783
HuggingFaceTB--SmolLM2-1.7B-Instruct,x10_scar_curve,18,0.4156256531818463
HuggingFaceTB--SmolLM2-1.7B-Instruct,x10_scar_curve,19,0.5522225937809716
HuggingFaceTB--SmolLM2-1.7B-Instruct,x10_scar_curve,20,0.5390305693936518
HuggingFaceTB--SmolLM2-1.7B-Instruct,x10_scar_curve,21,0.45667294248735096
HuggingFaceTB--SmolLM2-1.7B-Instruct,x10_scar_curve,22,0.23622718937222373
HuggingFaceTB--SmolLM2-1.7B-Instruct,x10_scar_curve,23,0.21195277161228532
HuggingFaceTB--SmolLM2-1.7B-Instruct,x10_z_curve,0,-0.011513931033986322
HuggingFaceTB--SmolLM2-1.7B-Instruct,x10_z_curve,1,-2.0960286821347553
HuggingFaceTB--SmolLM2-1.7B-Instruct,x10_z_curve,2,0.0641473859172952
HuggingFaceTB--SmolLM2-1.7B-Instruct,x10_z_curve,3,0.2822887166086534
HuggingFaceTB--SmolLM2-1.7B-Instruct,x10_z_curve,4,0.19628582455282823
HuggingFaceTB--SmolLM2-1.7B-Instruct,x10_z_curve,5,-1.4524775214081451
HuggingFaceTB--SmolLM2-1.7B-Instruct,x10_z_curve,6,0.13987725498650366
HuggingFaceTB--SmolLM2-1.7B-Instruct,x10_z_curve,7,-0.6930054978170958
HuggingFaceTB--SmolLM2-1.7B-Instruct,x10_z_curve,8,0.6559760211360947
HuggingFaceTB--SmolLM2-1.7B-Instruct,x10_z_curve,9,-0.5274250781914154
HuggingFaceTB--SmolLM2-1.7B-Instruct,x10_z_curve,10,-0.4171871942098135
HuggingFaceTB--SmolLM2-1.7B-Instruct,x10_z_curve,11,-0.7005709062577786
HuggingFaceTB--SmolLM2-1.7B-Instruct,x10_z_curve,12,0.16213947147786434
HuggingFaceTB--SmolLM2-1.7B-Instruct,x10_z_curve,13,0.00928213650753114
HuggingFaceTB--SmolLM2-1.7B-Instruct,x10_z_curve,14,-1.2105616409910713
HuggingFaceTB--SmolLM2-1.7B-Instruct,x10_z_curve,15,-0.00928213650753114
HuggingFaceTB--SmolLM2-1.7B-Instruct,x10_z_curve,16,0.07753045730341569
HuggingFaceTB--SmolLM2-1.7B-Instruct,x10_z_curve,17,-1.961474691141624
HuggingFaceTB--SmolLM2-1.7B-Instruct,x10_z_curve,18,0.8740545880625901
HuggingFaceTB--SmolLM2-1.7B-Instruct,x10_z_curve,19,2.5242550421662364
HuggingFaceTB--SmolLM2-1.7B-Instruct,x10_z_curve,20,2.3648848209956976
HuggingFaceTB--SmolLM2-1.7B-Instruct,x10_z_curve,21,1.369938721005618
HuggingFaceTB--SmolLM2-1.7B-Instruct,x10_z_curve,22,-1.2932225496658625
HuggingFaceTB--SmolLM2-1.7B-Instruct,x10_z_curve,23,-1.5864769595732575
HuggingFaceTB--SmolLM2-1.7B-Instruct,x10_sigma_min_curve,0,2.5324764251708984
HuggingFaceTB--SmolLM2-1.7B-Instruct,x10_sigma_min_curve,1,3.8229434490203857
HuggingFaceTB--SmolLM2-1.7B-Instruct,x10_sigma_min_curve,2,2.583285093307495
HuggingFaceTB--SmolLM2-1.7B-Instruct,x10_sigma_min_curve,3,2.5252320766448975
HuggingFaceTB--SmolLM2-1.7B-Instruct,x10_sigma_min_curve,4,2.571739912033081
HuggingFaceTB--SmolLM2-1.7B-Instruct,x10_sigma_min_curve,5,3.582723617553711
HuggingFaceTB--SmolLM2-1.7B-Instruct,x10_sigma_min_curve,6,2.6466763019561768
HuggingFaceTB--SmolLM2-1.7B-Instruct,x10_sigma_min_curve,7,3.121068000793457
HuggingFaceTB--SmolLM2-1.7B-Instruct,x10_sigma_min_curve,8,2.4272782802581787
HuggingFaceTB--SmolLM2-1.7B-Instruct,x10_sigma_min_curve,9,3.0921895503997803
HuggingFaceTB--SmolLM2-1.7B-Instruct,x10_sigma_min_curve,10,2.9802358150482178
HuggingFaceTB--SmolLM2-1.7B-Instruct,x10_sigma_min_curve,11,3.1664087772369385
HuggingFaceTB--SmolLM2-1.7B-Instruct,x10_sigma_min_curve,12,2.689213991165161
HuggingFaceTB--SmolLM2-1.7B-Instruct,x10_sigma_min_curve,13,2.7949509620666504
HuggingFaceTB--SmolLM2-1.7B-Instruct,x10_sigma_min_curve,14,3.555790662765503
HuggingFaceTB--SmolLM2-1.7B-Instruct,x10_sigma_min_curve,15,2.8755059242248535
HuggingFaceTB--SmolLM2-1.7B-Instruct,x10_sigma_min_curve,16,2.848424196243286
HuggingFaceTB--SmolLM2-1.7B-Instruct,x10_sigma_min_curve,17,4.277172088623047
HuggingFaceTB--SmolLM2-1.7B-Instruct,x10_sigma_min_curve,18,2.5314154624938965
HuggingFaceTB--SmolLM2-1.7B-Instruct,x10_sigma_min_curve,19,1.8839021921157837
HuggingFaceTB--SmolLM2-1.7B-Instruct,x10_sigma_min_curve,20,1.9801324605941772
HuggingFaceTB--SmolLM2-1.7B-Instruct,x10_sigma_min_curve,21,2.4270923137664795
HuggingFaceTB--SmolLM2-1.7B-Instruct,x10_sigma_min_curve,22,4.024269104003906
HuggingFaceTB--SmolLM2-1.7B-Instruct,x10_sigma_min_curve,23,4.084364891052246
HuggingFaceTB--SmolLM2-1.7B-Instruct,x10_sigma_mp_curve,0,5.570154900671472
HuggingFaceTB--SmolLM2-1.7B-Instruct,x10_sigma_mp_curve,1,5.65160769918006
HuggingFaceTB--SmolLM2-1.7B-Instruct,x10_sigma_mp_curve,2,5.7644401989881136
HuggingFaceTB--SmolLM2-1.7B-Instruct,x10_sigma_mp_curve,3,5.874121935735652
HuggingFaceTB--SmolLM2-1.7B-Instruct,x10_sigma_mp_curve,4,5.885044246033429
HuggingFaceTB--SmolLM2-1.7B-Instruct,x10_sigma_mp_curve,5,5.987672130825752
HuggingFaceTB--SmolLM2-1.7B-Instruct,x10_sigma_mp_curve,6,5.9917576942947885
HuggingFaceTB--SmolLM2-1.7B-Instruct,x10_sigma_mp_curve,7,6.0285652813579595
HuggingFaceTB--SmolLM2-1.7B-Instruct,x10_sigma_mp_curve,8,6.063083626491975
HuggingFaceTB--SmolLM2-1.7B-Instruct,x10_sigma_mp_curve,9,6.1642880536158335
HuggingFaceTB--SmolLM2-1.7B-Instruct,x10_sigma_mp_curve,10,6.067258430566331
HuggingFaceTB--SmolLM2-1.7B-Instruct,x10_sigma_mp_curve,11,6.107331360337035
HuggingFaceTB--SmolLM2-1.7B-Instruct,x10_sigma_mp_curve,12,6.113945345312973
HuggingFaceTB--SmolLM2-1.7B-Instruct,x10_sigma_mp_curve,13,6.171879930614215
HuggingFaceTB--SmolLM2-1.7B-Instruct,x10_sigma_mp_curve,14,6.22308468957865
HuggingFaceTB--SmolLM2-1.7B-Instruct,x10_sigma_mp_curve,15,6.327335558763231
HuggingFaceTB--SmolLM2-1.7B-Instruct,x10_sigma_mp_curve,16,6.3723153997027735
HuggingFaceTB--SmolLM2-1.7B-Instruct,x10_sigma_mp_curve,17,6.487370406334646
HuggingFaceTB--SmolLM2-1.7B-Instruct,x10_sigma_mp_curve,18,6.5915732365970605
HuggingFaceTB--SmolLM2-1.7B-Instruct,x10_sigma_mp_curve,19,6.718633410007515
HuggingFaceTB--SmolLM2-1.7B-Instruct,x10_sigma_mp_curve,20,6.850540097475346
HuggingFaceTB--SmolLM2-1.7B-Instruct,x10_sigma_mp_curve,21,6.946391193112711
HuggingFaceTB--SmolLM2-1.7B-Instruct,x10_sigma_mp_curve,22,6.9328883113920545
HuggingFaceTB--SmolLM2-1.7B-Instruct,x10_sigma_mp_curve,23,6.653915877569863
HuggingFaceTB--SmolLM3-3B,x1_g_curve,0,0.0
HuggingFaceTB--SmolLM3-3B,x1_g_curve,1,0.028548645192660944
HuggingFaceTB--SmolLM3-3B,x1_g_curve,2,0.045117218529357316
HuggingFaceTB--SmolLM3-3B,x1_g_curve,3,0.06589347669498424
HuggingFaceTB--SmolLM3-3B,x1_g_curve,4,0.11986648212959222
HuggingFaceTB--SmolLM3-3B,x1_g_curve,5,0.13708520897142398
HuggingFaceTB--SmolLM3-3B,x1_g_curve,6,0.1455003962448311
HuggingFaceTB--SmolLM3-3B,x1_g_curve,7,0.19926087030451167
HuggingFaceTB--SmolLM3-3B,x1_g_curve,8,0.19948808059799228
HuggingFaceTB--SmolLM3-3B,x1_g_curve,9,0.18938396386065415
HuggingFaceTB--SmolLM3-3B,x1_g_curve,10,0.26475257959201287
HuggingFaceTB--SmolLM3-3B,x1_g_curve,11,0.31904920607526355
HuggingFaceTB--SmolLM3-3B,x1_g_curve,12,0.34786196826395815
HuggingFaceTB--SmolLM3-3B,x1_g_curve,13,0.3342817879826204
HuggingFaceTB--SmolLM3-3B,x1_g_curve,14,0.35102165752860204
HuggingFaceTB--SmolLM3-3B,x1_g_curve,15,0.35114576887570575
HuggingFaceTB--SmolLM3-3B,x1_g_curve,16,0.38369663182712
HuggingFaceTB--SmolLM3-3B,x1_g_curve,17,0.38029763618869755
HuggingFaceTB--SmolLM3-3B,x1_g_curve,18,0.4377801033650661
HuggingFaceTB--SmolLM3-3B,x1_g_curve,19,0.5215358612399612
HuggingFaceTB--SmolLM3-3B,x1_g_curve,20,0.5930887101722665
HuggingFaceTB--SmolLM3-3B,x1_g_curve,21,0.6497282395255594
HuggingFaceTB--SmolLM3-3B,x1_g_curve,22,0.6519038990059034
HuggingFaceTB--SmolLM3-3B,x1_g_curve,23,0.6415121590878553
HuggingFaceTB--SmolLM3-3B,x1_g_curve,24,0.6428613698699219
HuggingFaceTB--SmolLM3-3B,x1_g_curve,25,0.6587578906929658
HuggingFaceTB--SmolLM3-3B,x1_g_curve,26,0.6554084404065094
HuggingFaceTB--SmolLM3-3B,x1_g_curve,27,0.6426248137343962
HuggingFaceTB--SmolLM3-3B,x1_g_curve,28,0.641344364345834
HuggingFaceTB--SmolLM3-3B,x1_g_curve,29,0.637330423868981
HuggingFaceTB--SmolLM3-3B,x1_g_curve,30,0.6474386682719624
HuggingFaceTB--SmolLM3-3B,x1_g_curve,31,0.6398864566591397
HuggingFaceTB--SmolLM3-3B,x1_g_curve,32,0.6260766549273785
HuggingFaceTB--SmolLM3-3B,x1_g_curve,33,0.6279994584527536
HuggingFaceTB--SmolLM3-3B,x1_g_curve,34,0.6295847468778141
HuggingFaceTB--SmolLM3-3B,x1_g_curve,35,0.6041785947220472
HuggingFaceTB--SmolLM3-3B,x1_g_curve,36,0.5370289889452732
HuggingFaceTB--SmolLM3-3B,auroc_by_layer,0,0.5
HuggingFaceTB--SmolLM3-3B,auroc_by_layer,1,0.7556423611111112
HuggingFaceTB--SmolLM3-3B,auroc_by_layer,2,0.8454861111111112
HuggingFaceTB--SmolLM3-3B,auroc_by_layer,3,0.9956597222222222
HuggingFaceTB--SmolLM3-3B,auroc_by_layer,4,0.9895833333333334
HuggingFaceTB--SmolLM3-3B,auroc_by_layer,5,0.9921875
HuggingFaceTB--SmolLM3-3B,auroc_by_layer,6,0.9934895833333334
HuggingFaceTB--SmolLM3-3B,auroc_by_layer,7,0.9921875
HuggingFaceTB--SmolLM3-3B,auroc_by_layer,8,0.9809027777777778
HuggingFaceTB--SmolLM3-3B,auroc_by_layer,9,0.9787326388888888
HuggingFaceTB--SmolLM3-3B,auroc_by_layer,10,0.98046875
HuggingFaceTB--SmolLM3-3B,auroc_by_layer,11,0.9817708333333334
HuggingFaceTB--SmolLM3-3B,auroc_by_layer,12,0.9800347222222222
HuggingFaceTB--SmolLM3-3B,auroc_by_layer,13,0.98046875
HuggingFaceTB--SmolLM3-3B,auroc_by_layer,14,0.9813368055555556
HuggingFaceTB--SmolLM3-3B,auroc_by_layer,15,0.9900173611111112
HuggingFaceTB--SmolLM3-3B,auroc_by_layer,16,0.98828125
HuggingFaceTB--SmolLM3-3B,auroc_by_layer,17,0.99609375
HuggingFaceTB--SmolLM3-3B,auroc_by_layer,18,1.0
HuggingFaceTB--SmolLM3-3B,auroc_by_layer,19,1.0
HuggingFaceTB--SmolLM3-3B,auroc_by_layer,20,1.0
HuggingFaceTB--SmolLM3-3B,auroc_by_layer,21,1.0
HuggingFaceTB--SmolLM3-3B,auroc_by_layer,22,1.0
HuggingFaceTB--SmolLM3-3B,auroc_by_layer,23,1.0
HuggingFaceTB--SmolLM3-3B,auroc_by_layer,24,1.0
HuggingFaceTB--SmolLM3-3B,auroc_by_layer,25,1.0
HuggingFaceTB--SmolLM3-3B,auroc_by_layer,26,1.0
HuggingFaceTB--SmolLM3-3B,auroc_by_layer,27,1.0
HuggingFaceTB--SmolLM3-3B,auroc_by_layer,28,1.0
HuggingFaceTB--SmolLM3-3B,auroc_by_layer,29,1.0
HuggingFaceTB--SmolLM3-3B,auroc_by_layer,30,1.0
HuggingFaceTB--SmolLM3-3B,auroc_by_layer,31,1.0
HuggingFaceTB--SmolLM3-3B,auroc_by_layer,32,1.0
HuggingFaceTB--SmolLM3-3B,auroc_by_layer,33,1.0
HuggingFaceTB--SmolLM3-3B,auroc_by_layer,34,1.0
HuggingFaceTB--SmolLM3-3B,auroc_by_layer,35,1.0
HuggingFaceTB--SmolLM3-3B,auroc_by_layer,36,1.0
HuggingFaceTB--SmolLM3-3B,cohen_by_layer,0,
HuggingFaceTB--SmolLM3-3B,cohen_by_layer,1,3.01338406361535
HuggingFaceTB--SmolLM3-3B,cohen_by_layer,2,3.8775602394073743
HuggingFaceTB--SmolLM3-3B,cohen_by_layer,3,4.77511582068757
HuggingFaceTB--SmolLM3-3B,cohen_by_layer,4,4.321229359439278
HuggingFaceTB--SmolLM3-3B,cohen_by_layer,5,4.550501966525325
HuggingFaceTB--SmolLM3-3B,cohen_by_layer,6,4.496224857182988
HuggingFaceTB--SmolLM3-3B,cohen_by_layer,7,4.148858635799607
HuggingFaceTB--SmolLM3-3B,cohen_by_layer,8,3.7757648679338605
HuggingFaceTB--SmolLM3-3B,cohen_by_layer,9,3.746872050232414
HuggingFaceTB--SmolLM3-3B,cohen_by_layer,10,4.7239851017781405
HuggingFaceTB--SmolLM3-3B,cohen_by_layer,11,4.701955988869933
HuggingFaceTB--SmolLM3-3B,cohen_by_layer,12,4.502220426148177
HuggingFaceTB--SmolLM3-3B,cohen_by_layer,13,4.39838406957125
HuggingFaceTB--SmolLM3-3B,cohen_by_layer,14,4.34341728126775
HuggingFaceTB--SmolLM3-3B,cohen_by_layer,15,4.847197781381764
HuggingFaceTB--SmolLM3-3B,cohen_by_layer,16,4.706509977151916
HuggingFaceTB--SmolLM3-3B,cohen_by_layer,17,4.657537562777124
HuggingFaceTB--SmolLM3-3B,cohen_by_layer,18,6.0181990697524625
HuggingFaceTB--SmolLM3-3B,cohen_by_layer,19,6.488715548565894
HuggingFaceTB--SmolLM3-3B,cohen_by_layer,20,6.614231762835329
HuggingFaceTB--SmolLM3-3B,cohen_by_layer,21,6.864965259004931
HuggingFaceTB--SmolLM3-3B,cohen_by_layer,22,7.504685804405139
HuggingFaceTB--SmolLM3-3B,cohen_by_layer,23,7.367147949453041
HuggingFaceTB--SmolLM3-3B,cohen_by_layer,24,7.8692455215544355
HuggingFaceTB--SmolLM3-3B,cohen_by_layer,25,7.879708727840546
HuggingFaceTB--SmolLM3-3B,cohen_by_layer,26,7.793512184651711
HuggingFaceTB--SmolLM3-3B,cohen_by_layer,27,7.819632540271043
HuggingFaceTB--SmolLM3-3B,cohen_by_layer,28,7.784444401608036
HuggingFaceTB--SmolLM3-3B,cohen_by_layer,29,7.425791661499508
HuggingFaceTB--SmolLM3-3B,cohen_by_layer,30,7.353664614094833
HuggingFaceTB--SmolLM3-3B,cohen_by_layer,31,7.261486969133631
HuggingFaceTB--SmolLM3-3B,cohen_by_layer,32,7.306047581753387
HuggingFaceTB--SmolLM3-3B,cohen_by_layer,33,7.243244141979644
HuggingFaceTB--SmolLM3-3B,cohen_by_layer,34,7.191368703367912
HuggingFaceTB--SmolLM3-3B,cohen_by_layer,35,7.397206451673132
HuggingFaceTB--SmolLM3-3B,cohen_by_layer,36,7.477893096984074
HuggingFaceTB--SmolLM3-3B,x2_wm_curve,0,1.1675342721659008
HuggingFaceTB--SmolLM3-3B,x2_wm_curve,1,1.1258838336894152
HuggingFaceTB--SmolLM3-3B,x2_wm_curve,2,1.064424661131573
HuggingFaceTB--SmolLM3-3B,x2_wm_curve,3,1.1188164243138907
HuggingFaceTB--SmolLM3-3B,x2_wm_curve,4,1.1316281051548613
HuggingFaceTB--SmolLM3-3B,x2_wm_curve,5,1.088810129529656
HuggingFaceTB--SmolLM3-3B,x2_wm_curve,6,1.0874080373332549
HuggingFaceTB--SmolLM3-3B,x2_wm_curve,7,1.0620178338834911
HuggingFaceTB--SmolLM3-3B,x2_wm_curve,8,1.101266167924575
HuggingFaceTB--SmolLM3-3B,x2_wm_curve,9,1.0826882643065043
HuggingFaceTB--SmolLM3-3B,x2_wm_curve,10,1.1103962510136474
HuggingFaceTB--SmolLM3-3B,x2_wm_curve,11,1.1065257033132292
HuggingFaceTB--SmolLM3-3B,x2_wm_curve,12,1.1362458033587857
HuggingFaceTB--SmolLM3-3B,x2_wm_curve,13,1.0927833963267646
HuggingFaceTB--SmolLM3-3B,x2_wm_curve,14,1.2021156638331938
HuggingFaceTB--SmolLM3-3B,x2_wm_curve,15,1.1488758489526232
HuggingFaceTB--SmolLM3-3B,x2_wm_curve,16,1.1256147627615585
HuggingFaceTB--SmolLM3-3B,x2_wm_curve,17,1.2105647062621958
HuggingFaceTB--SmolLM3-3B,x2_wm_curve,18,1.2491127649224982
HuggingFaceTB--SmolLM3-3B,x2_wm_curve,19,1.281642292530925
HuggingFaceTB--SmolLM3-3B,x2_wm_curve,20,1.2215124585636628
HuggingFaceTB--SmolLM3-3B,x2_wm_curve,21,1.158218119994649
HuggingFaceTB--SmolLM3-3B,x2_wm_curve,22,1.1259914395848218
HuggingFaceTB--SmolLM3-3B,x2_wm_curve,23,1.0791809839590978
HuggingFaceTB--SmolLM3-3B,x2_wm_curve,24,1.1343465078885993
HuggingFaceTB--SmolLM3-3B,x2_wm_curve,25,1.0472198158696278
HuggingFaceTB--SmolLM3-3B,x2_wm_curve,26,1.0133474005521113
HuggingFaceTB--SmolLM3-3B,x2_wm_curve,27,1.0240780661893163
HuggingFaceTB--SmolLM3-3B,x2_wm_curve,28,1.0253355156860224
HuggingFaceTB--SmolLM3-3B,x2_wm_curve,29,1.0619969218674843
HuggingFaceTB--SmolLM3-3B,x2_wm_curve,30,1.01684085982526
HuggingFaceTB--SmolLM3-3B,x2_wm_curve,31,0.9503300892851422
HuggingFaceTB--SmolLM3-3B,x2_wm_curve,32,0.9977624804577867
HuggingFaceTB--SmolLM3-3B,x2_wm_curve,33,0.9354475128245673
HuggingFaceTB--SmolLM3-3B,x2_wm_curve,34,1.020134538396221
HuggingFaceTB--SmolLM3-3B,x2_wm_curve,35,0.9957860720350445
HuggingFaceTB--SmolLM3-3B,x8_drive_gap_curve,0,0.0
HuggingFaceTB--SmolLM3-3B,x8_drive_gap_curve,1,-0.12062112490336041
HuggingFaceTB--SmolLM3-3B,x8_drive_gap_curve,2,-0.18269503116607663
HuggingFaceTB--SmolLM3-3B,x8_drive_gap_curve,3,-0.11406018336613977
HuggingFaceTB--SmolLM3-3B,x8_drive_gap_curve,4,-0.5065839489301043
HuggingFaceTB--SmolLM3-3B,x8_drive_gap_curve,5,0.5536475678284962
HuggingFaceTB--SmolLM3-3B,x8_drive_gap_curve,6,0.7883893251419067
HuggingFaceTB--SmolLM3-3B,x8_drive_gap_curve,7,-0.33375432093938207
HuggingFaceTB--SmolLM3-3B,x8_drive_gap_curve,8,-0.4053539137045542
HuggingFaceTB--SmolLM3-3B,x8_drive_gap_curve,9,-0.12815414865811664
HuggingFaceTB--SmolLM3-3B,x8_drive_gap_curve,10,-1.6043458481629689
HuggingFaceTB--SmolLM3-3B,x8_drive_gap_curve,11,0.582526445388794
HuggingFaceTB--SmolLM3-3B,x8_drive_gap_curve,12,1.102765142917633
HuggingFaceTB--SmolLM3-3B,x8_drive_gap_curve,13,-0.1435283819834392
HuggingFaceTB--SmolLM3-3B,x8_drive_gap_curve,14,-0.3729639848073325
HuggingFaceTB--SmolLM3-3B,x8_drive_gap_curve,15,-0.04604659477869699
HuggingFaceTB--SmolLM3-3B,x8_drive_gap_curve,16,-0.3955076535542805
HuggingFaceTB--SmolLM3-3B,x8_drive_gap_curve,17,-0.779024382432302
HuggingFaceTB--SmolLM3-3B,x8_drive_gap_curve,18,1.2020804484685264
HuggingFaceTB--SmolLM3-3B,x8_drive_gap_curve,19,2.5272306203842163
HuggingFaceTB--SmolLM3-3B,x8_drive_gap_curve,20,2.419411877791087
HuggingFaceTB--SmolLM3-3B,x8_drive_gap_curve,21,1.5055564244588213
HuggingFaceTB--SmolLM3-3B,x8_drive_gap_curve,22,2.57510507106781
HuggingFaceTB--SmolLM3-3B,x8_drive_gap_curve,23,2.5310611724853516
HuggingFaceTB--SmolLM3-3B,x8_drive_gap_curve,24,3.484279155731201
HuggingFaceTB--SmolLM3-3B,x8_drive_gap_curve,25,3.116077760855357
HuggingFaceTB--SmolLM3-3B,x8_drive_gap_curve,26,3.6141094168027244
HuggingFaceTB--SmolLM3-3B,x8_drive_gap_curve,27,2.346510966618856
HuggingFaceTB--SmolLM3-3B,x8_drive_gap_curve,28,2.2808537085851035
HuggingFaceTB--SmolLM3-3B,x8_drive_gap_curve,29,1.1711228589216869
HuggingFaceTB--SmolLM3-3B,x8_drive_gap_curve,30,1.4174486796061196
HuggingFaceTB--SmolLM3-3B,x8_drive_gap_curve,31,1.388430804014206
HuggingFaceTB--SmolLM3-3B,x8_drive_gap_curve,32,2.578409492969513
HuggingFaceTB--SmolLM3-3B,x8_drive_gap_curve,33,3.0713731249173484
HuggingFaceTB--SmolLM3-3B,x8_drive_gap_curve,34,3.191849191983541
HuggingFaceTB--SmolLM3-3B,x8_drive_gap_curve,35,3.2547556360562644
HuggingFaceTB--SmolLM3-3B,x8_drive_gap_curve,36,1.995977520942688
HuggingFaceTB--SmolLM3-3B,x10_scar_curve,0,0.24133883163350214
HuggingFaceTB--SmolLM3-3B,x10_scar_curve,1,0.30456742032329465
HuggingFaceTB--SmolLM3-3B,x10_scar_curve,2,0.47069474032961905
HuggingFaceTB--SmolLM3-3B,x10_scar_curve,3,0.3576252163974075
HuggingFaceTB--SmolLM3-3B,x10_scar_curve,4,0.3754795338495967
HuggingFaceTB--SmolLM3-3B,x10_scar_curve,5,0.4103655061535164
HuggingFaceTB--SmolLM3-3B,x10_scar_curve,6,0.4929369355941231
HuggingFaceTB--SmolLM3-3B,x10_scar_curve,7,0.502123720299062
HuggingFaceTB--SmolLM3-3B,x10_scar_curve,8,0.4977684454731684
HuggingFaceTB--SmolLM3-3B,x10_scar_curve,9,0.4386184038252714
HuggingFaceTB--SmolLM3-3B,x10_scar_curve,10,0.6362810872045375
HuggingFaceTB--SmolLM3-3B,x10_scar_curve,11,0.6298786428782812
HuggingFaceTB--SmolLM3-3B,x10_scar_curve,12,0.6372331664064809
HuggingFaceTB--SmolLM3-3B,x10_scar_curve,13,0.6690270937405078
HuggingFaceTB--SmolLM3-3B,x10_scar_curve,14,0.690007745258927
HuggingFaceTB--SmolLM3-3B,x10_scar_curve,15,0.6758404642787577
HuggingFaceTB--SmolLM3-3B,x10_scar_curve,16,0.6566310882619565
HuggingFaceTB--SmolLM3-3B,x10_scar_curve,17,0.4455077799172345
HuggingFaceTB--SmolLM3-3B,x10_scar_curve,18,0.6275828698771256
HuggingFaceTB--SmolLM3-3B,x10_scar_curve,19,0.4484173768455808
HuggingFaceTB--SmolLM3-3B,x10_scar_curve,20,0.4664830550204746
HuggingFaceTB--SmolLM3-3B,x10_scar_curve,21,0.4643509060122453
HuggingFaceTB--SmolLM3-3B,x10_scar_curve,22,0.32482033569294955
HuggingFaceTB--SmolLM3-3B,x10_scar_curve,23,0.2543071140590924
HuggingFaceTB--SmolLM3-3B,x10_scar_curve,24,0.40567909011803627
HuggingFaceTB--SmolLM3-3B,x10_scar_curve,25,0.2936539086367803
HuggingFaceTB--SmolLM3-3B,x10_scar_curve,26,0.2712024304789829
HuggingFaceTB--SmolLM3-3B,x10_scar_curve,27,0.41986775396853093
HuggingFaceTB--SmolLM3-3B,x10_scar_curve,28,0.5018952608327245
HuggingFaceTB--SmolLM3-3B,x10_scar_curve,29,0.4966578181202199
HuggingFaceTB--SmolLM3-3B,x10_scar_curve,30,0.3684779648410834
HuggingFaceTB--SmolLM3-3B,x10_scar_curve,31,0.34169107136787075
HuggingFaceTB--SmolLM3-3B,x10_scar_curve,32,0.2817633096349103
HuggingFaceTB--SmolLM3-3B,x10_scar_curve,33,0.2700706722457714
HuggingFaceTB--SmolLM3-3B,x10_scar_curve,34,0.16336272126062695
HuggingFaceTB--SmolLM3-3B,x10_scar_curve,35,0.21515089619685104
HuggingFaceTB--SmolLM3-3B,x10_z_curve,0,-1.2442781763039386
HuggingFaceTB--SmolLM3-3B,x10_z_curve,1,-0.8523277816081487
HuggingFaceTB--SmolLM3-3B,x10_z_curve,2,0.1774859465724465
HuggingFaceTB--SmolLM3-3B,x10_z_curve,3,-0.5234255469724017
HuggingFaceTB--SmolLM3-3B,x10_z_curve,4,-0.41274765715356376
HuggingFaceTB--SmolLM3-3B,x10_z_curve,5,-0.19649151579080146
HuggingFaceTB--SmolLM3-3B,x10_z_curve,6,0.31536403927500556
HuggingFaceTB--SmolLM3-3B,x10_z_curve,7,0.3723123907359542
HuggingFaceTB--SmolLM3-3B,x10_z_curve,8,0.3453142918950538
HuggingFaceTB--SmolLM3-3B,x10_z_curve,9,-0.021353423620608075
HuggingFaceTB--SmolLM3-3B,x10_z_curve,10,1.2039462133399668
HuggingFaceTB--SmolLM3-3B,x10_z_curve,11,1.1642578281854983
HuggingFaceTB--SmolLM3-3B,x10_z_curve,12,1.2098480977045567
HuggingFaceTB--SmolLM3-3B,x10_z_curve,13,1.4069368296488918
HuggingFaceTB--SmolLM3-3B,x10_z_curve,14,1.5369946850276375
HuggingFaceTB--SmolLM3-3B,x10_z_curve,15,1.4491725228220782
HuggingFaceTB--SmolLM3-3B,x10_z_curve,16,1.3300947026830918
HuggingFaceTB--SmolLM3-3B,x10_z_curve,17,0.02135342362060842
HuggingFaceTB--SmolLM3-3B,x10_z_curve,18,1.1500264630296264
HuggingFaceTB--SmolLM3-3B,x10_z_curve,19,0.03938984809413297
HuggingFaceTB--SmolLM3-3B,x10_z_curve,20,0.15137795091003303
HuggingFaceTB--SmolLM3-3B,x10_z_curve,21,0.13816088150135564
HuggingFaceTB--SmolLM3-3B,x10_z_curve,22,-0.7267811208749448
HuggingFaceTB--SmolLM3-3B,x10_z_curve,23,-1.1638885373674435
HuggingFaceTB--SmolLM3-3B,x10_z_curve,24,-0.22554233999671416
HuggingFaceTB--SmolLM3-3B,x10_z_curve,25,-0.9199800145882747
HuggingFaceTB--SmolLM3-3B,x10_z_curve,26,-1.0591554399425533
HuggingFaceTB--SmolLM3-3B,x10_z_curve,27,-0.13758762660446244
HuggingFaceTB--SmolLM3-3B,x10_z_curve,28,0.37089618360784155
HuggingFaceTB--SmolLM3-3B,x10_z_curve,29,0.3384295766362049
HuggingFaceTB--SmolLM3-3B,x10_z_curve,30,-0.45614998184944333
HuggingFaceTB--SmolLM3-3B,x10_z_curve,31,-0.6222003980782456
HuggingFaceTB--SmolLM3-3B,x10_z_curve,32,-0.9936891557936469
HuggingFaceTB--SmolLM3-3B,x10_z_curve,33,-1.0661711443161521
HuggingFaceTB--SmolLM3-3B,x10_z_curve,34,-1.7276476120418722
HuggingFaceTB--SmolLM3-3B,x10_z_curve,35,-1.4066156860184376
HuggingFaceTB--SmolLM3-3B,x10_sigma_min_curve,0,0.6422626972198486
HuggingFaceTB--SmolLM3-3B,x10_sigma_min_curve,1,0.5576950311660767
HuggingFaceTB--SmolLM3-3B,x10_sigma_min_curve,2,0.38376227021217346
HuggingFaceTB--SmolLM3-3B,x10_sigma_min_curve,3,0.48419666290283203
HuggingFaceTB--SmolLM3-3B,x10_sigma_min_curve,4,0.46017080545425415
HuggingFaceTB--SmolLM3-3B,x10_sigma_min_curve,5,0.43919122219085693
HuggingFaceTB--SmolLM3-3B,x10_sigma_min_curve,6,0.36083394289016724
HuggingFaceTB--SmolLM3-3B,x10_sigma_min_curve,7,0.34962454438209534
HuggingFaceTB--SmolLM3-3B,x10_sigma_min_curve,8,0.34871238470077515
HuggingFaceTB--SmolLM3-3B,x10_sigma_min_curve,9,0.3983745276927948
HuggingFaceTB--SmolLM3-3B,x10_sigma_min_curve,10,0.25505125522613525
HuggingFaceTB--SmolLM3-3B,x10_sigma_min_curve,11,0.25907421112060547
HuggingFaceTB--SmolLM3-3B,x10_sigma_min_curve,12,0.2537747025489807
HuggingFaceTB--SmolLM3-3B,x10_sigma_min_curve,13,0.23677773773670197
HuggingFaceTB--SmolLM3-3B,x10_sigma_min_curve,14,0.22626851499080658
HuggingFaceTB--SmolLM3-3B,x10_sigma_min_curve,15,0.23175257444381714
HuggingFaceTB--SmolLM3-3B,x10_sigma_min_curve,16,0.2451457530260086
HuggingFaceTB--SmolLM3-3B,x10_sigma_min_curve,17,0.3986397981643677
HuggingFaceTB--SmolLM3-3B,x10_sigma_min_curve,18,0.26306599378585815
HuggingFaceTB--SmolLM3-3B,x10_sigma_min_curve,19,0.39399030804634094
HuggingFaceTB--SmolLM3-3B,x10_sigma_min_curve,20,0.3812309503555298
HuggingFaceTB--SmolLM3-3B,x10_sigma_min_curve,21,0.37871187925338745
HuggingFaceTB--SmolLM3-3B,x10_sigma_min_curve,22,0.5196520686149597
HuggingFaceTB--SmolLM3-3B,x10_sigma_min_curve,23,0.6157160997390747
HuggingFaceTB--SmolLM3-3B,x10_sigma_min_curve,24,0.42722436785697937
HuggingFaceTB--SmolLM3-3B,x10_sigma_min_curve,25,0.5596257448196411
HuggingFaceTB--SmolLM3-3B,x10_sigma_min_curve,26,0.5933234095573425
HuggingFaceTB--SmolLM3-3B,x10_sigma_min_curve,27,0.4249255061149597
HuggingFaceTB--SmolLM3-3B,x10_sigma_min_curve,28,0.3537842631340027
HuggingFaceTB--SmolLM3-3B,x10_sigma_min_curve,29,0.3582087457180023
HuggingFaceTB--SmolLM3-3B,x10_sigma_min_curve,30,0.4899366497993469
HuggingFaceTB--SmolLM3-3B,x10_sigma_min_curve,31,0.5317637920379639
HuggingFaceTB--SmolLM3-3B,x10_sigma_min_curve,32,0.6072809100151062
HuggingFaceTB--SmolLM3-3B,x10_sigma_min_curve,33,0.6283412575721741
HuggingFaceTB--SmolLM3-3B,x10_sigma_min_curve,34,0.7947605848312378
HuggingFaceTB--SmolLM3-3B,x10_sigma_min_curve,35,0.6865561008453369
HuggingFaceTB--SmolLM3-3B,x10_sigma_mp_curve,0,1.1195707162772175
HuggingFaceTB--SmolLM3-3B,x10_sigma_mp_curve,1,1.1245122619456431
HuggingFaceTB--SmolLM3-3B,x10_sigma_mp_curve,2,1.1343759617972278
HuggingFaceTB--SmolLM3-3B,x10_sigma_mp_curve,3,1.1031815967648477
HuggingFaceTB--SmolLM3-3B,x10_sigma_mp_curve,4,1.092442521988646
HuggingFaceTB--SmolLM3-3B,x10_sigma_mp_curve,5,1.1298457537006636
HuggingFaceTB--SmolLM3-3B,x10_sigma_mp_curve,6,1.1226498419500843
HuggingFaceTB--SmolLM3-3B,x10_sigma_mp_curve,7,1.1110296106769204
HuggingFaceTB--SmolLM3-3B,x10_sigma_mp_curve,8,1.0970737338924879
HuggingFaceTB--SmolLM3-3B,x10_sigma_mp_curve,9,1.093729599173083
HuggingFaceTB--SmolLM3-3B,x10_sigma_mp_curve,10,1.1038461631982046
HuggingFaceTB--SmolLM3-3B,x10_sigma_mp_curve,11,1.1048487464785
HuggingFaceTB--SmolLM3-3B,x10_sigma_mp_curve,12,1.1007317504401521
HuggingFaceTB--SmolLM3-3B,x10_sigma_mp_curve,13,1.105014458531516
HuggingFaceTB--SmolLM3-3B,x10_sigma_mp_curve,14,1.1082350255421856
HuggingFaceTB--SmolLM3-3B,x10_sigma_mp_curve,15,1.09866434741085
HuggingFaceTB--SmolLM3-3B,x10_sigma_mp_curve,16,1.111873711309067
HuggingFaceTB--SmolLM3-3B,x10_sigma_mp_curve,17,1.1119581292092178
HuggingFaceTB--SmolLM3-3B,x10_sigma_mp_curve,18,1.1159573087940422
HuggingFaceTB--SmolLM3-3B,x10_sigma_mp_curve,19,1.1063764307687356
HuggingFaceTB--SmolLM3-3B,x10_sigma_mp_curve,20,1.1160180191661704
HuggingFaceTB--SmolLM3-3B,x10_sigma_mp_curve,21,1.1032141768125405
HuggingFaceTB--SmolLM3-3B,x10_sigma_mp_curve,22,1.0978246959075946
HuggingFaceTB--SmolLM3-3B,x10_sigma_mp_curve,23,1.1058281056144208
HuggingFaceTB--SmolLM3-3B,x10_sigma_mp_curve,24,1.0872642439928615
HuggingFaceTB--SmolLM3-3B,x10_sigma_mp_curve,25,1.1004025649942664
HuggingFaceTB--SmolLM3-3B,x10_sigma_mp_curve,26,1.1078830404974584
HuggingFaceTB--SmolLM3-3B,x10_sigma_mp_curve,27,1.1173276709421167
HuggingFaceTB--SmolLM3-3B,x10_sigma_mp_curve,28,1.1236570261591408
HuggingFaceTB--SmolLM3-3B,x10_sigma_mp_curve,29,1.1240716718265027
HuggingFaceTB--SmolLM3-3B,x10_sigma_mp_curve,30,1.1445055235648487
HuggingFaceTB--SmolLM3-3B,x10_sigma_mp_curve,31,1.1679112292631735
HuggingFaceTB--SmolLM3-3B,x10_sigma_mp_curve,32,1.161857695464255
HuggingFaceTB--SmolLM3-3B,x10_sigma_mp_curve,33,1.170216585676963
HuggingFaceTB--SmolLM3-3B,x10_sigma_mp_curve,34,1.1577080201768903
HuggingFaceTB--SmolLM3-3B,x10_sigma_mp_curve,35,1.126748339983789
Qwen--Qwen2.5-1.5B-Instruct,x1_g_curve,0,0.0
Qwen--Qwen2.5-1.5B-Instruct,x1_g_curve,1,0.07230707576686059
Qwen--Qwen2.5-1.5B-Instruct,x1_g_curve,2,0.11777913785572586
Qwen--Qwen2.5-1.5B-Instruct,x1_g_curve,3,0.13487047153748002
Qwen--Qwen2.5-1.5B-Instruct,x1_g_curve,4,0.19586202907574532
Qwen--Qwen2.5-1.5B-Instruct,x1_g_curve,5,0.18172331978466957
Qwen--Qwen2.5-1.5B-Instruct,x1_g_curve,6,0.16173730509138487
Qwen--Qwen2.5-1.5B-Instruct,x1_g_curve,7,0.15346669775748153
Qwen--Qwen2.5-1.5B-Instruct,x1_g_curve,8,0.15884883122458118
Qwen--Qwen2.5-1.5B-Instruct,x1_g_curve,9,0.1782065668484144
Qwen--Qwen2.5-1.5B-Instruct,x1_g_curve,10,0.18690636722440518
Qwen--Qwen2.5-1.5B-Instruct,x1_g_curve,11,0.20123136622649698
Qwen--Qwen2.5-1.5B-Instruct,x1_g_curve,12,0.18589414566055043
Qwen--Qwen2.5-1.5B-Instruct,x1_g_curve,13,0.18733313527518936
Qwen--Qwen2.5-1.5B-Instruct,x1_g_curve,14,0.25367634295785907
Qwen--Qwen2.5-1.5B-Instruct,x1_g_curve,15,0.2342291327712703
Qwen--Qwen2.5-1.5B-Instruct,x1_g_curve,16,0.3075668747926481
Qwen--Qwen2.5-1.5B-Instruct,x1_g_curve,17,0.41337970978443567
Qwen--Qwen2.5-1.5B-Instruct,x1_g_curve,18,0.4604641753635193
Qwen--Qwen2.5-1.5B-Instruct,x1_g_curve,19,0.5264112637394112
Qwen--Qwen2.5-1.5B-Instruct,x1_g_curve,20,0.4895045995561027
Qwen--Qwen2.5-1.5B-Instruct,x1_g_curve,21,0.4950943772639399
Qwen--Qwen2.5-1.5B-Instruct,x1_g_curve,22,0.5183101910167539
Qwen--Qwen2.5-1.5B-Instruct,x1_g_curve,23,0.5422769323436692
Qwen--Qwen2.5-1.5B-Instruct,x1_g_curve,24,0.5076242261175967
Qwen--Qwen2.5-1.5B-Instruct,x1_g_curve,25,0.5106298635826992
Qwen--Qwen2.5-1.5B-Instruct,x1_g_curve,26,0.4435091084836139
Qwen--Qwen2.5-1.5B-Instruct,x1_g_curve,27,0.3694376894707652
Qwen--Qwen2.5-1.5B-Instruct,x1_g_curve,28,0.47454105702379673
Qwen--Qwen2.5-1.5B-Instruct,auroc_by_layer,0,0.5
Qwen--Qwen2.5-1.5B-Instruct,auroc_by_layer,1,0.9609375
Qwen--Qwen2.5-1.5B-Instruct,auroc_by_layer,2,0.9991319444444444
Qwen--Qwen2.5-1.5B-Instruct,auroc_by_layer,3,1.0
Qwen--Qwen2.5-1.5B-Instruct,auroc_by_layer,4,1.0
Qwen--Qwen2.5-1.5B-Instruct,auroc_by_layer,5,0.99609375
Qwen--Qwen2.5-1.5B-Instruct,auroc_by_layer,6,1.0
Qwen--Qwen2.5-1.5B-Instruct,auroc_by_layer,7,0.9991319444444444
Qwen--Qwen2.5-1.5B-Instruct,auroc_by_layer,8,0.9986979166666666
Qwen--Qwen2.5-1.5B-Instruct,auroc_by_layer,9,0.9978298611111112
Qwen--Qwen2.5-1.5B-Instruct,auroc_by_layer,10,0.9934895833333334
Qwen--Qwen2.5-1.5B-Instruct,auroc_by_layer,11,0.9904513888888888
Qwen--Qwen2.5-1.5B-Instruct,auroc_by_layer,12,0.9939236111111112
Qwen--Qwen2.5-1.5B-Instruct,auroc_by_layer,13,0.9908854166666666
Qwen--Qwen2.5-1.5B-Instruct,auroc_by_layer,14,0.9995659722222222
Qwen--Qwen2.5-1.5B-Instruct,auroc_by_layer,15,1.0
Qwen--Qwen2.5-1.5B-Instruct,auroc_by_layer,16,1.0
Qwen--Qwen2.5-1.5B-Instruct,auroc_by_layer,17,1.0
Qwen--Qwen2.5-1.5B-Instruct,auroc_by_layer,18,1.0
Qwen--Qwen2.5-1.5B-Instruct,auroc_by_layer,19,1.0
Qwen--Qwen2.5-1.5B-Instruct,auroc_by_layer,20,1.0
Qwen--Qwen2.5-1.5B-Instruct,auroc_by_layer,21,1.0
Qwen--Qwen2.5-1.5B-Instruct,auroc_by_layer,22,1.0
Qwen--Qwen2.5-1.5B-Instruct,auroc_by_layer,23,1.0
Qwen--Qwen2.5-1.5B-Instruct,auroc_by_layer,24,1.0
Qwen--Qwen2.5-1.5B-Instruct,auroc_by_layer,25,1.0
Qwen--Qwen2.5-1.5B-Instruct,auroc_by_layer,26,1.0
Qwen--Qwen2.5-1.5B-Instruct,auroc_by_layer,27,1.0
Qwen--Qwen2.5-1.5B-Instruct,auroc_by_layer,28,1.0
Qwen--Qwen2.5-1.5B-Instruct,cohen_by_layer,0,
Qwen--Qwen2.5-1.5B-Instruct,cohen_by_layer,1,3.626678719963
Qwen--Qwen2.5-1.5B-Instruct,cohen_by_layer,2,4.46884488270919
Qwen--Qwen2.5-1.5B-Instruct,cohen_by_layer,3,4.970033631102732
Qwen--Qwen2.5-1.5B-Instruct,cohen_by_layer,4,5.227766044075579
Qwen--Qwen2.5-1.5B-Instruct,cohen_by_layer,5,4.969859416211052
Qwen--Qwen2.5-1.5B-Instruct,cohen_by_layer,6,5.170685040887221
Qwen--Qwen2.5-1.5B-Instruct,cohen_by_layer,7,4.862955633655451
Qwen--Qwen2.5-1.5B-Instruct,cohen_by_layer,8,4.9092048430785
Qwen--Qwen2.5-1.5B-Instruct,cohen_by_layer,9,4.8998821721336085
Qwen--Qwen2.5-1.5B-Instruct,cohen_by_layer,10,5.084435523586663
Qwen--Qwen2.5-1.5B-Instruct,cohen_by_layer,11,5.175414496049585
Qwen--Qwen2.5-1.5B-Instruct,cohen_by_layer,12,5.598092522140138
Qwen--Qwen2.5-1.5B-Instruct,cohen_by_layer,13,5.2707108551810915
Qwen--Qwen2.5-1.5B-Instruct,cohen_by_layer,14,6.085896288628344
Qwen--Qwen2.5-1.5B-Instruct,cohen_by_layer,15,6.13891217776033
Qwen--Qwen2.5-1.5B-Instruct,cohen_by_layer,16,6.786854668372039
Qwen--Qwen2.5-1.5B-Instruct,cohen_by_layer,17,6.665155804230117
Qwen--Qwen2.5-1.5B-Instruct,cohen_by_layer,18,7.735722017367833
Qwen--Qwen2.5-1.5B-Instruct,cohen_by_layer,19,8.333723781185828
Qwen--Qwen2.5-1.5B-Instruct,cohen_by_layer,20,7.848427615508753
Qwen--Qwen2.5-1.5B-Instruct,cohen_by_layer,21,8.049872065802585
Qwen--Qwen2.5-1.5B-Instruct,cohen_by_layer,22,8.139168680448481
Qwen--Qwen2.5-1.5B-Instruct,cohen_by_layer,23,7.872725449468648
Qwen--Qwen2.5-1.5B-Instruct,cohen_by_layer,24,7.705312116176974
Qwen--Qwen2.5-1.5B-Instruct,cohen_by_layer,25,7.719504856128714
Qwen--Qwen2.5-1.5B-Instruct,cohen_by_layer,26,7.832260632209137
Qwen--Qwen2.5-1.5B-Instruct,cohen_by_layer,27,8.044566977080533
Qwen--Qwen2.5-1.5B-Instruct,cohen_by_layer,28,7.712664807048896
Qwen--Qwen2.5-1.5B-Instruct,x2_wm_curve,0,0.9933512900690226
Qwen--Qwen2.5-1.5B-Instruct,x2_wm_curve,1,1.020210147090458
Qwen--Qwen2.5-1.5B-Instruct,x2_wm_curve,2,1.0108568540113876
Qwen--Qwen2.5-1.5B-Instruct,x2_wm_curve,3,1.0444092599329773
Qwen--Qwen2.5-1.5B-Instruct,x2_wm_curve,4,1.0523961540208795
Qwen--Qwen2.5-1.5B-Instruct,x2_wm_curve,5,1.0852549867305283
Qwen--Qwen2.5-1.5B-Instruct,x2_wm_curve,6,1.1135050013845935
Qwen--Qwen2.5-1.5B-Instruct,x2_wm_curve,7,1.1116061373375652
Qwen--Qwen2.5-1.5B-Instruct,x2_wm_curve,8,1.168921965474056
Qwen--Qwen2.5-1.5B-Instruct,x2_wm_curve,9,1.203559909963945
Qwen--Qwen2.5-1.5B-Instruct,x2_wm_curve,10,1.223980217859202
Qwen--Qwen2.5-1.5B-Instruct,x2_wm_curve,11,1.1720251637011905
Qwen--Qwen2.5-1.5B-Instruct,x2_wm_curve,12,1.1273221864159053
Qwen--Qwen2.5-1.5B-Instruct,x2_wm_curve,13,1.219825333728168
Qwen--Qwen2.5-1.5B-Instruct,x2_wm_curve,14,1.2820300798435869
Qwen--Qwen2.5-1.5B-Instruct,x2_wm_curve,15,1.4326449315854384
Qwen--Qwen2.5-1.5B-Instruct,x2_wm_curve,16,1.6401923922381856
Qwen--Qwen2.5-1.5B-Instruct,x2_wm_curve,17,1.605438998586517
Qwen--Qwen2.5-1.5B-Instruct,x2_wm_curve,18,1.5279115455715122
Qwen--Qwen2.5-1.5B-Instruct,x2_wm_curve,19,1.186570950288902
Qwen--Qwen2.5-1.5B-Instruct,x2_wm_curve,20,1.19964759988748
Qwen--Qwen2.5-1.5B-Instruct,x2_wm_curve,21,1.119840692528943
Qwen--Qwen2.5-1.5B-Instruct,x2_wm_curve,22,1.0340467935949351
Qwen--Qwen2.5-1.5B-Instruct,x2_wm_curve,23,0.9556784676339849
Qwen--Qwen2.5-1.5B-Instruct,x2_wm_curve,24,0.9909871566407296
Qwen--Qwen2.5-1.5B-Instruct,x2_wm_curve,25,0.8871874420632198
Qwen--Qwen2.5-1.5B-Instruct,x2_wm_curve,26,0.9084700910228045
Qwen--Qwen2.5-1.5B-Instruct,x2_wm_curve,27,1.0649473420232127
Qwen--Qwen2.5-1.5B-Instruct,x8_drive_gap_curve,0,0.0
Qwen--Qwen2.5-1.5B-Instruct,x8_drive_gap_curve,1,0.07400621970494588
Qwen--Qwen2.5-1.5B-Instruct,x8_drive_gap_curve,2,-0.33916803201039636
Qwen--Qwen2.5-1.5B-Instruct,x8_drive_gap_curve,3,-0.38851359486579895
Qwen--Qwen2.5-1.5B-Instruct,x8_drive_gap_curve,4,-0.31644351283709216
Qwen--Qwen2.5-1.5B-Instruct,x8_drive_gap_curve,5,-0.35541452964146936
Qwen--Qwen2.5-1.5B-Instruct,x8_drive_gap_curve,6,-0.16735701759656268
Qwen--Qwen2.5-1.5B-Instruct,x8_drive_gap_curve,7,-0.19957194725672403
Qwen--Qwen2.5-1.5B-Instruct,x8_drive_gap_curve,8,-0.16808305184046413
Qwen--Qwen2.5-1.5B-Instruct,x8_drive_gap_curve,9,-0.15790396928787231
Qwen--Qwen2.5-1.5B-Instruct,x8_drive_gap_curve,10,-0.1834457715352376
Qwen--Qwen2.5-1.5B-Instruct,x8_drive_gap_curve,11,-0.0468423366546631
Qwen--Qwen2.5-1.5B-Instruct,x8_drive_gap_curve,12,0.10168900092442834
Qwen--Qwen2.5-1.5B-Instruct,x8_drive_gap_curve,13,0.20399222771326697
Qwen--Qwen2.5-1.5B-Instruct,x8_drive_gap_curve,14,0.4888737698396047
Qwen--Qwen2.5-1.5B-Instruct,x8_drive_gap_curve,15,0.7261573572953542
Qwen--Qwen2.5-1.5B-Instruct,x8_drive_gap_curve,16,1.0871455768744152
Qwen--Qwen2.5-1.5B-Instruct,x8_drive_gap_curve,17,2.0572818319002786
Qwen--Qwen2.5-1.5B-Instruct,x8_drive_gap_curve,18,1.6552067796389265
Qwen--Qwen2.5-1.5B-Instruct,x8_drive_gap_curve,19,1.829244573911031
Qwen--Qwen2.5-1.5B-Instruct,x8_drive_gap_curve,20,3.3445257743199663
Qwen--Qwen2.5-1.5B-Instruct,x8_drive_gap_curve,21,4.339413662751515
Qwen--Qwen2.5-1.5B-Instruct,x8_drive_gap_curve,22,2.9675416747728987
Qwen--Qwen2.5-1.5B-Instruct,x8_drive_gap_curve,23,9.111941119035084
Qwen--Qwen2.5-1.5B-Instruct,x8_drive_gap_curve,24,6.522533218065898
Qwen--Qwen2.5-1.5B-Instruct,x8_drive_gap_curve,25,5.088534971078237
Qwen--Qwen2.5-1.5B-Instruct,x8_drive_gap_curve,26,4.7728273669878645
Qwen--Qwen2.5-1.5B-Instruct,x8_drive_gap_curve,27,2.9841639796892805
Qwen--Qwen2.5-1.5B-Instruct,x8_drive_gap_curve,28,1.9611605405807493
Qwen--Qwen2.5-1.5B-Instruct,x10_scar_curve,0,0.37458333870223315
Qwen--Qwen2.5-1.5B-Instruct,x10_scar_curve,1,0.21598399584084063
Qwen--Qwen2.5-1.5B-Instruct,x10_scar_curve,2,0.3810769545528838
Qwen--Qwen2.5-1.5B-Instruct,x10_scar_curve,3,0.6289860177216683
Qwen--Qwen2.5-1.5B-Instruct,x10_scar_curve,4,0.7583041200690864
Qwen--Qwen2.5-1.5B-Instruct,x10_scar_curve,5,0.45660933971655604
Qwen--Qwen2.5-1.5B-Instruct,x10_scar_curve,6,0.4110351339800534
Qwen--Qwen2.5-1.5B-Instruct,x10_scar_curve,7,0.4243955619882323
Qwen--Qwen2.5-1.5B-Instruct,x10_scar_curve,8,0.43391370819264896
Qwen--Qwen2.5-1.5B-Instruct,x10_scar_curve,9,0.4701030993211471
Qwen--Qwen2.5-1.5B-Instruct,x10_scar_curve,10,0.6012216348588535
Qwen--Qwen2.5-1.5B-Instruct,x10_scar_curve,11,0.4083165071921155
Qwen--Qwen2.5-1.5B-Instruct,x10_scar_curve,12,0.34492591738565204
Qwen--Qwen2.5-1.5B-Instruct,x10_scar_curve,13,0.3635793364169981
Qwen--Qwen2.5-1.5B-Instruct,x10_scar_curve,14,0.3608389581447801
Qwen--Qwen2.5-1.5B-Instruct,x10_scar_curve,15,0.3799129957699125
Qwen--Qwen2.5-1.5B-Instruct,x10_scar_curve,16,0.33960029380322604
Qwen--Qwen2.5-1.5B-Instruct,x10_scar_curve,17,0.3371367580516509
Qwen--Qwen2.5-1.5B-Instruct,x10_scar_curve,18,0.25126446151509835
Qwen--Qwen2.5-1.5B-Instruct,x10_scar_curve,19,0.16781350568430636
Qwen--Qwen2.5-1.5B-Instruct,x10_scar_curve,20,0.4128296876133265
Qwen--Qwen2.5-1.5B-Instruct,x10_scar_curve,21,0.2755999156843414
Qwen--Qwen2.5-1.5B-Instruct,x10_scar_curve,22,0.3604202157735497
Qwen--Qwen2.5-1.5B-Instruct,x10_scar_curve,23,0.6167583630545684
Qwen--Qwen2.5-1.5B-Instruct,x10_scar_curve,24,0.6582632272758085
Qwen--Qwen2.5-1.5B-Instruct,x10_scar_curve,25,0.6977174347429933
Qwen--Qwen2.5-1.5B-Instruct,x10_scar_curve,26,0.6179798832597247
Qwen--Qwen2.5-1.5B-Instruct,x10_scar_curve,27,0.23282330634789075
Qwen--Qwen2.5-1.5B-Instruct,x10_z_curve,0,-0.22710310552465027
Qwen--Qwen2.5-1.5B-Instruct,x10_z_curve,1,-2.0178703213718476
Qwen--Qwen2.5-1.5B-Instruct,x10_z_curve,2,-0.15378278673988915
Qwen--Qwen2.5-1.5B-Instruct,x10_z_curve,3,2.6453928896816574
Qwen--Qwen2.5-1.5B-Instruct,x10_z_curve,4,4.105541550585734
Qwen--Qwen2.5-1.5B-Instruct,x10_z_curve,5,0.6990638685205831
Qwen--Qwen2.5-1.5B-Instruct,x10_z_curve,6,0.1844791795251851
Qwen--Qwen2.5-1.5B-Instruct,x10_z_curve,7,0.33533362844710135
Qwen--Qwen2.5-1.5B-Instruct,x10_z_curve,8,0.4428043396807918
Qwen--Qwen2.5-1.5B-Instruct,x10_z_curve,9,0.8514237830225183
Qwen--Qwen2.5-1.5B-Instruct,x10_z_curve,10,2.3319013852281314
Qwen--Qwen2.5-1.5B-Instruct,x10_z_curve,11,0.15378278673988852
Qwen--Qwen2.5-1.5B-Instruct,x10_z_curve,12,-0.5619691701761048
Qwen--Qwen2.5-1.5B-Instruct,x10_z_curve,13,-0.35135082420989266
Qwen--Qwen2.5-1.5B-Instruct,x10_z_curve,14,-0.38229281602631965
Qwen--Qwen2.5-1.5B-Instruct,x10_z_curve,15,-0.16692520707743164
Qwen--Qwen2.5-1.5B-Instruct,x10_z_curve,16,-0.6221015259809204
Qwen--Qwen2.5-1.5B-Instruct,x10_z_curve,17,-0.6499176504326074
Qwen--Qwen2.5-1.5B-Instruct,x10_z_curve,18,-1.6195136816189433
Qwen--Qwen2.5-1.5B-Instruct,x10_z_curve,19,-2.561770018478413
Qwen--Qwen2.5-1.5B-Instruct,x10_z_curve,20,0.20474173393156397
Qwen--Qwen2.5-1.5B-Instruct,x10_z_curve,21,-1.3447386874557057
Qwen--Qwen2.5-1.5B-Instruct,x10_z_curve,22,-0.3870208943194364
Qwen--Qwen2.5-1.5B-Instruct,x10_z_curve,23,2.5073287419400105
Qwen--Qwen2.5-1.5B-Instruct,x10_z_curve,24,2.975965930497234
Qwen--Qwen2.5-1.5B-Instruct,x10_z_curve,25,3.42144886872867
Qwen--Qwen2.5-1.5B-Instruct,x10_z_curve,26,2.5211210962929576
Qwen--Qwen2.5-1.5B-Instruct,x10_z_curve,27,-1.827735326803486
Qwen--Qwen2.5-1.5B-Instruct,x10_sigma_min_curve,0,0.7007048726081848
Qwen--Qwen2.5-1.5B-Instruct,x10_sigma_min_curve,1,1.0468252897262573
Qwen--Qwen2.5-1.5B-Instruct,x10_sigma_min_curve,2,0.6961337924003601
Qwen--Qwen2.5-1.5B-Instruct,x10_sigma_min_curve,3,0.37968745827674866
Qwen--Qwen2.5-1.5B-Instruct,x10_sigma_min_curve,4,0.28635308146476746
Qwen--Qwen2.5-1.5B-Instruct,x10_sigma_min_curve,5,0.5742605924606323
Qwen--Qwen2.5-1.5B-Instruct,x10_sigma_min_curve,6,0.6579605937004089
Qwen--Qwen2.5-1.5B-Instruct,x10_sigma_min_curve,7,0.6551916599273682
Qwen--Qwen2.5-1.5B-Instruct,x10_sigma_min_curve,8,0.6299335360527039
Qwen--Qwen2.5-1.5B-Instruct,x10_sigma_min_curve,9,0.5812690854072571
Qwen--Qwen2.5-1.5B-Instruct,x10_sigma_min_curve,10,0.4275534451007843
Qwen--Qwen2.5-1.5B-Instruct,x10_sigma_min_curve,11,0.6518962383270264
Qwen--Qwen2.5-1.5B-Instruct,x10_sigma_min_curve,12,0.7518605589866638
Qwen--Qwen2.5-1.5B-Instruct,x10_sigma_min_curve,13,0.720382571220398
Qwen--Qwen2.5-1.5B-Instruct,x10_sigma_min_curve,14,0.7209877371788025
Qwen--Qwen2.5-1.5B-Instruct,x10_sigma_min_curve,15,0.693746030330658
Qwen--Qwen2.5-1.5B-Instruct,x10_sigma_min_curve,16,0.7497857213020325
Qwen--Qwen2.5-1.5B-Instruct,x10_sigma_min_curve,17,0.7767866849899292
Qwen--Qwen2.5-1.5B-Instruct,x10_sigma_min_curve,18,0.9457603693008423
Qwen--Qwen2.5-1.5B-Instruct,x10_sigma_min_curve,19,1.1727001667022705
Qwen--Qwen2.5-1.5B-Instruct,x10_sigma_min_curve,20,0.6796041131019592
Qwen--Qwen2.5-1.5B-Instruct,x10_sigma_min_curve,21,0.9395434856414795
Qwen--Qwen2.5-1.5B-Instruct,x10_sigma_min_curve,22,0.7725826501846313
Qwen--Qwen2.5-1.5B-Instruct,x10_sigma_min_curve,23,0.4383057951927185
Qwen--Qwen2.5-1.5B-Instruct,x10_sigma_min_curve,24,0.4102686047554016
Qwen--Qwen2.5-1.5B-Instruct,x10_sigma_min_curve,25,0.3787670135498047
Qwen--Qwen2.5-1.5B-Instruct,x10_sigma_min_curve,26,0.45959338545799255
Qwen--Qwen2.5-1.5B-Instruct,x10_sigma_min_curve,27,0.9890608191490173
Qwen--Qwen2.5-1.5B-Instruct,x10_sigma_mp_curve,0,1.6600397071708193
Qwen--Qwen2.5-1.5B-Instruct,x10_sigma_mp_curve,1,1.721306472644732
Qwen--Qwen2.5-1.5B-Instruct,x10_sigma_mp_curve,2,1.6740548011424763
Qwen--Qwen2.5-1.5B-Instruct,x10_sigma_mp_curve,3,1.6158917721974266
Qwen--Qwen2.5-1.5B-Instruct,x10_sigma_mp_curve,4,1.6413680711353658
Qwen--Qwen2.5-1.5B-Instruct,x10_sigma_mp_curve,5,1.6433056725094226
Qwen--Qwen2.5-1.5B-Instruct,x10_sigma_mp_curve,6,1.695254936870145
Qwen--Qwen2.5-1.5B-Instruct,x10_sigma_mp_curve,7,1.7408603046449167
Qwen--Qwen2.5-1.5B-Instruct,x10_sigma_mp_curve,8,1.7108362270330866
Qwen--Qwen2.5-1.5B-Instruct,x10_sigma_mp_curve,9,1.7158539747696626
Qwen--Qwen2.5-1.5B-Instruct,x10_sigma_mp_curve,10,1.7069155901849995
Qwen--Qwen2.5-1.5B-Instruct,x10_sigma_mp_curve,11,1.6691485219285451
Qwen--Qwen2.5-1.5B-Instruct,x10_sigma_mp_curve,12,1.663654812476183
Qwen--Qwen2.5-1.5B-Instruct,x10_sigma_mp_curve,13,1.6639586643984654
Qwen--Qwen2.5-1.5B-Instruct,x10_sigma_mp_curve,14,1.6548812534607127
Qwen--Qwen2.5-1.5B-Instruct,x10_sigma_mp_curve,15,1.6638474553193
Qwen--Qwen2.5-1.5B-Instruct,x10_sigma_mp_curve,16,1.6388434110649297
Qwen--Qwen2.5-1.5B-Instruct,x10_sigma_mp_curve,17,1.6882568896241643
Qwen--Qwen2.5-1.5B-Instruct,x10_sigma_mp_curve,18,1.6867300147163393
Qwen--Qwen2.5-1.5B-Instruct,x10_sigma_mp_curve,19,1.725839849418645
Qwen--Qwen2.5-1.5B-Instruct,x10_sigma_mp_curve,20,1.7582704863246712
Qwen--Qwen2.5-1.5B-Instruct,x10_sigma_mp_curve,21,1.7722166048744772
Qwen--Qwen2.5-1.5B-Instruct,x10_sigma_mp_curve,22,1.7715979406648676
Qwen--Qwen2.5-1.5B-Instruct,x10_sigma_mp_curve,23,1.8135752315987967
Qwen--Qwen2.5-1.5B-Instruct,x10_sigma_mp_curve,24,1.867804905703989
Qwen--Qwen2.5-1.5B-Instruct,x10_sigma_mp_curve,25,1.8883808361746754
Qwen--Qwen2.5-1.5B-Instruct,x10_sigma_mp_curve,26,1.9070129967847165
Qwen--Qwen2.5-1.5B-Instruct,x10_sigma_mp_curve,27,1.6906211754656078
Qwen--Qwen3-0.6B,x1_g_curve,0,0.0
Qwen--Qwen3-0.6B,x1_g_curve,1,0.047277359654310354
Qwen--Qwen3-0.6B,x1_g_curve,2,0.06842233804158487
Qwen--Qwen3-0.6B,x1_g_curve,3,0.07872327595927202
Qwen--Qwen3-0.6B,x1_g_curve,4,0.1044216014931806
Qwen--Qwen3-0.6B,x1_g_curve,5,0.0907958324008264
Qwen--Qwen3-0.6B,x1_g_curve,6,0.09169264677380005
Qwen--Qwen3-0.6B,x1_g_curve,7,0.11137057181001338
Qwen--Qwen3-0.6B,x1_g_curve,8,0.1217022851761225
Qwen--Qwen3-0.6B,x1_g_curve,9,0.1475387007326646
Qwen--Qwen3-0.6B,x1_g_curve,10,0.1621635570294789
Qwen--Qwen3-0.6B,x1_g_curve,11,0.14951740333209276
Qwen--Qwen3-0.6B,x1_g_curve,12,0.19297267255086786
Qwen--Qwen3-0.6B,x1_g_curve,13,0.19978008851955506
Qwen--Qwen3-0.6B,x1_g_curve,14,0.21718781910676177
Qwen--Qwen3-0.6B,x1_g_curve,15,0.2465017531725233
Qwen--Qwen3-0.6B,x1_g_curve,16,0.3290417970267007
Qwen--Qwen3-0.6B,x1_g_curve,17,0.32869318018712285
Qwen--Qwen3-0.6B,x1_g_curve,18,0.3799394521658285
Qwen--Qwen3-0.6B,x1_g_curve,19,0.38746595392730554
Qwen--Qwen3-0.6B,x1_g_curve,20,0.3838085719295701
Qwen--Qwen3-0.6B,x1_g_curve,21,0.39856113612271826
Qwen--Qwen3-0.6B,x1_g_curve,22,0.3966511043144345
Qwen--Qwen3-0.6B,x1_g_curve,23,0.3812524380731666
Qwen--Qwen3-0.6B,x1_g_curve,24,0.35935641054975775
Qwen--Qwen3-0.6B,x1_g_curve,25,0.3228425585457611
Qwen--Qwen3-0.6B,x1_g_curve,26,0.30575448536391653
Qwen--Qwen3-0.6B,x1_g_curve,27,0.2859607999542945
Qwen--Qwen3-0.6B,x1_g_curve,28,0.3886078942581927
Qwen--Qwen3-0.6B,auroc_by_layer,0,0.5
Qwen--Qwen3-0.6B,auroc_by_layer,1,0.7439236111111112
Qwen--Qwen3-0.6B,auroc_by_layer,2,0.9657118055555556
Qwen--Qwen3-0.6B,auroc_by_layer,3,0.9904513888888888
Qwen--Qwen3-0.6B,auroc_by_layer,4,0.9913194444444444
Qwen--Qwen3-0.6B,auroc_by_layer,5,0.9861111111111112
Qwen--Qwen3-0.6B,auroc_by_layer,6,0.9791666666666666
Qwen--Qwen3-0.6B,auroc_by_layer,7,0.9713541666666666
Qwen--Qwen3-0.6B,auroc_by_layer,8,0.9670138888888888
Qwen--Qwen3-0.6B,auroc_by_layer,9,0.9748263888888888
Qwen--Qwen3-0.6B,auroc_by_layer,10,0.9730902777777778
Qwen--Qwen3-0.6B,auroc_by_layer,11,0.9756944444444444
Qwen--Qwen3-0.6B,auroc_by_layer,12,0.9739583333333334
Qwen--Qwen3-0.6B,auroc_by_layer,13,0.9713541666666666
Qwen--Qwen3-0.6B,auroc_by_layer,14,0.9691840277777778
Qwen--Qwen3-0.6B,auroc_by_layer,15,0.9735243055555556
Qwen--Qwen3-0.6B,auroc_by_layer,16,0.9965277777777778
Qwen--Qwen3-0.6B,auroc_by_layer,17,0.9965277777777778
Qwen--Qwen3-0.6B,auroc_by_layer,18,0.9982638888888888
Qwen--Qwen3-0.6B,auroc_by_layer,19,0.99609375
Qwen--Qwen3-0.6B,auroc_by_layer,20,0.9947916666666666
Qwen--Qwen3-0.6B,auroc_by_layer,21,0.9956597222222222
Qwen--Qwen3-0.6B,auroc_by_layer,22,0.9956597222222222
Qwen--Qwen3-0.6B,auroc_by_layer,23,0.9965277777777778
Qwen--Qwen3-0.6B,auroc_by_layer,24,0.99609375
Qwen--Qwen3-0.6B,auroc_by_layer,25,0.9956597222222222
Qwen--Qwen3-0.6B,auroc_by_layer,26,0.9952256944444444
Qwen--Qwen3-0.6B,auroc_by_layer,27,0.9956597222222222
Qwen--Qwen3-0.6B,auroc_by_layer,28,0.99609375
Qwen--Qwen3-0.6B,cohen_by_layer,0,
Qwen--Qwen3-0.6B,cohen_by_layer,1,3.7883332261438456
Qwen--Qwen3-0.6B,cohen_by_layer,2,4.785437923210504
Qwen--Qwen3-0.6B,cohen_by_layer,3,3.841619171731057
Qwen--Qwen3-0.6B,cohen_by_layer,4,4.192426900172448
Qwen--Qwen3-0.6B,cohen_by_layer,5,4.238760227700709
Qwen--Qwen3-0.6B,cohen_by_layer,6,4.069354725627788
Qwen--Qwen3-0.6B,cohen_by_layer,7,3.684865107431545
Qwen--Qwen3-0.6B,cohen_by_layer,8,3.5650170549155122
Qwen--Qwen3-0.6B,cohen_by_layer,9,3.4809841291277612
Qwen--Qwen3-0.6B,cohen_by_layer,10,3.545635795559223
Qwen--Qwen3-0.6B,cohen_by_layer,11,3.648186068659583
Qwen--Qwen3-0.6B,cohen_by_layer,12,3.502376710879068
Qwen--Qwen3-0.6B,cohen_by_layer,13,3.4930305263383836
Qwen--Qwen3-0.6B,cohen_by_layer,14,3.363264063506763
Qwen--Qwen3-0.6B,cohen_by_layer,15,3.606456146070557
Qwen--Qwen3-0.6B,cohen_by_layer,16,4.542001309685603
Qwen--Qwen3-0.6B,cohen_by_layer,17,4.591000360658526
Qwen--Qwen3-0.6B,cohen_by_layer,18,5.00660200269663
Qwen--Qwen3-0.6B,cohen_by_layer,19,4.770388034629707
Qwen--Qwen3-0.6B,cohen_by_layer,20,4.633131877755034
Qwen--Qwen3-0.6B,cohen_by_layer,21,4.590480332584106
Qwen--Qwen3-0.6B,cohen_by_layer,22,4.619046066651295
Qwen--Qwen3-0.6B,cohen_by_layer,23,4.724198255766902
Qwen--Qwen3-0.6B,cohen_by_layer,24,4.566724993584265
Qwen--Qwen3-0.6B,cohen_by_layer,25,4.65890741967095
Qwen--Qwen3-0.6B,cohen_by_layer,26,4.404511448894317
Qwen--Qwen3-0.6B,cohen_by_layer,27,4.373920907762166
Qwen--Qwen3-0.6B,cohen_by_layer,28,4.616271327607622
Qwen--Qwen3-0.6B,x2_wm_curve,0,1.0246157730166845
Qwen--Qwen3-0.6B,x2_wm_curve,1,1.0156223024113118
Qwen--Qwen3-0.6B,x2_wm_curve,2,1.0703905399910392
Qwen--Qwen3-0.6B,x2_wm_curve,3,1.0656855936502483
Qwen--Qwen3-0.6B,x2_wm_curve,4,1.0980099238160548
Qwen--Qwen3-0.6B,x2_wm_curve,5,1.1014482608663798
Qwen--Qwen3-0.6B,x2_wm_curve,6,1.1285254016492223
Qwen--Qwen3-0.6B,x2_wm_curve,7,1.1198883194970477
Qwen--Qwen3-0.6B,x2_wm_curve,8,1.1170297958267346
Qwen--Qwen3-0.6B,x2_wm_curve,9,1.1626391575107238
Qwen--Qwen3-0.6B,x2_wm_curve,10,1.1620984691509872
Qwen--Qwen3-0.6B,x2_wm_curve,11,1.2031221869507445
Qwen--Qwen3-0.6B,x2_wm_curve,12,1.215196231242265
Qwen--Qwen3-0.6B,x2_wm_curve,13,1.1803682449251462
Qwen--Qwen3-0.6B,x2_wm_curve,14,1.1992088963219216
Qwen--Qwen3-0.6B,x2_wm_curve,15,1.399873787857438
Qwen--Qwen3-0.6B,x2_wm_curve,16,1.1572296344411155
Qwen--Qwen3-0.6B,x2_wm_curve,17,1.439220498673133
Qwen--Qwen3-0.6B,x2_wm_curve,18,1.237791681366839
Qwen--Qwen3-0.6B,x2_wm_curve,19,1.1416203263246227
Qwen--Qwen3-0.6B,x2_wm_curve,20,0.9549625453465186
Qwen--Qwen3-0.6B,x2_wm_curve,21,0.988591144064062
Qwen--Qwen3-0.6B,x2_wm_curve,22,0.9932667646288533
Qwen--Qwen3-0.6B,x2_wm_curve,23,0.9649874374346975
Qwen--Qwen3-0.6B,x2_wm_curve,24,0.9496602983961888
Qwen--Qwen3-0.6B,x2_wm_curve,25,0.9028458132067174
Qwen--Qwen3-0.6B,x2_wm_curve,26,0.9477517837913967
Qwen--Qwen3-0.6B,x2_wm_curve,27,0.9340616653137108
Qwen--Qwen3-0.6B,x8_drive_gap_curve,0,0.0
Qwen--Qwen3-0.6B,x8_drive_gap_curve,1,-0.06346493462721514
Qwen--Qwen3-0.6B,x8_drive_gap_curve,2,0.2853336036205293
Qwen--Qwen3-0.6B,x8_drive_gap_curve,3,-0.0020572294791539325
Qwen--Qwen3-0.6B,x8_drive_gap_curve,4,0.04030962785085043
Qwen--Qwen3-0.6B,x8_drive_gap_curve,5,0.1453133722146352
Qwen--Qwen3-0.6B,x8_drive_gap_curve,6,-0.060801779230435615
Qwen--Qwen3-0.6B,x8_drive_gap_curve,7,0.028508260846138
Qwen--Qwen3-0.6B,x8_drive_gap_curve,8,0.43724963068962097
Qwen--Qwen3-0.6B,x8_drive_gap_curve,9,0.1897392471631368
Qwen--Qwen3-0.6B,x8_drive_gap_curve,10,-0.5678866704305012
Qwen--Qwen3-0.6B,x8_drive_gap_curve,11,-0.07469035188357036
Qwen--Qwen3-0.6B,x8_drive_gap_curve,12,-0.5904988646507263
Qwen--Qwen3-0.6B,x8_drive_gap_curve,13,-0.5665645400683085
Qwen--Qwen3-0.6B,x8_drive_gap_curve,14,-1.0715509951114655
Qwen--Qwen3-0.6B,x8_drive_gap_curve,15,-1.1427600979804993
Qwen--Qwen3-0.6B,x8_drive_gap_curve,16,-0.4848958452542623
Qwen--Qwen3-0.6B,x8_drive_gap_curve,17,-0.7526435852050783
Qwen--Qwen3-0.6B,x8_drive_gap_curve,18,-1.1104537347952523
Qwen--Qwen3-0.6B,x8_drive_gap_curve,19,-0.6500546733538308
Qwen--Qwen3-0.6B,x8_drive_gap_curve,20,-0.983862409989039
Qwen--Qwen3-0.6B,x8_drive_gap_curve,21,-1.4111753503481548
Qwen--Qwen3-0.6B,x8_drive_gap_curve,22,-2.526217738787333
Qwen--Qwen3-0.6B,x8_drive_gap_curve,23,-1.7110864520072937
Qwen--Qwen3-0.6B,x8_drive_gap_curve,24,-1.7004524469375613
Qwen--Qwen3-0.6B,x8_drive_gap_curve,25,-1.5915241440137227
Qwen--Qwen3-0.6B,x8_drive_gap_curve,26,-0.533878634373347
Qwen--Qwen3-0.6B,x8_drive_gap_curve,27,-0.4958814481894176
Qwen--Qwen3-0.6B,x8_drive_gap_curve,28,-1.0361642440160117
Qwen--Qwen3-0.6B,x10_scar_curve,0,0.3706299635675861
Qwen--Qwen3-0.6B,x10_scar_curve,1,0.21339245892563055
Qwen--Qwen3-0.6B,x10_scar_curve,2,0.2921871100313979
Qwen--Qwen3-0.6B,x10_scar_curve,3,0.3881959883010482
Qwen--Qwen3-0.6B,x10_scar_curve,4,0.3164544890127461
Qwen--Qwen3-0.6B,x10_scar_curve,5,0.29731828027667945
Qwen--Qwen3-0.6B,x10_scar_curve,6,0.3519899737718214
Qwen--Qwen3-0.6B,x10_scar_curve,7,0.45848560785265274
Qwen--Qwen3-0.6B,x10_scar_curve,8,0.5097906523528435
Qwen--Qwen3-0.6B,x10_scar_curve,9,0.5022683088141063
Qwen--Qwen3-0.6B,x10_scar_curve,10,0.5114208762716252
Qwen--Qwen3-0.6B,x10_scar_curve,11,0.386599044855744
Qwen--Qwen3-0.6B,x10_scar_curve,12,0.42109052261406166
Qwen--Qwen3-0.6B,x10_scar_curve,13,0.44738726818230623
Qwen--Qwen3-0.6B,x10_scar_curve,14,0.4307152251381033
Qwen--Qwen3-0.6B,x10_scar_curve,15,0.4663590775090146
Qwen--Qwen3-0.6B,x10_scar_curve,16,0.23231884817546145
Qwen--Qwen3-0.6B,x10_scar_curve,17,0.2712358474279708
Qwen--Qwen3-0.6B,x10_scar_curve,18,0.2621541678510813
Qwen--Qwen3-0.6B,x10_scar_curve,19,0.277532093484567
Qwen--Qwen3-0.6B,x10_scar_curve,20,0.5096464048643614
Qwen--Qwen3-0.6B,x10_scar_curve,21,0.4388711200334501
Qwen--Qwen3-0.6B,x10_scar_curve,22,0.5714883470619867
Qwen--Qwen3-0.6B,x10_scar_curve,23,0.661486835407676
Qwen--Qwen3-0.6B,x10_scar_curve,24,0.7250916769052373
Qwen--Qwen3-0.6B,x10_scar_curve,25,0.6240738508546926
Qwen--Qwen3-0.6B,x10_scar_curve,26,0.2962112243361464
Qwen--Qwen3-0.6B,x10_scar_curve,27,0.18377289446836342
Qwen--Qwen3-0.6B,x10_z_curve,0,-0.21650724701721757
Qwen--Qwen3-0.6B,x10_z_curve,1,-1.2173824157016906
Qwen--Qwen3-0.6B,x10_z_curve,2,-0.7158251702054657
Qwen--Qwen3-0.6B,x10_z_curve,3,-0.10469296957587831
Qwen--Qwen3-0.6B,x10_z_curve,4,-0.5613542818077241
Qwen--Qwen3-0.6B,x10_z_curve,5,-0.6831633641275247
Qwen--Qwen3-0.6B,x10_z_curve,6,-0.3351577113170358
Qwen--Qwen3-0.6B,x10_z_curve,7,0.34272658840855896
Qwen--Qwen3-0.6B,x10_z_curve,8,0.6693022688444793
Qwen--Qwen3-0.6B,x10_z_curve,9,0.6214197558563714
Qwen--Qwen3-0.6B,x10_z_curve,10,0.6796792501087112
Qwen--Qwen3-0.6B,x10_z_curve,11,-0.11485810825470673
Qwen--Qwen3-0.6B,x10_z_curve,12,0.10469296957587831
Qwen--Qwen3-0.6B,x10_z_curve,13,0.2720815306981246
Qwen--Qwen3-0.6B,x10_z_curve,14,0.16595777903863063
Qwen--Qwen3-0.6B,x10_z_curve,15,0.3928441496633473
Qwen--Qwen3-0.6B,x10_z_curve,16,-1.0969089124103013
Qwen--Qwen3-0.6B,x10_z_curve,17,-0.8491877451210849
Qwen--Qwen3-0.6B,x10_z_curve,18,-0.9069960116612816
Qwen--Qwen3-0.6B,x10_z_curve,19,-0.8091097983975958
Qwen--Qwen3-0.6B,x10_z_curve,20,0.668384079957575
Qwen--Qwen3-0.6B,x10_z_curve,21,0.21787308192861887
Qwen--Qwen3-0.6B,x10_z_curve,22,1.0620310312353045
Qwen--Qwen3-0.6B,x10_z_curve,23,1.6349048656900913
Qwen--Qwen3-0.6B,x10_z_curve,24,2.039773326353988
Qwen--Qwen3-0.6B,x10_z_curve,25,1.3967573110673928
Qwen--Qwen3-0.6B,x10_z_curve,26,-0.6902101867271789
Qwen--Qwen3-0.6B,x10_z_curve,27,-1.405921954280819
Qwen--Qwen3-0.6B,x10_sigma_min_curve,0,0.4391932785511017
Qwen--Qwen3-0.6B,x10_sigma_min_curve,1,0.5919943451881409
Qwen--Qwen3-0.6B,x10_sigma_min_curve,2,0.4951109290122986
Qwen--Qwen3-0.6B,x10_sigma_min_curve,3,0.4148254692554474
Qwen--Qwen3-0.6B,x10_sigma_min_curve,4,0.48400893807411194
Qwen--Qwen3-0.6B,x10_sigma_min_curve,5,0.5192729830741882
Qwen--Qwen3-0.6B,x10_sigma_min_curve,6,0.4417959749698639
Qwen--Qwen3-0.6B,x10_sigma_min_curve,7,0.3431309759616852
Qwen--Qwen3-0.6B,x10_sigma_min_curve,8,0.30476486682891846
Qwen--Qwen3-0.6B,x10_sigma_min_curve,9,0.3071730136871338
Qwen--Qwen3-0.6B,x10_sigma_min_curve,10,0.29264405369758606
Qwen--Qwen3-0.6B,x10_sigma_min_curve,11,0.39584988355636597
Qwen--Qwen3-0.6B,x10_sigma_min_curve,12,0.364477276802063
Qwen--Qwen3-0.6B,x10_sigma_min_curve,13,0.3308205306529999
Qwen--Qwen3-0.6B,x10_sigma_min_curve,14,0.33671125769615173
Qwen--Qwen3-0.6B,x10_sigma_min_curve,15,0.31590309739112854
Qwen--Qwen3-0.6B,x10_sigma_min_curve,16,0.5435007214546204
Qwen--Qwen3-0.6B,x10_sigma_min_curve,17,0.4997331500053406
Qwen--Qwen3-0.6B,x10_sigma_min_curve,18,0.5167403817176819
Qwen--Qwen3-0.6B,x10_sigma_min_curve,19,0.5269221067428589
Qwen--Qwen3-0.6B,x10_sigma_min_curve,20,0.32702556252479553
Qwen--Qwen3-0.6B,x10_sigma_min_curve,21,0.41123077273368835
Qwen--Qwen3-0.6B,x10_sigma_min_curve,22,0.3148212730884552
Qwen--Qwen3-0.6B,x10_sigma_min_curve,23,0.2618162930011749
Qwen--Qwen3-0.6B,x10_sigma_min_curve,24,0.22890467941761017
Qwen--Qwen3-0.6B,x10_sigma_min_curve,25,0.292286217212677
Qwen--Qwen3-0.6B,x10_sigma_min_curve,26,0.6019340753555298
Qwen--Qwen3-0.6B,x10_sigma_min_curve,27,0.7213450074195862
Qwen--Qwen3-0.6B,x10_sigma_mp_curve,0,1.0310640594051856
Qwen--Qwen3-0.6B,x10_sigma_mp_curve,1,0.9676315432435969
Qwen--Qwen3-0.6B,x10_sigma_mp_curve,2,0.9702633411760141
Qwen--Qwen3-0.6B,x10_sigma_mp_curve,3,1.0140547447340043
Qwen--Qwen3-0.6B,x10_sigma_mp_curve,4,1.0030160227433038
Qwen--Qwen3-0.6B,x10_sigma_mp_curve,5,1.0297078125826469
Qwen--Qwen3-0.6B,x10_sigma_mp_curve,6,0.9936003335816125
Qwen--Qwen3-0.6B,x10_sigma_mp_curve,7,0.9861558000959835
Qwen--Qwen3-0.6B,x10_sigma_mp_curve,8,0.9857245036665746
Qwen--Qwen3-0.6B,x10_sigma_mp_curve,9,0.9764530525575658
Qwen--Qwen3-0.6B,x10_sigma_mp_curve,10,0.950080884605921
Qwen--Qwen3-0.6B,x10_sigma_mp_curve,11,0.964116612971189
Qwen--Qwen3-0.6B,x10_sigma_mp_curve,12,0.9610831877336783
Qwen--Qwen3-0.6B,x10_sigma_mp_curve,13,0.9267865492824183
Qwen--Qwen3-0.6B,x10_sigma_mp_curve,14,0.9077638046524631
Qwen--Qwen3-0.6B,x10_sigma_mp_curve,15,0.9245128707576389
Qwen--Qwen3-0.6B,x10_sigma_mp_curve,16,0.9279380282136673
Qwen--Qwen3-0.6B,x10_sigma_mp_curve,17,0.9331984460276196
Qwen--Qwen3-0.6B,x10_sigma_mp_curve,18,0.944988600370157
Qwen--Qwen3-0.6B,x10_sigma_mp_curve,19,0.9983400940482549
Qwen--Qwen3-0.6B,x10_sigma_mp_curve,20,1.057372731526101
Qwen--Qwen3-0.6B,x10_sigma_mp_curve,21,1.1296833446813879
Qwen--Qwen3-0.6B,x10_sigma_mp_curve,22,1.173687334012714
Qwen--Qwen3-0.6B,x10_sigma_mp_curve,23,1.2008354627608768
Qwen--Qwen3-0.6B,x10_sigma_mp_curve,24,1.2154758875811587
Qwen--Qwen3-0.6B,x10_sigma_mp_curve,25,1.2299350769785984
Qwen--Qwen3-0.6B,x10_sigma_mp_curve,26,1.1905843065079793
Qwen--Qwen3-0.6B,x10_sigma_mp_curve,27,1.101326082764452
Qwen--Qwen3-1.7B,x1_g_curve,0,0.0
Qwen--Qwen3-1.7B,x1_g_curve,1,0.05366696924155286
Qwen--Qwen3-1.7B,x1_g_curve,2,0.060051447651621286
Qwen--Qwen3-1.7B,x1_g_curve,3,0.08073426555409875
Qwen--Qwen3-1.7B,x1_g_curve,4,0.09728083067940266
Qwen--Qwen3-1.7B,x1_g_curve,5,0.10355794033054527
Qwen--Qwen3-1.7B,x1_g_curve,6,0.1167553550105516
Qwen--Qwen3-1.7B,x1_g_curve,7,0.14646518751450976
Qwen--Qwen3-1.7B,x1_g_curve,8,0.17655074849599203
Qwen--Qwen3-1.7B,x1_g_curve,9,0.19885054743308392
Qwen--Qwen3-1.7B,x1_g_curve,10,0.2374905075131099
Qwen--Qwen3-1.7B,x1_g_curve,11,0.21014336529027255
Qwen--Qwen3-1.7B,x1_g_curve,12,0.23797270088199074
Qwen--Qwen3-1.7B,x1_g_curve,13,0.27144871265427545
Qwen--Qwen3-1.7B,x1_g_curve,14,0.3048421985691798
Qwen--Qwen3-1.7B,x1_g_curve,15,0.3681348134832578
Qwen--Qwen3-1.7B,x1_g_curve,16,0.521576628038189
Qwen--Qwen3-1.7B,x1_g_curve,17,0.5620047610356589
Qwen--Qwen3-1.7B,x1_g_curve,18,0.6125166127610255
Qwen--Qwen3-1.7B,x1_g_curve,19,0.6414512867284168
Qwen--Qwen3-1.7B,x1_g_curve,20,0.6852710474660454
Qwen--Qwen3-1.7B,x1_g_curve,21,0.6825703844029924
Qwen--Qwen3-1.7B,x1_g_curve,22,0.6558906656847356
Qwen--Qwen3-1.7B,x1_g_curve,23,0.6251396421810185
Qwen--Qwen3-1.7B,x1_g_curve,24,0.6136157517073522
Qwen--Qwen3-1.7B,x1_g_curve,25,0.5506776996506284
Qwen--Qwen3-1.7B,x1_g_curve,26,0.47676814983569493
Qwen--Qwen3-1.7B,x1_g_curve,27,0.42202003468078353
Qwen--Qwen3-1.7B,x1_g_curve,28,0.5704061890431191
Qwen--Qwen3-1.7B,auroc_by_layer,0,0.5
Qwen--Qwen3-1.7B,auroc_by_layer,1,0.8333333333333334
Qwen--Qwen3-1.7B,auroc_by_layer,2,0.9995659722222222
Qwen--Qwen3-1.7B,auroc_by_layer,3,0.9813368055555556
Qwen--Qwen3-1.7B,auroc_by_layer,4,0.9817708333333334
Qwen--Qwen3-1.7B,auroc_by_layer,5,0.9813368055555556
Qwen--Qwen3-1.7B,auroc_by_layer,6,0.9782986111111112
Qwen--Qwen3-1.7B,auroc_by_layer,7,0.9791666666666666
Qwen--Qwen3-1.7B,auroc_by_layer,8,0.9778645833333334
Qwen--Qwen3-1.7B,auroc_by_layer,9,0.9782986111111112
Qwen--Qwen3-1.7B,auroc_by_layer,10,0.9743923611111112
Qwen--Qwen3-1.7B,auroc_by_layer,11,0.9756944444444444
Qwen--Qwen3-1.7B,auroc_by_layer,12,0.9765625
Qwen--Qwen3-1.7B,auroc_by_layer,13,0.9865451388888888
Qwen--Qwen3-1.7B,auroc_by_layer,14,0.9952256944444444
Qwen--Qwen3-1.7B,auroc_by_layer,15,0.9995659722222222
Qwen--Qwen3-1.7B,auroc_by_layer,16,1.0
Qwen--Qwen3-1.7B,auroc_by_layer,17,1.0
Qwen--Qwen3-1.7B,auroc_by_layer,18,1.0
Qwen--Qwen3-1.7B,auroc_by_layer,19,1.0
Qwen--Qwen3-1.7B,auroc_by_layer,20,1.0
Qwen--Qwen3-1.7B,auroc_by_layer,21,1.0
Qwen--Qwen3-1.7B,auroc_by_layer,22,1.0
Qwen--Qwen3-1.7B,auroc_by_layer,23,1.0
Qwen--Qwen3-1.7B,auroc_by_layer,24,1.0
Qwen--Qwen3-1.7B,auroc_by_layer,25,1.0
Qwen--Qwen3-1.7B,auroc_by_layer,26,1.0
Qwen--Qwen3-1.7B,auroc_by_layer,27,1.0
Qwen--Qwen3-1.7B,auroc_by_layer,28,1.0
Qwen--Qwen3-1.7B,cohen_by_layer,0,
Qwen--Qwen3-1.7B,cohen_by_layer,1,3.6664482988880644
Qwen--Qwen3-1.7B,cohen_by_layer,2,4.323130855278112
Qwen--Qwen3-1.7B,cohen_by_layer,3,4.179387100518883
Qwen--Qwen3-1.7B,cohen_by_layer,4,4.418481986931942
Qwen--Qwen3-1.7B,cohen_by_layer,5,4.311433240866347
Qwen--Qwen3-1.7B,cohen_by_layer,6,4.073938422727725
Qwen--Qwen3-1.7B,cohen_by_layer,7,3.7721314600094686
Qwen--Qwen3-1.7B,cohen_by_layer,8,3.4604382270569203
Qwen--Qwen3-1.7B,cohen_by_layer,9,3.536470608805427
Qwen--Qwen3-1.7B,cohen_by_layer,10,3.595429376662731
Qwen--Qwen3-1.7B,cohen_by_layer,11,3.489099154707263
Qwen--Qwen3-1.7B,cohen_by_layer,12,3.587709742316815
Qwen--Qwen3-1.7B,cohen_by_layer,13,4.334461099395243
Qwen--Qwen3-1.7B,cohen_by_layer,14,4.673301953464843
Qwen--Qwen3-1.7B,cohen_by_layer,15,5.599500019403872
Qwen--Qwen3-1.7B,cohen_by_layer,16,5.187211750857973
Qwen--Qwen3-1.7B,cohen_by_layer,17,5.040792354156736
Qwen--Qwen3-1.7B,cohen_by_layer,18,5.930962011711374
Qwen--Qwen3-1.7B,cohen_by_layer,19,5.8252404094401244
Qwen--Qwen3-1.7B,cohen_by_layer,20,6.0362486240034725
Qwen--Qwen3-1.7B,cohen_by_layer,21,6.205661578525587
Qwen--Qwen3-1.7B,cohen_by_layer,22,6.138864756387387
Qwen--Qwen3-1.7B,cohen_by_layer,23,6.248366270499248
Qwen--Qwen3-1.7B,cohen_by_layer,24,6.0282876075648995
Qwen--Qwen3-1.7B,cohen_by_layer,25,5.9601291630514845
Qwen--Qwen3-1.7B,cohen_by_layer,26,5.886931073805855
Qwen--Qwen3-1.7B,cohen_by_layer,27,5.658760482869575
Qwen--Qwen3-1.7B,cohen_by_layer,28,6.161477671501908
Qwen--Qwen3-1.7B,x2_wm_curve,0,1.0440032965839146
Qwen--Qwen3-1.7B,x2_wm_curve,1,1.0894465810617202
Qwen--Qwen3-1.7B,x2_wm_curve,2,1.0127005819170165
Qwen--Qwen3-1.7B,x2_wm_curve,3,1.0221969733534222
Qwen--Qwen3-1.7B,x2_wm_curve,4,1.0176635473332802
Qwen--Qwen3-1.7B,x2_wm_curve,5,1.0212100777801354
Qwen--Qwen3-1.7B,x2_wm_curve,6,1.1174048774971534
Qwen--Qwen3-1.7B,x2_wm_curve,7,1.099520301841592
Qwen--Qwen3-1.7B,x2_wm_curve,8,1.1227845761791306
Qwen--Qwen3-1.7B,x2_wm_curve,9,1.1732011941018001
Qwen--Qwen3-1.7B,x2_wm_curve,10,1.1601129854260923
Qwen--Qwen3-1.7B,x2_wm_curve,11,1.1714259533919718
Qwen--Qwen3-1.7B,x2_wm_curve,12,1.1094938439127047
Qwen--Qwen3-1.7B,x2_wm_curve,13,1.0830917842298358
Qwen--Qwen3-1.7B,x2_wm_curve,14,1.120134867888506
Qwen--Qwen3-1.7B,x2_wm_curve,15,1.164365069132801
Qwen--Qwen3-1.7B,x2_wm_curve,16,1.168776264088903
Qwen--Qwen3-1.7B,x2_wm_curve,17,1.2342341113407094
Qwen--Qwen3-1.7B,x2_wm_curve,18,1.2325061359564484
Qwen--Qwen3-1.7B,x2_wm_curve,19,1.2915974401897916
Qwen--Qwen3-1.7B,x2_wm_curve,20,1.2469774330314363
Qwen--Qwen3-1.7B,x2_wm_curve,21,1.1858003502180654
Qwen--Qwen3-1.7B,x2_wm_curve,22,1.189079043258898
Qwen--Qwen3-1.7B,x2_wm_curve,23,1.105671264586289
Qwen--Qwen3-1.7B,x2_wm_curve,24,1.059467510784642
Qwen--Qwen3-1.7B,x2_wm_curve,25,1.0942823544715155
Qwen--Qwen3-1.7B,x2_wm_curve,26,1.0014451576903503
Qwen--Qwen3-1.7B,x2_wm_curve,27,1.1899435750431746
Qwen--Qwen3-1.7B,x8_drive_gap_curve,0,0.0
Qwen--Qwen3-1.7B,x8_drive_gap_curve,1,-0.1231825053691864
Qwen--Qwen3-1.7B,x8_drive_gap_curve,2,0.015681917468707063
Qwen--Qwen3-1.7B,x8_drive_gap_curve,3,0.1283226857582728
Qwen--Qwen3-1.7B,x8_drive_gap_curve,4,0.15288187066713968
Qwen--Qwen3-1.7B,x8_drive_gap_curve,5,-0.2313543955485026
Qwen--Qwen3-1.7B,x8_drive_gap_curve,6,-0.21704138318697608
Qwen--Qwen3-1.7B,x8_drive_gap_curve,7,0.096697469552358
Qwen--Qwen3-1.7B,x8_drive_gap_curve,8,0.2502409815788269
Qwen--Qwen3-1.7B,x8_drive_gap_curve,9,-0.10316166281700137
Qwen--Qwen3-1.7B,x8_drive_gap_curve,10,0.2850641409556071
Qwen--Qwen3-1.7B,x8_drive_gap_curve,11,-0.4212759733200073
Qwen--Qwen3-1.7B,x8_drive_gap_curve,12,-0.39276073376337695
Qwen--Qwen3-1.7B,x8_drive_gap_curve,13,-0.27959061662356066
Qwen--Qwen3-1.7B,x8_drive_gap_curve,14,-0.22862607240676874
Qwen--Qwen3-1.7B,x8_drive_gap_curve,15,-0.17458822329839063
Qwen--Qwen3-1.7B,x8_drive_gap_curve,16,0.5982308487097422
Qwen--Qwen3-1.7B,x8_drive_gap_curve,17,-1.4042834738890329
Qwen--Qwen3-1.7B,x8_drive_gap_curve,18,-3.378878434499105
Qwen--Qwen3-1.7B,x8_drive_gap_curve,19,-2.888599495093028
Qwen--Qwen3-1.7B,x8_drive_gap_curve,20,-2.091587881247203
Qwen--Qwen3-1.7B,x8_drive_gap_curve,21,-0.24126307169596362
Qwen--Qwen3-1.7B,x8_drive_gap_curve,22,-0.7937680085500082
Qwen--Qwen3-1.7B,x8_drive_gap_curve,23,0.00603457291920978
Qwen--Qwen3-1.7B,x8_drive_gap_curve,24,0.41744377215703343
Qwen--Qwen3-1.7B,x8_drive_gap_curve,25,0.3788984219233196
Qwen--Qwen3-1.7B,x8_drive_gap_curve,26,3.661683450142543
Qwen--Qwen3-1.7B,x8_drive_gap_curve,27,2.3738681872685747
Qwen--Qwen3-1.7B,x8_drive_gap_curve,28,3.143709937731425
Qwen--Qwen3-1.7B,x10_scar_curve,0,0.2660609668996665
Qwen--Qwen3-1.7B,x10_scar_curve,1,0.1471872327982534
Qwen--Qwen3-1.7B,x10_scar_curve,2,0.24335068785983988
Qwen--Qwen3-1.7B,x10_scar_curve,3,0.34302276237826623
Qwen--Qwen3-1.7B,x10_scar_curve,4,0.29693568878015186
Qwen--Qwen3-1.7B,x10_scar_curve,5,0.29846961039870173
Qwen--Qwen3-1.7B,x10_scar_curve,6,0.29874418865342406
Qwen--Qwen3-1.7B,x10_scar_curve,7,0.45870919284958445
Qwen--Qwen3-1.7B,x10_scar_curve,8,0.5225203376465594
Qwen--Qwen3-1.7B,x10_scar_curve,9,0.53375895691758
Qwen--Qwen3-1.7B,x10_scar_curve,10,0.5618801385422526
Qwen--Qwen3-1.7B,x10_scar_curve,11,0.3614400958644062
Qwen--Qwen3-1.7B,x10_scar_curve,12,0.3848785865447202
Qwen--Qwen3-1.7B,x10_scar_curve,13,0.40613897230940493
Qwen--Qwen3-1.7B,x10_scar_curve,14,0.45334956217852584
Qwen--Qwen3-1.7B,x10_scar_curve,15,0.4953862225084333
Qwen--Qwen3-1.7B,x10_scar_curve,16,0.22300267433557375
Qwen--Qwen3-1.7B,x10_scar_curve,17,0.2525075224111849
Qwen--Qwen3-1.7B,x10_scar_curve,18,0.2489948642272431
Qwen--Qwen3-1.7B,x10_scar_curve,19,0.26476779933688993
Qwen--Qwen3-1.7B,x10_scar_curve,20,0.5379960118419879
Qwen--Qwen3-1.7B,x10_scar_curve,21,0.48316393879652
Qwen--Qwen3-1.7B,x10_scar_curve,22,0.5850325786460687
Qwen--Qwen3-1.7B,x10_scar_curve,23,0.6600915121118357
Qwen--Qwen3-1.7B,x10_scar_curve,24,0.7095663907584531
Qwen--Qwen3-1.7B,x10_scar_curve,25,0.5984919443524971
Qwen--Qwen3-1.7B,x10_scar_curve,26,0.3866899007570241
Qwen--Qwen3-1.7B,x10_scar_curve,27,0.1260506692317871
Qwen--Qwen3-1.7B,x10_z_curve,0,-0.6351113974072122
Qwen--Qwen3-1.7B,x10_z_curve,1,-1.265716117131454
Qwen--Qwen3-1.7B,x10_z_curve,2,-0.7555855228061127
Qwen--Qwen3-1.7B,x10_z_curve,3,-0.22684230555002408
Qwen--Qwen3-1.7B,x10_z_curve,4,-0.47132630656958935
Qwen--Qwen3-1.7B,x10_z_curve,5,-0.46318911613255487
Qwen--Qwen3-1.7B,x10_z_curve,6,-0.4617325257034713
Qwen--Qwen3-1.7B,x10_z_curve,7,0.3868543164558659
Qwen--Qwen3-1.7B,x10_z_curve,8,0.7253614676289779
Qwen--Qwen3-1.7B,x10_z_curve,9,0.7849804104430675
Qwen--Qwen3-1.7B,x10_z_curve,10,0.9341584436796826
Qwen--Qwen3-1.7B,x10_z_curve,11,-0.12914151816509153
Qwen--Qwen3-1.7B,x10_z_curve,12,-0.004804355225385725
Qwen--Qwen3-1.7B,x10_z_curve,13,0.1079783356500489
Qwen--Qwen3-1.7B,x10_z_curve,14,0.35842239730487
Qwen--Qwen3-1.7B,x10_z_curve,15,0.581419652382847
Qwen--Qwen3-1.7B,x10_z_curve,16,-0.8635282358235075
Qwen--Qwen3-1.7B,x10_z_curve,17,-0.7070100899784875
Qwen--Qwen3-1.7B,x10_z_curve,18,-0.7256441376620737
Qwen--Qwen3-1.7B,x10_z_curve,19,-0.641971428974703
Qwen--Qwen3-1.7B,x10_z_curve,20,0.807457258278797
Qwen--Qwen3-1.7B,x10_z_curve,21,0.5165825388455039
Qwen--Qwen3-1.7B,x10_z_curve,22,1.056978157495888
Qwen--Qwen3-1.7B,x10_z_curve,23,1.4551528935616396
Qwen--Qwen3-1.7B,x10_z_curve,24,1.717608617849097
Qwen--Qwen3-1.7B,x10_z_curve,25,1.128377778304699
Qwen--Qwen3-1.7B,x10_z_curve,26,0.0048043552253854305
Qwen--Qwen3-1.7B,x10_z_curve,27,-1.3778419525358845
Qwen--Qwen3-1.7B,x10_sigma_min_curve,0,0.8096749186515808
Qwen--Qwen3-1.7B,x10_sigma_min_curve,1,0.9662190079689026
Qwen--Qwen3-1.7B,x10_sigma_min_curve,2,0.7958425879478455
Qwen--Qwen3-1.7B,x10_sigma_min_curve,3,0.6408432722091675
Qwen--Qwen3-1.7B,x10_sigma_min_curve,4,0.7087702751159668
Qwen--Qwen3-1.7B,x10_sigma_min_curve,5,0.7412412166595459
Qwen--Qwen3-1.7B,x10_sigma_min_curve,6,0.7267992496490479
Qwen--Qwen3-1.7B,x10_sigma_min_curve,7,0.4974149763584137
Qwen--Qwen3-1.7B,x10_sigma_min_curve,8,0.43676191568374634
Qwen--Qwen3-1.7B,x10_sigma_min_curve,9,0.4309801757335663
Qwen--Qwen3-1.7B,x10_sigma_min_curve,10,0.3989895284175873
Qwen--Qwen3-1.7B,x10_sigma_min_curve,11,0.6423340439796448
Qwen--Qwen3-1.7B,x10_sigma_min_curve,12,0.6083995699882507
Qwen--Qwen3-1.7B,x10_sigma_min_curve,13,0.5645583868026733
Qwen--Qwen3-1.7B,x10_sigma_min_curve,14,0.5036712288856506
Qwen--Qwen3-1.7B,x10_sigma_min_curve,15,0.4609220027923584
Qwen--Qwen3-1.7B,x10_sigma_min_curve,16,0.869364321231842
Qwen--Qwen3-1.7B,x10_sigma_min_curve,17,0.8348543643951416
Qwen--Qwen3-1.7B,x10_sigma_min_curve,18,0.8492687940597534
Qwen--Qwen3-1.7B,x10_sigma_min_curve,19,0.8457778692245483
Qwen--Qwen3-1.7B,x10_sigma_min_curve,20,0.46404436230659485
Qwen--Qwen3-1.7B,x10_sigma_min_curve,21,0.5394204258918762
Qwen--Qwen3-1.7B,x10_sigma_min_curve,22,0.43184611201286316
Qwen--Qwen3-1.7B,x10_sigma_min_curve,23,0.3667721152305603
Qwen--Qwen3-1.7B,x10_sigma_min_curve,24,0.32950714230537415
Qwen--Qwen3-1.7B,x10_sigma_min_curve,25,0.4269730746746063
Qwen--Qwen3-1.7B,x10_sigma_min_curve,26,0.6850917339324951
Qwen--Qwen3-1.7B,x10_sigma_min_curve,27,1.1815191507339478
Qwen--Qwen3-1.7B,x10_sigma_mp_curve,0,1.4940724348050958
Qwen--Qwen3-1.7B,x10_sigma_mp_curve,1,1.356009742162937
Qwen--Qwen3-1.7B,x10_sigma_mp_curve,2,1.3937274820344363
Qwen--Qwen3-1.7B,x10_sigma_mp_curve,3,1.4118045970244895
Qwen--Qwen3-1.7B,x10_sigma_mp_curve,4,1.4042394971605088
Qwen--Qwen3-1.7B,x10_sigma_mp_curve,5,1.4737681635542053
Qwen--Qwen3-1.7B,x10_sigma_mp_curve,6,1.4459679234646705
Qwen--Qwen3-1.7B,x10_sigma_mp_curve,7,1.430303001080161
Qwen--Qwen3-1.7B,x10_sigma_mp_curve,8,1.4546720681843832
Qwen--Qwen3-1.7B,x10_sigma_mp_curve,9,1.4730458022564796
Qwen--Qwen3-1.7B,x10_sigma_mp_curve,10,1.4549284498488622
Qwen--Qwen3-1.7B,x10_sigma_mp_curve,11,1.4763898006045908
Qwen--Qwen3-1.7B,x10_sigma_mp_curve,12,1.4759358609631223
Qwen--Qwen3-1.7B,x10_sigma_mp_curve,13,1.4382945531113065
Qwen--Qwen3-1.7B,x10_sigma_mp_curve,14,1.4305291293873126
Qwen--Qwen3-1.7B,x10_sigma_mp_curve,15,1.4421607208943727
Qwen--Qwen3-1.7B,x10_sigma_mp_curve,16,1.4527955037475542
Qwen--Qwen3-1.7B,x10_sigma_mp_curve,17,1.4932009043917565
Qwen--Qwen3-1.7B,x10_sigma_mp_curve,18,1.5067459426585417
Qwen--Qwen3-1.7B,x10_sigma_mp_curve,19,1.5560520371215139
Qwen--Qwen3-1.7B,x10_sigma_mp_curve,20,1.6016053565154729
Qwen--Qwen3-1.7B,x10_sigma_mp_curve,21,1.6409348037821896
Qwen--Qwen3-1.7B,x10_sigma_mp_curve,22,1.6609692509930154
Qwen--Qwen3-1.7B,x10_sigma_mp_curve,23,1.6768253155775952
Qwen--Qwen3-1.7B,x10_sigma_mp_curve,24,1.6882284838889288
Qwen--Qwen3-1.7B,x10_sigma_mp_curve,25,1.6939181960105933
Qwen--Qwen3-1.7B,x10_sigma_mp_curve,26,1.668931947709235
Qwen--Qwen3-1.7B,x10_sigma_mp_curve,27,1.5793974574811769
Qwen--Qwen3-4B,x1_g_curve,0,0.0
Qwen--Qwen3-4B,x1_g_curve,1,0.03899095545067392
Qwen--Qwen3-4B,x1_g_curve,2,0.05631474624163415
Qwen--Qwen3-4B,x1_g_curve,3,0.0601140647324217
Qwen--Qwen3-4B,x1_g_curve,4,0.09149341077725241
Qwen--Qwen3-4B,x1_g_curve,5,0.11228117406156757
Qwen--Qwen3-4B,x1_g_curve,6,0.10915416491189248
Qwen--Qwen3-4B,x1_g_curve,7,0.12676421692621154
Qwen--Qwen3-4B,x1_g_curve,8,0.13363322384022958
Qwen--Qwen3-4B,x1_g_curve,9,0.17963464044633415
Qwen--Qwen3-4B,x1_g_curve,10,0.22202373268329134
Qwen--Qwen3-4B,x1_g_curve,11,0.21312439392989357
Qwen--Qwen3-4B,x1_g_curve,12,0.23931198335301976
Qwen--Qwen3-4B,x1_g_curve,13,0.27268693443262026
Qwen--Qwen3-4B,x1_g_curve,14,0.2966390333772083
Qwen--Qwen3-4B,x1_g_curve,15,0.27167933722724136
Qwen--Qwen3-4B,x1_g_curve,16,0.28123781296299644
Qwen--Qwen3-4B,x1_g_curve,17,0.2753539783066018
Qwen--Qwen3-4B,x1_g_curve,18,0.2767678408207171
Qwen--Qwen3-4B,x1_g_curve,19,0.33164083980025383
Qwen--Qwen3-4B,x1_g_curve,20,0.4596985103211696
Qwen--Qwen3-4B,x1_g_curve,21,0.5214400957641899
Qwen--Qwen3-4B,x1_g_curve,22,0.5082589831641293
Qwen--Qwen3-4B,x1_g_curve,23,0.581726826891414
Qwen--Qwen3-4B,x1_g_curve,24,0.592245732907194
Qwen--Qwen3-4B,x1_g_curve,25,0.6284654218072985
Qwen--Qwen3-4B,x1_g_curve,26,0.6494979613028181
Qwen--Qwen3-4B,x1_g_curve,27,0.6526340182189655
Qwen--Qwen3-4B,x1_g_curve,28,0.6642215024552
Qwen--Qwen3-4B,x1_g_curve,29,0.6629862544006386
Qwen--Qwen3-4B,x1_g_curve,30,0.64322568875364
Qwen--Qwen3-4B,x1_g_curve,31,0.6109803263447994
Qwen--Qwen3-4B,x1_g_curve,32,0.5940307870689322
Qwen--Qwen3-4B,x1_g_curve,33,0.561785521744423
Qwen--Qwen3-4B,x1_g_curve,34,0.5025299577933041
Qwen--Qwen3-4B,x1_g_curve,35,0.4281343318867242
Qwen--Qwen3-4B,x1_g_curve,36,0.5536296918008877
Qwen--Qwen3-4B,auroc_by_layer,0,0.5
Qwen--Qwen3-4B,auroc_by_layer,1,0.6514756944444444
Qwen--Qwen3-4B,auroc_by_layer,2,0.7743055555555556
Qwen--Qwen3-4B,auroc_by_layer,3,0.7712673611111112
Qwen--Qwen3-4B,auroc_by_layer,4,0.9470486111111112
Qwen--Qwen3-4B,auroc_by_layer,5,0.98046875
Qwen--Qwen3-4B,auroc_by_layer,6,0.9730902777777778
Qwen--Qwen3-4B,auroc_by_layer,7,0.98046875
Qwen--Qwen3-4B,auroc_by_layer,8,0.9787326388888888
Qwen--Qwen3-4B,auroc_by_layer,9,0.9778645833333334
Qwen--Qwen3-4B,auroc_by_layer,10,0.9787326388888888
Qwen--Qwen3-4B,auroc_by_layer,11,0.9774305555555556
Qwen--Qwen3-4B,auroc_by_layer,12,0.9791666666666666
Qwen--Qwen3-4B,auroc_by_layer,13,0.9800347222222222
Qwen--Qwen3-4B,auroc_by_layer,14,0.9787326388888888
Qwen--Qwen3-4B,auroc_by_layer,15,0.9796006944444444
Qwen--Qwen3-4B,auroc_by_layer,16,0.9782986111111112
Qwen--Qwen3-4B,auroc_by_layer,17,0.9796006944444444
Qwen--Qwen3-4B,auroc_by_layer,18,0.9822048611111112
Qwen--Qwen3-4B,auroc_by_layer,19,0.9995659722222222
Qwen--Qwen3-4B,auroc_by_layer,20,1.0
Qwen--Qwen3-4B,auroc_by_layer,21,1.0
Qwen--Qwen3-4B,auroc_by_layer,22,1.0
Qwen--Qwen3-4B,auroc_by_layer,23,0.9991319444444444
Qwen--Qwen3-4B,auroc_by_layer,24,0.9991319444444444
Qwen--Qwen3-4B,auroc_by_layer,25,0.9986979166666666
Qwen--Qwen3-4B,auroc_by_layer,26,0.9986979166666666
Qwen--Qwen3-4B,auroc_by_layer,27,0.9986979166666666
Qwen--Qwen3-4B,auroc_by_layer,28,0.9986979166666666
Qwen--Qwen3-4B,auroc_by_layer,29,0.9982638888888888
Qwen--Qwen3-4B,auroc_by_layer,30,0.9982638888888888
Qwen--Qwen3-4B,auroc_by_layer,31,0.9969618055555556
Qwen--Qwen3-4B,auroc_by_layer,32,0.9973958333333334
Qwen--Qwen3-4B,auroc_by_layer,33,0.9969618055555556
Qwen--Qwen3-4B,auroc_by_layer,34,0.9973958333333334
Qwen--Qwen3-4B,auroc_by_layer,35,0.9973958333333334
Qwen--Qwen3-4B,auroc_by_layer,36,0.9973958333333334
Qwen--Qwen3-4B,cohen_by_layer,0,
Qwen--Qwen3-4B,cohen_by_layer,1,3.016123489154274
Qwen--Qwen3-4B,cohen_by_layer,2,5.138065269180182
Qwen--Qwen3-4B,cohen_by_layer,3,5.490856345369707
Qwen--Qwen3-4B,cohen_by_layer,4,4.697057987043735
Qwen--Qwen3-4B,cohen_by_layer,5,4.6505250720522735
Qwen--Qwen3-4B,cohen_by_layer,6,4.742087338675887
Qwen--Qwen3-4B,cohen_by_layer,7,4.589627904588546
Qwen--Qwen3-4B,cohen_by_layer,8,4.432185944584168
Qwen--Qwen3-4B,cohen_by_layer,9,4.280845813882821
Qwen--Qwen3-4B,cohen_by_layer,10,4.125527115952443
Qwen--Qwen3-4B,cohen_by_layer,11,4.003194710627304
Qwen--Qwen3-4B,cohen_by_layer,12,3.9559596252783926
Qwen--Qwen3-4B,cohen_by_layer,13,3.9818475961865527
Qwen--Qwen3-4B,cohen_by_layer,14,3.7751993090764335
Qwen--Qwen3-4B,cohen_by_layer,15,3.7941678038508333
Qwen--Qwen3-4B,cohen_by_layer,16,3.669606777661192
Qwen--Qwen3-4B,cohen_by_layer,17,3.673860292547869
Qwen--Qwen3-4B,cohen_by_layer,18,3.9199591006136285
Qwen--Qwen3-4B,cohen_by_layer,19,6.073185866209135
Qwen--Qwen3-4B,cohen_by_layer,20,7.239553230077009
Qwen--Qwen3-4B,cohen_by_layer,21,7.16551151852722
Qwen--Qwen3-4B,cohen_by_layer,22,7.4245952227646965
Qwen--Qwen3-4B,cohen_by_layer,23,7.6141625942938616
Qwen--Qwen3-4B,cohen_by_layer,24,7.192742993703885
Qwen--Qwen3-4B,cohen_by_layer,25,7.205654990920739
Qwen--Qwen3-4B,cohen_by_layer,26,7.097967264975603
Qwen--Qwen3-4B,cohen_by_layer,27,6.927917182305867
Qwen--Qwen3-4B,cohen_by_layer,28,6.926755771520334
Qwen--Qwen3-4B,cohen_by_layer,29,6.827920996076555
Qwen--Qwen3-4B,cohen_by_layer,30,6.62102437341896
Qwen--Qwen3-4B,cohen_by_layer,31,6.623917177122901
Qwen--Qwen3-4B,cohen_by_layer,32,6.596123138516714
Qwen--Qwen3-4B,cohen_by_layer,33,6.656731913421804
Qwen--Qwen3-4B,cohen_by_layer,34,6.647538116408823
Qwen--Qwen3-4B,cohen_by_layer,35,6.6141825566561945
Qwen--Qwen3-4B,cohen_by_layer,36,6.947500084307808
Qwen--Qwen3-4B,x2_wm_curve,0,1.1012320847469443
Qwen--Qwen3-4B,x2_wm_curve,1,1.113602290908966
Qwen--Qwen3-4B,x2_wm_curve,2,1.1459781661704873
Qwen--Qwen3-4B,x2_wm_curve,3,1.1157112583059439
Qwen--Qwen3-4B,x2_wm_curve,4,1.139592106862732
Qwen--Qwen3-4B,x2_wm_curve,5,1.1777854039377345
Qwen--Qwen3-4B,x2_wm_curve,6,1.1824529789043277
Qwen--Qwen3-4B,x2_wm_curve,7,1.0851365937498194
Qwen--Qwen3-4B,x2_wm_curve,8,1.1142680335641981
Qwen--Qwen3-4B,x2_wm_curve,9,1.1252686462312236
Qwen--Qwen3-4B,x2_wm_curve,10,1.1613470372819477
Qwen--Qwen3-4B,x2_wm_curve,11,1.0905141398448222
Qwen--Qwen3-4B,x2_wm_curve,12,1.1366461280877902
Qwen--Qwen3-4B,x2_wm_curve,13,1.1009804585555825
Qwen--Qwen3-4B,x2_wm_curve,14,1.1772401916380686
Qwen--Qwen3-4B,x2_wm_curve,15,1.2052077207698622
Qwen--Qwen3-4B,x2_wm_curve,16,1.4214368631712024
Qwen--Qwen3-4B,x2_wm_curve,17,1.3906138463013151
Qwen--Qwen3-4B,x2_wm_curve,18,1.4364583469286758
Qwen--Qwen3-4B,x2_wm_curve,19,1.394706437851743
Qwen--Qwen3-4B,x2_wm_curve,20,1.329610088556606
Qwen--Qwen3-4B,x2_wm_curve,21,1.2955603433970624
Qwen--Qwen3-4B,x2_wm_curve,22,1.47175553956536
Qwen--Qwen3-4B,x2_wm_curve,23,1.209892888010518
Qwen--Qwen3-4B,x2_wm_curve,24,1.1694130679881176
Qwen--Qwen3-4B,x2_wm_curve,25,1.1550905271710956
Qwen--Qwen3-4B,x2_wm_curve,26,1.1238804356370056
Qwen--Qwen3-4B,x2_wm_curve,27,1.099126184009482
Qwen--Qwen3-4B,x2_wm_curve,28,1.0528844821974175
Qwen--Qwen3-4B,x2_wm_curve,29,1.0396610202595284
Qwen--Qwen3-4B,x2_wm_curve,30,1.060627299535677
Qwen--Qwen3-4B,x2_wm_curve,31,1.0675049081806098
Qwen--Qwen3-4B,x2_wm_curve,32,1.044605432636677
Qwen--Qwen3-4B,x2_wm_curve,33,1.0243744308552816
Qwen--Qwen3-4B,x2_wm_curve,34,1.1940017419660733
Qwen--Qwen3-4B,x2_wm_curve,35,1.304213099208438
Qwen--Qwen3-4B,x8_drive_gap_curve,0,0.0
Qwen--Qwen3-4B,x8_drive_gap_curve,1,-0.09032305081685382
Qwen--Qwen3-4B,x8_drive_gap_curve,2,-0.1862255533536275
Qwen--Qwen3-4B,x8_drive_gap_curve,3,-0.1075288852055869
Qwen--Qwen3-4B,x8_drive_gap_curve,4,-0.42998878161112475
Qwen--Qwen3-4B,x8_drive_gap_curve,5,-0.44396090507507313
Qwen--Qwen3-4B,x8_drive_gap_curve,6,-0.40170472860336304
Qwen--Qwen3-4B,x8_drive_gap_curve,7,-0.04957941174507141
Qwen--Qwen3-4B,x8_drive_gap_curve,8,0.07368816932042443
Qwen--Qwen3-4B,x8_drive_gap_curve,9,0.3951075673103333
Qwen--Qwen3-4B,x8_drive_gap_curve,10,0.19425840179125475
Qwen--Qwen3-4B,x8_drive_gap_curve,11,-0.18951043486595154
Qwen--Qwen3-4B,x8_drive_gap_curve,12,0.35601151982943224
Qwen--Qwen3-4B,x8_drive_gap_curve,13,-0.4007189174493153
Qwen--Qwen3-4B,x8_drive_gap_curve,14,-0.11470318833986917
Qwen--Qwen3-4B,x8_drive_gap_curve,15,0.9679095645745595
Qwen--Qwen3-4B,x8_drive_gap_curve,16,-0.5425892869631448
Qwen--Qwen3-4B,x8_drive_gap_curve,17,-0.12282922863960266
Qwen--Qwen3-4B,x8_drive_gap_curve,18,-1.0776040156682334
Qwen--Qwen3-4B,x8_drive_gap_curve,19,-1.215321441491445
Qwen--Qwen3-4B,x8_drive_gap_curve,20,-0.15511770049730944
Qwen--Qwen3-4B,x8_drive_gap_curve,21,0.05385392904281616
Qwen--Qwen3-4B,x8_drive_gap_curve,22,-1.6799726684888205
Qwen--Qwen3-4B,x8_drive_gap_curve,23,-1.4170263707637787
Qwen--Qwen3-4B,x8_drive_gap_curve,24,-1.863785485426585
Qwen--Qwen3-4B,x8_drive_gap_curve,25,-1.882415552934011
Qwen--Qwen3-4B,x8_drive_gap_curve,26,-1.0404197076956432
Qwen--Qwen3-4B,x8_drive_gap_curve,27,-0.4220601121584573
Qwen--Qwen3-4B,x8_drive_gap_curve,28,0.4736951490243275
Qwen--Qwen3-4B,x8_drive_gap_curve,29,-0.03850937883059191
Qwen--Qwen3-4B,x8_drive_gap_curve,30,2.4940748910109205
Qwen--Qwen3-4B,x8_drive_gap_curve,31,1.402443081140518
Qwen--Qwen3-4B,x8_drive_gap_curve,32,2.1116159856319427
Qwen--Qwen3-4B,x8_drive_gap_curve,33,3.87655708193779
Qwen--Qwen3-4B,x8_drive_gap_curve,34,3.979353855053583
Qwen--Qwen3-4B,x8_drive_gap_curve,35,3.2978147466977443
Qwen--Qwen3-4B,x8_drive_gap_curve,36,4.9242019255956
Qwen--Qwen3-4B,x10_scar_curve,0,0.15446302820478797
Qwen--Qwen3-4B,x10_scar_curve,1,0.197233097597202
Qwen--Qwen3-4B,x10_scar_curve,2,0.20939984894042277
Qwen--Qwen3-4B,x10_scar_curve,3,0.1429841451865377
Qwen--Qwen3-4B,x10_scar_curve,4,0.16478163835041895
Qwen--Qwen3-4B,x10_scar_curve,5,0.1275618898096413
Qwen--Qwen3-4B,x10_scar_curve,6,0.3315255604814446
Qwen--Qwen3-4B,x10_scar_curve,7,0.3073396324064427
Qwen--Qwen3-4B,x10_scar_curve,8,0.40610933267442134
Qwen--Qwen3-4B,x10_scar_curve,9,0.6388288588719899
Qwen--Qwen3-4B,x10_scar_curve,10,0.6432083392124964
Qwen--Qwen3-4B,x10_scar_curve,11,0.6776103179844039
Qwen--Qwen3-4B,x10_scar_curve,12,0.4066967988130865
Qwen--Qwen3-4B,x10_scar_curve,13,0.6035139884987428
Qwen--Qwen3-4B,x10_scar_curve,14,0.5675165563651963
Qwen--Qwen3-4B,x10_scar_curve,15,0.41477321724318833
Qwen--Qwen3-4B,x10_scar_curve,16,0.41464311637083634
Qwen--Qwen3-4B,x10_scar_curve,17,0.42874420622564974
Qwen--Qwen3-4B,x10_scar_curve,18,0.4151494267002116
Qwen--Qwen3-4B,x10_scar_curve,19,0.2530202958335472
Qwen--Qwen3-4B,x10_scar_curve,20,0.380188692560473
Qwen--Qwen3-4B,x10_scar_curve,21,0.40477364374630875
Qwen--Qwen3-4B,x10_scar_curve,22,0.17379676588674617
Qwen--Qwen3-4B,x10_scar_curve,23,0.2100976323622364
Qwen--Qwen3-4B,x10_scar_curve,24,0.24604301432582107
Qwen--Qwen3-4B,x10_scar_curve,25,0.2942840684756569
Qwen--Qwen3-4B,x10_scar_curve,26,0.31648171589253105
Qwen--Qwen3-4B,x10_scar_curve,27,0.3582652030274155
Qwen--Qwen3-4B,x10_scar_curve,28,0.4972500270150724
Qwen--Qwen3-4B,x10_scar_curve,29,0.5109795665883247
Qwen--Qwen3-4B,x10_scar_curve,30,0.45669011987214136
Qwen--Qwen3-4B,x10_scar_curve,31,0.6314656571139516
Qwen--Qwen3-4B,x10_scar_curve,32,0.5466652298725592
Qwen--Qwen3-4B,x10_scar_curve,33,0.48242840740113335
Qwen--Qwen3-4B,x10_scar_curve,34,0.27029355325327564
Qwen--Qwen3-4B,x10_scar_curve,35,0.05159805551871203
Qwen--Qwen3-4B,x10_z_curve,0,-1.2271505001913379
Qwen--Qwen3-4B,x10_z_curve,1,-1.0066407858500162
Qwen--Qwen3-4B,x10_z_curve,2,-0.9439126467268342
Qwen--Qwen3-4B,x10_z_curve,3,-1.2863321955046674
Qwen--Qwen3-4B,x10_z_curve,4,-1.1739508255605522
Qwen--Qwen3-4B,x10_z_curve,5,-1.365844741917826
Qwen--Qwen3-4B,x10_z_curve,6,-0.31426892278146656
Qwen--Qwen3-4B,x10_z_curve,7,-0.4389643503704701
Qwen--Qwen3-4B,x10_z_curve,8,0.0702627493529851
Qwen--Qwen3-4B,x10_z_curve,9,1.2700951782565357
Qwen--Qwen3-4B,x10_z_curve,10,1.2926744719674739
Qwen--Qwen3-4B,x10_z_curve,11,1.4700408082754297
Qwen--Qwen3-4B,x10_z_curve,12,0.07329154945227212
Qwen--Qwen3-4B,x10_z_curve,13,1.088022245277224
Qwen--Qwen3-4B,x10_z_curve,14,0.9024302275519182
Qwen--Qwen3-4B,x10_z_curve,15,0.11493115271273849
Qwen--Qwen3-4B,x10_z_curve,16,0.1142603914395996
Qwen--Qwen3-4B,x10_z_curve,17,0.1869614026831707
Qwen--Qwen3-4B,x10_z_curve,18,0.11687077640470796
Qwen--Qwen3-4B,x10_z_curve,19,-0.7190186397615406
Qwen--Qwen3-4B,x10_z_curve,20,-0.06337633583598423
Qwen--Qwen3-4B,x10_z_curve,21,0.06337633583598452
Qwen--Qwen3-4B,x10_z_curve,22,-1.1274715182779997
Qwen--Qwen3-4B,x10_z_curve,23,-0.9403150836365222
Qwen--Qwen3-4B,x10_z_curve,24,-0.7549914210547259
Qwen--Qwen3-4B,x10_z_curve,25,-0.5062749419556464
Qwen--Qwen3-4B,x10_z_curve,26,-0.3918304960971494
Qwen--Qwen3-4B,x10_z_curve,27,-0.17640730545973032
Qwen--Qwen3-4B,x10_z_curve,28,0.5401569711634194
Qwen--Qwen3-4B,x10_z_curve,29,0.6109423800333124
Qwen--Qwen3-4B,x10_z_curve,30,0.3310421938237177
Qwen--Qwen3-4B,x10_z_curve,31,1.2321327073190786
Qwen--Qwen3-4B,x10_z_curve,32,0.7949270106096387
Qwen--Qwen3-4B,x10_z_curve,33,0.4637411235023184
Qwen--Qwen3-4B,x10_z_curve,34,-0.6299628791916498
Qwen--Qwen3-4B,x10_z_curve,35,-1.7574916023911296
Qwen--Qwen3-4B,x10_sigma_min_curve,0,1.0710769891738892
Qwen--Qwen3-4B,x10_sigma_min_curve,1,0.7772684097290039
Qwen--Qwen3-4B,x10_sigma_min_curve,2,0.7652590274810791
Qwen--Qwen3-4B,x10_sigma_min_curve,3,0.9750201106071472
Qwen--Qwen3-4B,x10_sigma_min_curve,4,0.9833863973617554
Qwen--Qwen3-4B,x10_sigma_min_curve,5,1.0815160274505615
Qwen--Qwen3-4B,x10_sigma_min_curve,6,0.6999251246452332
Qwen--Qwen3-4B,x10_sigma_min_curve,7,0.7407830953598022
Qwen--Qwen3-4B,x10_sigma_min_curve,8,0.6066747307777405
Qwen--Qwen3-4B,x10_sigma_min_curve,9,0.341096967458725
Qwen--Qwen3-4B,x10_sigma_min_curve,10,0.34562164545059204
Qwen--Qwen3-4B,x10_sigma_min_curve,11,0.3231050372123718
Qwen--Qwen3-4B,x10_sigma_min_curve,12,0.6060073375701904
Qwen--Qwen3-4B,x10_sigma_min_curve,13,0.384194940328598
Qwen--Qwen3-4B,x10_sigma_min_curve,14,0.4125266969203949
Qwen--Qwen3-4B,x10_sigma_min_curve,15,0.5782425403594971
Qwen--Qwen3-4B,x10_sigma_min_curve,16,0.5765717625617981
Qwen--Qwen3-4B,x10_sigma_min_curve,17,0.5567327737808228
Qwen--Qwen3-4B,x10_sigma_min_curve,18,0.5739468336105347
Qwen--Qwen3-4B,x10_sigma_min_curve,19,0.8355719447135925
Qwen--Qwen3-4B,x10_sigma_min_curve,20,0.6228848695755005
Qwen--Qwen3-4B,x10_sigma_min_curve,21,0.5891951322555542
Qwen--Qwen3-4B,x10_sigma_min_curve,22,1.0121835470199585
Qwen--Qwen3-4B,x10_sigma_min_curve,23,0.9438484907150269
Qwen--Qwen3-4B,x10_sigma_min_curve,24,0.8781219720840454
Qwen--Qwen3-4B,x10_sigma_min_curve,25,0.7851814031600952
Qwen--Qwen3-4B,x10_sigma_min_curve,26,0.7573736310005188
Qwen--Qwen3-4B,x10_sigma_min_curve,27,0.6893677711486816
Qwen--Qwen3-4B,x10_sigma_min_curve,28,0.5042557120323181
Qwen--Qwen3-4B,x10_sigma_min_curve,29,0.4995952546596527
Qwen--Qwen3-4B,x10_sigma_min_curve,30,0.5700703859329224
Qwen--Qwen3-4B,x10_sigma_min_curve,31,0.38965821266174316
Qwen--Qwen3-4B,x10_sigma_min_curve,32,0.47380027174949646
Qwen--Qwen3-4B,x10_sigma_min_curve,33,0.5512376427650452
Qwen--Qwen3-4B,x10_sigma_min_curve,34,0.8574795126914978
Qwen--Qwen3-4B,x10_sigma_min_curve,35,1.3629381656646729
Qwen--Qwen3-4B,x10_sigma_mp_curve,0,1.5285643175956125
Qwen--Qwen3-4B,x10_sigma_mp_curve,1,1.2240639699709284
Qwen--Qwen3-4B,x10_sigma_mp_curve,2,1.239390920990823
Qwen--Qwen3-4B,x10_sigma_mp_curve,3,1.3551822936038433
Qwen--Qwen3-4B,x10_sigma_mp_curve,4,1.4371623623144776
Qwen--Qwen3-4B,x10_sigma_mp_curve,5,1.45075758420943
Qwen--Qwen3-4B,x10_sigma_mp_curve,6,1.5016791255458488
Qwen--Qwen3-4B,x10_sigma_mp_curve,7,1.5032482108006806
Qwen--Qwen3-4B,x10_sigma_mp_curve,8,1.5454865816793264
Qwen--Qwen3-4B,x10_sigma_mp_curve,9,1.484932515835504
Qwen--Qwen3-4B,x10_sigma_mp_curve,10,1.5198799037695871
Qwen--Qwen3-4B,x10_sigma_mp_curve,11,1.5379918946863296
Qwen--Qwen3-4B,x10_sigma_mp_curve,12,1.5458760951768233
Qwen--Qwen3-4B,x10_sigma_mp_curve,13,1.5419334488495433
Qwen--Qwen3-4B,x10_sigma_mp_curve,14,1.5239426224111674
Qwen--Qwen3-4B,x10_sigma_mp_curve,15,1.5027379566096248
Qwen--Qwen3-4B,x10_sigma_mp_curve,16,1.497947130938405
Qwen--Qwen3-4B,x10_sigma_mp_curve,17,1.4941389742449318
Qwen--Qwen3-4B,x10_sigma_mp_curve,18,1.4928669070780591
Qwen--Qwen3-4B,x10_sigma_mp_curve,19,1.4962499381124197
Qwen--Qwen3-4B,x10_sigma_mp_curve,20,1.4948460705562754
Qwen--Qwen3-4B,x10_sigma_mp_curve,21,1.496348642324886
Qwen--Qwen3-4B,x10_sigma_mp_curve,22,1.510275020968141
Qwen--Qwen3-4B,x10_sigma_mp_curve,23,1.5310871727737234
Qwen--Qwen3-4B,x10_sigma_mp_curve,24,1.5473831322903409
Qwen--Qwen3-4B,x10_sigma_mp_curve,25,1.5461587173287408
Qwen--Qwen3-4B,x10_sigma_mp_curve,26,1.5696105039763733
Qwen--Qwen3-4B,x10_sigma_mp_curve,27,1.572954567114388
Qwen--Qwen3-4B,x10_sigma_mp_curve,28,1.5845314132037216
Qwen--Qwen3-4B,x10_sigma_mp_curve,29,1.6203091004581274
Qwen--Qwen3-4B,x10_sigma_mp_curve,30,1.6316184241145182
Qwen--Qwen3-4B,x10_sigma_mp_curve,31,1.6678212049528673
Qwen--Qwen3-4B,x10_sigma_mp_curve,32,1.6682477022486257
Qwen--Qwen3-4B,x10_sigma_mp_curve,33,1.6740455635961515
Qwen--Qwen3-4B,x10_sigma_mp_curve,34,1.5977811960101498
Qwen--Qwen3-4B,x10_sigma_mp_curve,35,1.5348792275142356
Qwen--Qwen3-4B-Base,x1_g_curve,0,0.0
Qwen--Qwen3-4B-Base,x1_g_curve,1,0.037274114469964426
Qwen--Qwen3-4B-Base,x1_g_curve,2,0.052150125530983645
Qwen--Qwen3-4B-Base,x1_g_curve,3,0.061147059203560394
Qwen--Qwen3-4B-Base,x1_g_curve,4,0.07579930831448049
Qwen--Qwen3-4B-Base,x1_g_curve,5,0.08148660010078289
Qwen--Qwen3-4B-Base,x1_g_curve,6,0.09303474453775884
Qwen--Qwen3-4B-Base,x1_g_curve,7,0.10365721738237
Qwen--Qwen3-4B-Base,x1_g_curve,8,0.12564840998504015
Qwen--Qwen3-4B-Base,x1_g_curve,9,0.17203861848599122
Qwen--Qwen3-4B-Base,x1_g_curve,10,0.17571716620622416
Qwen--Qwen3-4B-Base,x1_g_curve,11,0.16444067174206414
Qwen--Qwen3-4B-Base,x1_g_curve,12,0.1669541026915893
Qwen--Qwen3-4B-Base,x1_g_curve,13,0.1553115476848772
Qwen--Qwen3-4B-Base,x1_g_curve,14,0.16269864070886753
Qwen--Qwen3-4B-Base,x1_g_curve,15,0.15382038077447457
Qwen--Qwen3-4B-Base,x1_g_curve,16,0.16255281509164884
Qwen--Qwen3-4B-Base,x1_g_curve,17,0.1794520773476971
Qwen--Qwen3-4B-Base,x1_g_curve,18,0.18522120643754175
Qwen--Qwen3-4B-Base,x1_g_curve,19,0.20267251321980087
Qwen--Qwen3-4B-Base,x1_g_curve,20,0.22680915034726928
Qwen--Qwen3-4B-Base,x1_g_curve,21,0.21494374668106286
Qwen--Qwen3-4B-Base,x1_g_curve,22,0.2251825597102053
Qwen--Qwen3-4B-Base,x1_g_curve,23,0.24600615840248424
Qwen--Qwen3-4B-Base,x1_g_curve,24,0.2416462801709925
Qwen--Qwen3-4B-Base,x1_g_curve,25,0.2089628236334155
Qwen--Qwen3-4B-Base,x1_g_curve,26,0.20190512332185748
Qwen--Qwen3-4B-Base,x1_g_curve,27,0.19668094248067247
Qwen--Qwen3-4B-Base,x1_g_curve,28,0.2050030707158549
Qwen--Qwen3-4B-Base,x1_g_curve,29,0.19934003273892287
Qwen--Qwen3-4B-Base,x1_g_curve,30,0.1648567637189885
Qwen--Qwen3-4B-Base,x1_g_curve,31,0.1638314549426897
Qwen--Qwen3-4B-Base,x1_g_curve,32,0.1831967600662521
Qwen--Qwen3-4B-Base,x1_g_curve,33,0.18312759129579942
Qwen--Qwen3-4B-Base,x1_g_curve,34,0.19268960325979526
Qwen--Qwen3-4B-Base,x1_g_curve,35,0.16793573383906787
Qwen--Qwen3-4B-Base,x1_g_curve,36,0.17226797767991023
Qwen--Qwen3-4B-Base,auroc_by_layer,0,0.5
Qwen--Qwen3-4B-Base,auroc_by_layer,1,0.6111111111111112
Qwen--Qwen3-4B-Base,auroc_by_layer,2,0.7113715277777778
Qwen--Qwen3-4B-Base,auroc_by_layer,3,0.7065972222222222
Qwen--Qwen3-4B-Base,auroc_by_layer,4,0.9448784722222222
Qwen--Qwen3-4B-Base,auroc_by_layer,5,0.9427083333333334
Qwen--Qwen3-4B-Base,auroc_by_layer,6,0.9635416666666666
Qwen--Qwen3-4B-Base,auroc_by_layer,7,0.9796006944444444
Qwen--Qwen3-4B-Base,auroc_by_layer,8,0.9861111111111112
Qwen--Qwen3-4B-Base,auroc_by_layer,9,0.9913194444444444
Qwen--Qwen3-4B-Base,auroc_by_layer,10,0.9908854166666666
Qwen--Qwen3-4B-Base,auroc_by_layer,11,0.9926215277777778
Qwen--Qwen3-4B-Base,auroc_by_layer,12,0.9943576388888888
Qwen--Qwen3-4B-Base,auroc_by_layer,13,0.9835069444444444
Qwen--Qwen3-4B-Base,auroc_by_layer,14,0.984375
Qwen--Qwen3-4B-Base,auroc_by_layer,15,0.984375
Qwen--Qwen3-4B-Base,auroc_by_layer,16,0.9900173611111112
Qwen--Qwen3-4B-Base,auroc_by_layer,17,0.9869791666666666
Qwen--Qwen3-4B-Base,auroc_by_layer,18,0.9852430555555556
Qwen--Qwen3-4B-Base,auroc_by_layer,19,0.9835069444444444
Qwen--Qwen3-4B-Base,auroc_by_layer,20,0.9822048611111112
Qwen--Qwen3-4B-Base,auroc_by_layer,21,0.9761284722222222
Qwen--Qwen3-4B-Base,auroc_by_layer,22,0.9735243055555556
Qwen--Qwen3-4B-Base,auroc_by_layer,23,0.9887152777777778
Qwen--Qwen3-4B-Base,auroc_by_layer,24,0.9878472222222222
Qwen--Qwen3-4B-Base,auroc_by_layer,25,0.9861111111111112
Qwen--Qwen3-4B-Base,auroc_by_layer,26,0.9869791666666666
Qwen--Qwen3-4B-Base,auroc_by_layer,27,0.9848090277777778
Qwen--Qwen3-4B-Base,auroc_by_layer,28,0.9869791666666666
Qwen--Qwen3-4B-Base,auroc_by_layer,29,0.9869791666666666
Qwen--Qwen3-4B-Base,auroc_by_layer,30,0.984375
Qwen--Qwen3-4B-Base,auroc_by_layer,31,0.98828125
Qwen--Qwen3-4B-Base,auroc_by_layer,32,0.9943576388888888
Qwen--Qwen3-4B-Base,auroc_by_layer,33,0.9952256944444444
Qwen--Qwen3-4B-Base,auroc_by_layer,34,0.99609375
Qwen--Qwen3-4B-Base,auroc_by_layer,35,0.9978298611111112
Qwen--Qwen3-4B-Base,auroc_by_layer,36,0.9982638888888888
Qwen--Qwen3-4B-Base,cohen_by_layer,0,
Qwen--Qwen3-4B-Base,cohen_by_layer,1,2.620734045942311
Qwen--Qwen3-4B-Base,cohen_by_layer,2,4.057327220289434
Qwen--Qwen3-4B-Base,cohen_by_layer,3,4.868017921567078
Qwen--Qwen3-4B-Base,cohen_by_layer,4,5.4684493220228125
Qwen--Qwen3-4B-Base,cohen_by_layer,5,3.5885429938437903
Qwen--Qwen3-4B-Base,cohen_by_layer,6,3.02049956928227
Qwen--Qwen3-4B-Base,cohen_by_layer,7,3.1310035901141293
Qwen--Qwen3-4B-Base,cohen_by_layer,8,3.3615139018911653
Qwen--Qwen3-4B-Base,cohen_by_layer,9,3.739014193739125
Qwen--Qwen3-4B-Base,cohen_by_layer,10,3.7381172579526782
Qwen--Qwen3-4B-Base,cohen_by_layer,11,4.085123142854671
Qwen--Qwen3-4B-Base,cohen_by_layer,12,4.172733938896011
Qwen--Qwen3-4B-Base,cohen_by_layer,13,3.7683997248055254
Qwen--Qwen3-4B-Base,cohen_by_layer,14,3.8465088183278833
Qwen--Qwen3-4B-Base,cohen_by_layer,15,3.845425950006185
Qwen--Qwen3-4B-Base,cohen_by_layer,16,4.17386411549063
Qwen--Qwen3-4B-Base,cohen_by_layer,17,4.084903219342606
Qwen--Qwen3-4B-Base,cohen_by_layer,18,3.920378263294957
Qwen--Qwen3-4B-Base,cohen_by_layer,19,3.8065507547316293
Qwen--Qwen3-4B-Base,cohen_by_layer,20,3.664042809358342
Qwen--Qwen3-4B-Base,cohen_by_layer,21,3.401601065203167
Qwen--Qwen3-4B-Base,cohen_by_layer,22,3.2820159632355197
Qwen--Qwen3-4B-Base,cohen_by_layer,23,3.7490984926284177
Qwen--Qwen3-4B-Base,cohen_by_layer,24,3.6544291176492285
Qwen--Qwen3-4B-Base,cohen_by_layer,25,3.5393099106624373
Qwen--Qwen3-4B-Base,cohen_by_layer,26,3.6081918118243776
Qwen--Qwen3-4B-Base,cohen_by_layer,27,3.485148152301267
Qwen--Qwen3-4B-Base,cohen_by_layer,28,3.557471425019928
Qwen--Qwen3-4B-Base,cohen_by_layer,29,3.5753781389558417
Qwen--Qwen3-4B-Base,cohen_by_layer,30,3.430331538317375
Qwen--Qwen3-4B-Base,cohen_by_layer,31,3.7047989321081296
Qwen--Qwen3-4B-Base,cohen_by_layer,32,4.057107513765752
Qwen--Qwen3-4B-Base,cohen_by_layer,33,4.301023006830563
Qwen--Qwen3-4B-Base,cohen_by_layer,34,4.445807394249044
Qwen--Qwen3-4B-Base,cohen_by_layer,35,4.917351491507309
Qwen--Qwen3-4B-Base,cohen_by_layer,36,5.05345796591902
Qwen--Qwen3-4B-Base,x2_wm_curve,0,1.138943335362017
Qwen--Qwen3-4B-Base,x2_wm_curve,1,1.4427636923662475
Qwen--Qwen3-4B-Base,x2_wm_curve,2,1.6152648018850262
Qwen--Qwen3-4B-Base,x2_wm_curve,3,1.695156180773772
Qwen--Qwen3-4B-Base,x2_wm_curve,4,1.4682311198889242
Qwen--Qwen3-4B-Base,x2_wm_curve,5,1.3524688398257134
Qwen--Qwen3-4B-Base,x2_wm_curve,6,1.121179857926775
Qwen--Qwen3-4B-Base,x2_wm_curve,7,1.1699513073848673
Qwen--Qwen3-4B-Base,x2_wm_curve,8,1.1672309099430052
Qwen--Qwen3-4B-Base,x2_wm_curve,9,1.142512610080391
Qwen--Qwen3-4B-Base,x2_wm_curve,10,1.1608834372506278
Qwen--Qwen3-4B-Base,x2_wm_curve,11,1.1464214904828112
Qwen--Qwen3-4B-Base,x2_wm_curve,12,1.1542908850517493
Qwen--Qwen3-4B-Base,x2_wm_curve,13,1.1133309065490224
Qwen--Qwen3-4B-Base,x2_wm_curve,14,1.130652140284466
Qwen--Qwen3-4B-Base,x2_wm_curve,15,1.1797323259757235
Qwen--Qwen3-4B-Base,x2_wm_curve,16,1.2060216223943827
Qwen--Qwen3-4B-Base,x2_wm_curve,17,1.1750719581112292
Qwen--Qwen3-4B-Base,x2_wm_curve,18,1.1089339487911103
Qwen--Qwen3-4B-Base,x2_wm_curve,19,1.113692002529384
Qwen--Qwen3-4B-Base,x2_wm_curve,20,1.0691220372063983
Qwen--Qwen3-4B-Base,x2_wm_curve,21,1.0431637926773418
Qwen--Qwen3-4B-Base,x2_wm_curve,22,1.0940472388288591
Qwen--Qwen3-4B-Base,x2_wm_curve,23,1.0345980985894045
Qwen--Qwen3-4B-Base,x2_wm_curve,24,1.0385820940309733
Qwen--Qwen3-4B-Base,x2_wm_curve,25,1.0232438174478213
Qwen--Qwen3-4B-Base,x2_wm_curve,26,0.9991981948158616
Qwen--Qwen3-4B-Base,x2_wm_curve,27,0.9796361743800114
Qwen--Qwen3-4B-Base,x2_wm_curve,28,0.9924686969163888
Qwen--Qwen3-4B-Base,x2_wm_curve,29,0.9622060456425806
Qwen--Qwen3-4B-Base,x2_wm_curve,30,1.0041999313809846
Qwen--Qwen3-4B-Base,x2_wm_curve,31,0.9579739034933037
Qwen--Qwen3-4B-Base,x2_wm_curve,32,0.9701780191849833
Qwen--Qwen3-4B-Base,x2_wm_curve,33,0.9706625322036218
Qwen--Qwen3-4B-Base,x2_wm_curve,34,1.0299144293516822
Qwen--Qwen3-4B-Base,x2_wm_curve,35,1.1163386785837626
Qwen--Qwen3-4B-Base,x8_drive_gap_curve,0,0.0
Qwen--Qwen3-4B-Base,x8_drive_gap_curve,1,-0.08464506268501282
Qwen--Qwen3-4B-Base,x8_drive_gap_curve,2,-0.08611135681470228
Qwen--Qwen3-4B-Base,x8_drive_gap_curve,3,-0.06946492195129395
Qwen--Qwen3-4B-Base,x8_drive_gap_curve,4,0.03865213195482897
Qwen--Qwen3-4B-Base,x8_drive_gap_curve,5,-0.055197060108184814
Qwen--Qwen3-4B-Base,x8_drive_gap_curve,6,-0.04919034242630027
Qwen--Qwen3-4B-Base,x8_drive_gap_curve,7,-0.2336890300114951
Qwen--Qwen3-4B-Base,x8_drive_gap_curve,8,-0.3719752331574757
Qwen--Qwen3-4B-Base,x8_drive_gap_curve,9,0.04818178713321686
Qwen--Qwen3-4B-Base,x8_drive_gap_curve,10,0.4978470504283905
Qwen--Qwen3-4B-Base,x8_drive_gap_curve,11,-0.16125693420569087
Qwen--Qwen3-4B-Base,x8_drive_gap_curve,12,0.08024108906586958
Qwen--Qwen3-4B-Base,x8_drive_gap_curve,13,0.5455846587816875
Qwen--Qwen3-4B-Base,x8_drive_gap_curve,14,0.06581774353981018
Qwen--Qwen3-4B-Base,x8_drive_gap_curve,15,0.319574311375618
Qwen--Qwen3-4B-Base,x8_drive_gap_curve,16,0.09122062722841928
Qwen--Qwen3-4B-Base,x8_drive_gap_curve,17,-0.5465614795684814
Qwen--Qwen3-4B-Base,x8_drive_gap_curve,18,-0.513822798927625
Qwen--Qwen3-4B-Base,x8_drive_gap_curve,19,-0.4680127402146657
Qwen--Qwen3-4B-Base,x8_drive_gap_curve,20,-0.7668824295202891
Qwen--Qwen3-4B-Base,x8_drive_gap_curve,21,-0.21319454908370972
Qwen--Qwen3-4B-Base,x8_drive_gap_curve,22,-0.053242931763331114
Qwen--Qwen3-4B-Base,x8_drive_gap_curve,23,-0.12678991754849744
Qwen--Qwen3-4B-Base,x8_drive_gap_curve,24,-0.4877374470233916
Qwen--Qwen3-4B-Base,x8_drive_gap_curve,25,0.07262799143791199
Qwen--Qwen3-4B-Base,x8_drive_gap_curve,26,-0.06800353527069092
Qwen--Qwen3-4B-Base,x8_drive_gap_curve,27,0.1566892166932424
Qwen--Qwen3-4B-Base,x8_drive_gap_curve,28,-0.5993485450744628
Qwen--Qwen3-4B-Base,x8_drive_gap_curve,29,-0.3559032082557678
Qwen--Qwen3-4B-Base,x8_drive_gap_curve,30,0.9464938541253407
Qwen--Qwen3-4B-Base,x8_drive_gap_curve,31,1.5741194089253743
Qwen--Qwen3-4B-Base,x8_drive_gap_curve,32,0.635492871205012
Qwen--Qwen3-4B-Base,x8_drive_gap_curve,33,0.23089831074078876
Qwen--Qwen3-4B-Base,x8_drive_gap_curve,34,0.3437744577725729
Qwen--Qwen3-4B-Base,x8_drive_gap_curve,35,0.8508578141530355
Qwen--Qwen3-4B-Base,x8_drive_gap_curve,36,-0.29812687883774436
Qwen--Qwen3-4B-Base,x10_scar_curve,0,0.15730297351126107
Qwen--Qwen3-4B-Base,x10_scar_curve,1,0.2021313342030117
Qwen--Qwen3-4B-Base,x10_scar_curve,2,0.21070242060469266
Qwen--Qwen3-4B-Base,x10_scar_curve,3,0.14468027699457003
Qwen--Qwen3-4B-Base,x10_scar_curve,4,0.1705242244523297
Qwen--Qwen3-4B-Base,x10_scar_curve,5,0.12796045583617552
Qwen--Qwen3-4B-Base,x10_scar_curve,6,0.350397751969464
Qwen--Qwen3-4B-Base,x10_scar_curve,7,0.3216874423073621
Qwen--Qwen3-4B-Base,x10_scar_curve,8,0.4362647421674974
Qwen--Qwen3-4B-Base,x10_scar_curve,9,0.6872219643653923
Qwen--Qwen3-4B-Base,x10_scar_curve,10,0.687058981387916
Qwen--Qwen3-4B-Base,x10_scar_curve,11,0.72834953315861
Qwen--Qwen3-4B-Base,x10_scar_curve,12,0.42052779419903735
Qwen--Qwen3-4B-Base,x10_scar_curve,13,0.6339453297940687
Qwen--Qwen3-4B-Base,x10_scar_curve,14,0.5933702864570443
Qwen--Qwen3-4B-Base,x10_scar_curve,15,0.4341579594384942
Qwen--Qwen3-4B-Base,x10_scar_curve,16,0.431470708469147
Qwen--Qwen3-4B-Base,x10_scar_curve,17,0.4461842535648987
Qwen--Qwen3-4B-Base,x10_scar_curve,18,0.43127624677893206
Qwen--Qwen3-4B-Base,x10_scar_curve,19,0.2590070524455458
Qwen--Qwen3-4B-Base,x10_scar_curve,20,0.3968628697690083
Qwen--Qwen3-4B-Base,x10_scar_curve,21,0.4160955417452672
Qwen--Qwen3-4B-Base,x10_scar_curve,22,0.17750083130807331
Qwen--Qwen3-4B-Base,x10_scar_curve,23,0.2153234139954812
Qwen--Qwen3-4B-Base,x10_scar_curve,24,0.25064451225584866
Qwen--Qwen3-4B-Base,x10_scar_curve,25,0.29997578720382223
Qwen--Qwen3-4B-Base,x10_scar_curve,26,0.3298680830975321
Qwen--Qwen3-4B-Base,x10_scar_curve,27,0.3800513803450522
Qwen--Qwen3-4B-Base,x10_scar_curve,28,0.5168427848222276
Qwen--Qwen3-4B-Base,x10_scar_curve,29,0.5506510506981587
Qwen--Qwen3-4B-Base,x10_scar_curve,30,0.49290029277982617
Qwen--Qwen3-4B-Base,x10_scar_curve,31,0.673367237424158
Qwen--Qwen3-4B-Base,x10_scar_curve,32,0.5704443868123245
Qwen--Qwen3-4B-Base,x10_scar_curve,33,0.5183316962584892
Qwen--Qwen3-4B-Base,x10_scar_curve,34,0.2862573619157642
Qwen--Qwen3-4B-Base,x10_scar_curve,35,0.0605480337184883
Qwen--Qwen3-4B-Base,x10_z_curve,0,-1.152549458504292
Qwen--Qwen3-4B-Base,x10_z_curve,1,-0.9451986113740187
Qwen--Qwen3-4B-Base,x10_z_curve,2,-0.9055535741968648
Qwen--Qwen3-4B-Base,x10_z_curve,3,-1.2109349710551867
Qwen--Qwen3-4B-Base,x10_z_curve,4,-1.0913953689848646
Qwen--Qwen3-4B-Base,x10_z_curve,5,-1.288271483645926
Qwen--Qwen3-4B-Base,x10_z_curve,6,-0.2594013426261945
Qwen--Qwen3-4B-Base,x10_z_curve,7,-0.3921991281786069
Qwen--Qwen3-4B-Base,x10_z_curve,8,0.1377711812703916
Qwen--Qwen3-4B-Base,x10_z_curve,9,1.298558500128775
Qwen--Qwen3-4B-Base,x10_z_curve,10,1.2978046323110357
Qwen--Qwen3-4B-Base,x10_z_curve,11,1.4887915601400812
Qwen--Qwen3-4B-Base,x10_z_curve,12,0.06498088864865632
Qwen--Qwen3-4B-Base,x10_z_curve,13,1.0521306776488237
Qwen--Qwen3-4B-Base,x10_z_curve,14,0.8644532904222193
Qwen--Qwen3-4B-Base,x10_z_curve,15,0.12802638630494412
Qwen--Qwen3-4B-Base,x10_z_curve,16,0.11559667091166326
Qwen--Qwen3-4B-Base,x10_z_curve,17,0.18365327598968534
Qwen--Qwen3-4B-Base,x10_z_curve,18,0.11469720022885802
Qwen--Qwen3-4B-Base,x10_z_curve,19,-0.682123446974746
Qwen--Qwen3-4B-Base,x10_z_curve,20,-0.04447977536227206
Qwen--Qwen3-4B-Base,x10_z_curve,21,0.04447977536227206
Qwen--Qwen3-4B-Base,x10_z_curve,22,-1.059125499658603
Qwen--Qwen3-4B-Base,x10_z_curve,23,-0.8841794512225282
Qwen--Qwen3-4B-Base,x10_z_curve,24,-0.7208038663730343
Qwen--Qwen3-4B-Base,x10_z_curve,25,-0.4926250641006352
Qwen--Qwen3-4B-Base,x10_z_curve,26,-0.3543600733540488
Qwen--Qwen3-4B-Base,x10_z_curve,27,-0.1222402939221311
Qwen--Qwen3-4B-Base,x10_z_curve,28,0.5104800010161071
Qwen--Qwen3-4B-Base,x10_z_curve,29,0.6668580719784444
Qwen--Qwen3-4B-Base,x10_z_curve,30,0.39973546495022927
Qwen--Qwen3-4B-Base,x10_z_curve,31,1.2344743060227836
Qwen--Qwen3-4B-Base,x10_z_curve,32,0.7584109404633668
Qwen--Qwen3-4B-Base,x10_z_curve,33,0.5173668700170433
Qwen--Qwen3-4B-Base,x10_z_curve,34,-0.5560788032264484
Qwen--Qwen3-4B-Base,x10_z_curve,35,-1.600083528911687
Qwen--Qwen3-4B-Base,x10_sigma_min_curve,0,1.075141429901123
Qwen--Qwen3-4B-Base,x10_sigma_min_curve,1,0.776383101940155
Qwen--Qwen3-4B-Base,x10_sigma_min_curve,2,0.7709068059921265
Qwen--Qwen3-4B-Base,x10_sigma_min_curve,3,0.981350302696228
Qwen--Qwen3-4B-Base,x10_sigma_min_curve,4,0.9807955026626587
Qwen--Qwen3-4B-Base,x10_sigma_min_curve,5,1.0919485092163086
Qwen--Qwen3-4B-Base,x10_sigma_min_curve,6,0.6771811842918396
Qwen--Qwen3-4B-Base,x10_sigma_min_curve,7,0.7242141962051392
Qwen--Qwen3-4B-Base,x10_sigma_min_curve,8,0.5718779563903809
Qwen--Qwen3-4B-Base,x10_sigma_min_curve,9,0.3083019554615021
Qwen--Qwen3-4B-Base,x10_sigma_min_curve,10,0.31573283672332764
Qwen--Qwen3-4B-Base,x10_sigma_min_curve,11,0.2904987633228302
Qwen--Qwen3-4B-Base,x10_sigma_min_curve,12,0.5932948589324951
Qwen--Qwen3-4B-Base,x10_sigma_min_curve,13,0.3619726598262787
Qwen--Qwen3-4B-Base,x10_sigma_min_curve,14,0.3927900493144989
Qwen--Qwen3-4B-Base,x10_sigma_min_curve,15,0.5586762428283691
Qwen--Qwen3-4B-Base,x10_sigma_min_curve,16,0.5605065226554871
Qwen--Qwen3-4B-Base,x10_sigma_min_curve,17,0.5404396653175354
Qwen--Qwen3-4B-Base,x10_sigma_min_curve,18,0.5586642622947693
Qwen--Qwen3-4B-Base,x10_sigma_min_curve,19,0.8325914740562439
Qwen--Qwen3-4B-Base,x10_sigma_min_curve,20,0.6056454181671143
Qwen--Qwen3-4B-Base,x10_sigma_min_curve,21,0.5798168778419495
Qwen--Qwen3-4B-Base,x10_sigma_min_curve,22,1.014195442199707
Qwen--Qwen3-4B-Base,x10_sigma_min_curve,23,0.9421034455299377
Qwen--Qwen3-4B-Base,x10_sigma_min_curve,24,0.877943217754364
Qwen--Qwen3-4B-Base,x10_sigma_min_curve,25,0.78318190574646
Qwen--Qwen3-4B-Base,x10_sigma_min_curve,26,0.7421097755432129
Qwen--Qwen3-4B-Base,x10_sigma_min_curve,27,0.6625524163246155
Qwen--Qwen3-4B-Base,x10_sigma_min_curve,28,0.4869330823421478
Qwen--Qwen3-4B-Base,x10_sigma_min_curve,29,0.46069496870040894
Qwen--Qwen3-4B-Base,x10_sigma_min_curve,30,0.5298654437065125
Qwen--Qwen3-4B-Base,x10_sigma_min_curve,31,0.3574554920196533
Qwen--Qwen3-4B-Base,x10_sigma_min_curve,32,0.4532339870929718
Qwen--Qwen3-4B-Base,x10_sigma_min_curve,33,0.5128487944602966
Qwen--Qwen3-4B-Base,x10_sigma_min_curve,34,0.8353910446166992
Qwen--Qwen3-4B-Base,x10_sigma_min_curve,35,1.3501434326171875
Qwen--Qwen3-4B-Base,x10_sigma_mp_curve,0,1.5444312158942222
Qwen--Qwen3-4B-Base,x10_sigma_mp_curve,1,1.2365378330619354
Qwen--Qwen3-4B-Base,x10_sigma_mp_curve,2,1.2522882349848166
Qwen--Qwen3-4B-Base,x10_sigma_mp_curve,3,1.369318065157953
Qwen--Qwen3-4B-Base,x10_sigma_mp_curve,4,1.4524550142836608
Qwen--Qwen3-4B-Base,x10_sigma_mp_curve,5,1.4660966977860128
Qwen--Qwen3-4B-Base,x10_sigma_mp_curve,6,1.517408926444984
Qwen--Qwen3-4B-Base,x10_sigma_mp_curve,7,1.5189884653760548
Qwen--Qwen3-4B-Base,x10_sigma_mp_curve,8,1.5615938815316175
Qwen--Qwen3-4B-Base,x10_sigma_mp_curve,9,1.500369557362533
Qwen--Qwen3-4B-Base,x10_sigma_mp_curve,10,1.5359558520412504
Qwen--Qwen3-4B-Base,x10_sigma_mp_curve,11,1.5541531788507104
Qwen--Qwen3-4B-Base,x10_sigma_mp_curve,12,1.5624221215057992
Qwen--Qwen3-4B-Base,x10_sigma_mp_curve,13,1.5581924612784697
Qwen--Qwen3-4B-Base,x10_sigma_mp_curve,14,1.540035611789023
Qwen--Qwen3-4B-Base,x10_sigma_mp_curve,15,1.5181621626052453
Qwen--Qwen3-4B-Base,x10_sigma_mp_curve,16,1.5137403213716232
Qwen--Qwen3-4B-Base,x10_sigma_mp_curve,17,1.5098418878615554
Qwen--Qwen3-4B-Base,x10_sigma_mp_curve,18,1.5080895730707942
Qwen--Qwen3-4B-Base,x10_sigma_mp_curve,19,1.5116074084161868
Qwen--Qwen3-4B-Base,x10_sigma_mp_curve,20,1.510362888094718
Qwen--Qwen3-4B-Base,x10_sigma_mp_curve,21,1.5114242807250025
Qwen--Qwen3-4B-Base,x10_sigma_mp_curve,22,1.5262387853152841
Qwen--Qwen3-4B-Base,x10_sigma_mp_curve,23,1.5467567007864942
Qwen--Qwen3-4B-Base,x10_sigma_mp_curve,24,1.5635469994310545
Qwen--Qwen3-4B-Base,x10_sigma_mp_curve,25,1.5625662236440412
Qwen--Qwen3-4B-Base,x10_sigma_mp_curve,26,1.586120709186155
Qwen--Qwen3-4B-Base,x10_sigma_mp_curve,27,1.5895405904904119
Qwen--Qwen3-4B-Base,x10_sigma_mp_curve,28,1.6007078193107462
Qwen--Qwen3-4B-Base,x10_sigma_mp_curve,29,1.6370597095201205
Qwen--Qwen3-4B-Base,x10_sigma_mp_curve,30,1.6484124644843348
Qwen--Qwen3-4B-Base,x10_sigma_mp_curve,31,1.6849585103403284
Qwen--Qwen3-4B-Base,x10_sigma_mp_curve,32,1.6856478698549975
Qwen--Qwen3-4B-Base,x10_sigma_mp_curve,33,1.6916909860260134
Qwen--Qwen3-4B-Base,x10_sigma_mp_curve,34,1.6149057364627546
Qwen--Qwen3-4B-Base,x10_sigma_mp_curve,35,1.5521294597040671
Qwen--Qwen3-4B-SafeRL,x1_g_curve,0,0.0
Qwen--Qwen3-4B-SafeRL,x1_g_curve,1,0.038893125937581395
Qwen--Qwen3-4B-SafeRL,x1_g_curve,2,0.0552081767764184
Qwen--Qwen3-4B-SafeRL,x1_g_curve,3,0.05927153959500474
Qwen--Qwen3-4B-SafeRL,x1_g_curve,4,0.08708513283564477
Qwen--Qwen3-4B-SafeRL,x1_g_curve,5,0.10477370844974067
Qwen--Qwen3-4B-SafeRL,x1_g_curve,6,0.10245397712044277
Qwen--Qwen3-4B-SafeRL,x1_g_curve,7,0.11796137836210105
Qwen--Qwen3-4B-SafeRL,x1_g_curve,8,0.12320739619442608
Qwen--Qwen3-4B-SafeRL,x1_g_curve,9,0.15845446581063316
Qwen--Qwen3-4B-SafeRL,x1_g_curve,10,0.19733816011836194
Qwen--Qwen3-4B-SafeRL,x1_g_curve,11,0.18642616113009597
Qwen--Qwen3-4B-SafeRL,x1_g_curve,12,0.2108703887446686
Qwen--Qwen3-4B-SafeRL,x1_g_curve,13,0.23518453947445223
Qwen--Qwen3-4B-SafeRL,x1_g_curve,14,0.24968698843716605
Qwen--Qwen3-4B-SafeRL,x1_g_curve,15,0.23349480297855194
Qwen--Qwen3-4B-SafeRL,x1_g_curve,16,0.23861229979242968
Qwen--Qwen3-4B-SafeRL,x1_g_curve,17,0.2250345969588588
Qwen--Qwen3-4B-SafeRL,x1_g_curve,18,0.23145695664257923
Qwen--Qwen3-4B-SafeRL,x1_g_curve,19,0.3016444282848223
Qwen--Qwen3-4B-SafeRL,x1_g_curve,20,0.4261411478965312
Qwen--Qwen3-4B-SafeRL,x1_g_curve,21,0.4418064030312465
Qwen--Qwen3-4B-SafeRL,x1_g_curve,22,0.43243502500303255
Qwen--Qwen3-4B-SafeRL,x1_g_curve,23,0.5462166290828503
Qwen--Qwen3-4B-SafeRL,x1_g_curve,24,0.5757627819117901
Qwen--Qwen3-4B-SafeRL,x1_g_curve,25,0.6123486878021308
Qwen--Qwen3-4B-SafeRL,x1_g_curve,26,0.6384180612352448
Qwen--Qwen3-4B-SafeRL,x1_g_curve,27,0.6501709542049658
Qwen--Qwen3-4B-SafeRL,x1_g_curve,28,0.6810541606473491
Qwen--Qwen3-4B-SafeRL,x1_g_curve,29,0.679420800035074
Qwen--Qwen3-4B-SafeRL,x1_g_curve,30,0.6666184153573155
Qwen--Qwen3-4B-SafeRL,x1_g_curve,31,0.6450946977598963
Qwen--Qwen3-4B-SafeRL,x1_g_curve,32,0.6189126649502692
Qwen--Qwen3-4B-SafeRL,x1_g_curve,33,0.5943730745969749
Qwen--Qwen3-4B-SafeRL,x1_g_curve,34,0.5260213869169957
Qwen--Qwen3-4B-SafeRL,x1_g_curve,35,0.4378993694133925
Qwen--Qwen3-4B-SafeRL,x1_g_curve,36,0.5181494409737984
Qwen--Qwen3-4B-SafeRL,auroc_by_layer,0,0.5
Qwen--Qwen3-4B-SafeRL,auroc_by_layer,1,0.6605902777777778
Qwen--Qwen3-4B-SafeRL,auroc_by_layer,2,0.7552083333333334
Qwen--Qwen3-4B-SafeRL,auroc_by_layer,3,0.7547743055555556
Qwen--Qwen3-4B-SafeRL,auroc_by_layer,4,0.9331597222222222
Qwen--Qwen3-4B-SafeRL,auroc_by_layer,5,0.9765625
Qwen--Qwen3-4B-SafeRL,auroc_by_layer,6,0.96875
Qwen--Qwen3-4B-SafeRL,auroc_by_layer,7,0.9800347222222222
Qwen--Qwen3-4B-SafeRL,auroc_by_layer,8,0.9787326388888888
Qwen--Qwen3-4B-SafeRL,auroc_by_layer,9,0.9778645833333334
Qwen--Qwen3-4B-SafeRL,auroc_by_layer,10,0.9782986111111112
Qwen--Qwen3-4B-SafeRL,auroc_by_layer,11,0.9769965277777778
Qwen--Qwen3-4B-SafeRL,auroc_by_layer,12,0.9791666666666666
Qwen--Qwen3-4B-SafeRL,auroc_by_layer,13,0.9800347222222222
Qwen--Qwen3-4B-SafeRL,auroc_by_layer,14,0.9761284722222222
Qwen--Qwen3-4B-SafeRL,auroc_by_layer,15,0.9756944444444444
Qwen--Qwen3-4B-SafeRL,auroc_by_layer,16,0.9761284722222222
Qwen--Qwen3-4B-SafeRL,auroc_by_layer,17,0.9765625
Qwen--Qwen3-4B-SafeRL,auroc_by_layer,18,0.9826388888888888
Qwen--Qwen3-4B-SafeRL,auroc_by_layer,19,1.0
Qwen--Qwen3-4B-SafeRL,auroc_by_layer,20,1.0
Qwen--Qwen3-4B-SafeRL,auroc_by_layer,21,0.9995659722222222
Qwen--Qwen3-4B-SafeRL,auroc_by_layer,22,0.9995659722222222
Qwen--Qwen3-4B-SafeRL,auroc_by_layer,23,0.9995659722222222
Qwen--Qwen3-4B-SafeRL,auroc_by_layer,24,0.9991319444444444
Qwen--Qwen3-4B-SafeRL,auroc_by_layer,25,1.0
Qwen--Qwen3-4B-SafeRL,auroc_by_layer,26,1.0
Qwen--Qwen3-4B-SafeRL,auroc_by_layer,27,0.9991319444444444
Qwen--Qwen3-4B-SafeRL,auroc_by_layer,28,1.0
Qwen--Qwen3-4B-SafeRL,auroc_by_layer,29,1.0
Qwen--Qwen3-4B-SafeRL,auroc_by_layer,30,1.0
Qwen--Qwen3-4B-SafeRL,auroc_by_layer,31,1.0
Qwen--Qwen3-4B-SafeRL,auroc_by_layer,32,1.0
Qwen--Qwen3-4B-SafeRL,auroc_by_layer,33,1.0
Qwen--Qwen3-4B-SafeRL,auroc_by_layer,34,1.0
Qwen--Qwen3-4B-SafeRL,auroc_by_layer,35,1.0
Qwen--Qwen3-4B-SafeRL,auroc_by_layer,36,1.0
Qwen--Qwen3-4B-SafeRL,cohen_by_layer,0,
Qwen--Qwen3-4B-SafeRL,cohen_by_layer,1,3.0730714592628168
Qwen--Qwen3-4B-SafeRL,cohen_by_layer,2,4.9920131447056715
Qwen--Qwen3-4B-SafeRL,cohen_by_layer,3,5.305568904091068
Qwen--Qwen3-4B-SafeRL,cohen_by_layer,4,4.859606014056383
Qwen--Qwen3-4B-SafeRL,cohen_by_layer,5,4.724626054759975
Qwen--Qwen3-4B-SafeRL,cohen_by_layer,6,4.79506510314833
Qwen--Qwen3-4B-SafeRL,cohen_by_layer,7,4.639206414380231
Qwen--Qwen3-4B-SafeRL,cohen_by_layer,8,4.481191827730675
Qwen--Qwen3-4B-SafeRL,cohen_by_layer,9,4.351287721846118
Qwen--Qwen3-4B-SafeRL,cohen_by_layer,10,4.125641933689923
Qwen--Qwen3-4B-SafeRL,cohen_by_layer,11,4.002850441846505
Qwen--Qwen3-4B-SafeRL,cohen_by_layer,12,3.961625735851033
Qwen--Qwen3-4B-SafeRL,cohen_by_layer,13,4.010115380183966
Qwen--Qwen3-4B-SafeRL,cohen_by_layer,14,3.721712678331382
Qwen--Qwen3-4B-SafeRL,cohen_by_layer,15,3.7460362929746367
Qwen--Qwen3-4B-SafeRL,cohen_by_layer,16,3.6552973602787286
Qwen--Qwen3-4B-SafeRL,cohen_by_layer,17,3.6260332749645907
Qwen--Qwen3-4B-SafeRL,cohen_by_layer,18,3.8100021669151034
Qwen--Qwen3-4B-SafeRL,cohen_by_layer,19,6.2480469895035675
Qwen--Qwen3-4B-SafeRL,cohen_by_layer,20,6.876647686514405
Qwen--Qwen3-4B-SafeRL,cohen_by_layer,21,7.229640127412236
Qwen--Qwen3-4B-SafeRL,cohen_by_layer,22,7.546981051737409
Qwen--Qwen3-4B-SafeRL,cohen_by_layer,23,8.19668373693211
Qwen--Qwen3-4B-SafeRL,cohen_by_layer,24,7.847382295683342
Qwen--Qwen3-4B-SafeRL,cohen_by_layer,25,8.07708751380114
Qwen--Qwen3-4B-SafeRL,cohen_by_layer,26,8.287570312618614
Qwen--Qwen3-4B-SafeRL,cohen_by_layer,27,8.12472371672788
Qwen--Qwen3-4B-SafeRL,cohen_by_layer,28,8.208974736218348
Qwen--Qwen3-4B-SafeRL,cohen_by_layer,29,8.21736398963429
Qwen--Qwen3-4B-SafeRL,cohen_by_layer,30,8.15249569863556
Qwen--Qwen3-4B-SafeRL,cohen_by_layer,31,8.434889053054501
Qwen--Qwen3-4B-SafeRL,cohen_by_layer,32,8.35832413683887
Qwen--Qwen3-4B-SafeRL,cohen_by_layer,33,8.42470062101581
Qwen--Qwen3-4B-SafeRL,cohen_by_layer,34,8.46106440584218
Qwen--Qwen3-4B-SafeRL,cohen_by_layer,35,8.459358667838776
Qwen--Qwen3-4B-SafeRL,cohen_by_layer,36,8.013664958624915
Qwen--Qwen3-4B-SafeRL,x2_wm_curve,0,1.2268861359161334
Qwen--Qwen3-4B-SafeRL,x2_wm_curve,1,1.2580522089990631
Qwen--Qwen3-4B-SafeRL,x2_wm_curve,2,1.1882820987675664
Qwen--Qwen3-4B-SafeRL,x2_wm_curve,3,1.116621886587383
Qwen--Qwen3-4B-SafeRL,x2_wm_curve,4,1.2353827631542906
Qwen--Qwen3-4B-SafeRL,x2_wm_curve,5,1.2400816518253093
Qwen--Qwen3-4B-SafeRL,x2_wm_curve,6,1.3324640310208986
Qwen--Qwen3-4B-SafeRL,x2_wm_curve,7,1.12870994033835
Qwen--Qwen3-4B-SafeRL,x2_wm_curve,8,1.1921222564989746
Qwen--Qwen3-4B-SafeRL,x2_wm_curve,9,1.1684339749898736
Qwen--Qwen3-4B-SafeRL,x2_wm_curve,10,1.2445812100108722
Qwen--Qwen3-4B-SafeRL,x2_wm_curve,11,1.187221873140654
Qwen--Qwen3-4B-SafeRL,x2_wm_curve,12,1.2419650632986654
Qwen--Qwen3-4B-SafeRL,x2_wm_curve,13,1.2079404486403202
Qwen--Qwen3-4B-SafeRL,x2_wm_curve,14,1.2966754656335147
Qwen--Qwen3-4B-SafeRL,x2_wm_curve,15,1.3630670397110713
Qwen--Qwen3-4B-SafeRL,x2_wm_curve,16,1.6609616135645349
Qwen--Qwen3-4B-SafeRL,x2_wm_curve,17,1.5316464904234783
Qwen--Qwen3-4B-SafeRL,x2_wm_curve,18,1.555540014655224
Qwen--Qwen3-4B-SafeRL,x2_wm_curve,19,1.4501624711637038
Qwen--Qwen3-4B-SafeRL,x2_wm_curve,20,1.4003772286599694
Qwen--Qwen3-4B-SafeRL,x2_wm_curve,21,1.2683407428102964
Qwen--Qwen3-4B-SafeRL,x2_wm_curve,22,1.4091080953042283
Qwen--Qwen3-4B-SafeRL,x2_wm_curve,23,1.3376202189324355
Qwen--Qwen3-4B-SafeRL,x2_wm_curve,24,1.3397976536154348
Qwen--Qwen3-4B-SafeRL,x2_wm_curve,25,1.2918016825241332
Qwen--Qwen3-4B-SafeRL,x2_wm_curve,26,1.205908227893813
Qwen--Qwen3-4B-SafeRL,x2_wm_curve,27,1.2353466323496565
Qwen--Qwen3-4B-SafeRL,x2_wm_curve,28,1.24810074514656
Qwen--Qwen3-4B-SafeRL,x2_wm_curve,29,1.2825397342636091
Qwen--Qwen3-4B-SafeRL,x2_wm_curve,30,1.2743479302203669
Qwen--Qwen3-4B-SafeRL,x2_wm_curve,31,1.2404129786149107
Qwen--Qwen3-4B-SafeRL,x2_wm_curve,32,1.2114095418634783
Qwen--Qwen3-4B-SafeRL,x2_wm_curve,33,1.223516567897277
Qwen--Qwen3-4B-SafeRL,x2_wm_curve,34,1.48517513247594
Qwen--Qwen3-4B-SafeRL,x2_wm_curve,35,1.6385167111212342
Qwen--Qwen3-4B-SafeRL,x8_drive_gap_curve,0,0.0
Qwen--Qwen3-4B-SafeRL,x8_drive_gap_curve,1,-0.08927456537882483
Qwen--Qwen3-4B-SafeRL,x8_drive_gap_curve,2,-0.1677810549736023
Qwen--Qwen3-4B-SafeRL,x8_drive_gap_curve,3,-0.097686767578125
Qwen--Qwen3-4B-SafeRL,x8_drive_gap_curve,4,-0.3635617891947427
Qwen--Qwen3-4B-SafeRL,x8_drive_gap_curve,5,-0.42911281188329053
Qwen--Qwen3-4B-SafeRL,x8_drive_gap_curve,6,-0.42237304647763574
Qwen--Qwen3-4B-SafeRL,x8_drive_gap_curve,7,-0.05292975902557373
Qwen--Qwen3-4B-SafeRL,x8_drive_gap_curve,8,-0.00426754355430603
Qwen--Qwen3-4B-SafeRL,x8_drive_gap_curve,9,0.2536993424097697
Qwen--Qwen3-4B-SafeRL,x8_drive_gap_curve,10,0.1273762285709381
Qwen--Qwen3-4B-SafeRL,x8_drive_gap_curve,11,-0.00856107473373413
Qwen--Qwen3-4B-SafeRL,x8_drive_gap_curve,12,0.378324419260025
Qwen--Qwen3-4B-SafeRL,x8_drive_gap_curve,13,-0.3211680551369985
Qwen--Qwen3-4B-SafeRL,x8_drive_gap_curve,14,0.14739265044530236
Qwen--Qwen3-4B-SafeRL,x8_drive_gap_curve,15,0.724982221921285
Qwen--Qwen3-4B-SafeRL,x8_drive_gap_curve,16,-0.1759975254535675
Qwen--Qwen3-4B-SafeRL,x8_drive_gap_curve,17,-0.25720505913098646
Qwen--Qwen3-4B-SafeRL,x8_drive_gap_curve,18,-1.0000614325205484
Qwen--Qwen3-4B-SafeRL,x8_drive_gap_curve,19,-0.9977534115314484
Qwen--Qwen3-4B-SafeRL,x8_drive_gap_curve,20,-0.4508712391058607
Qwen--Qwen3-4B-SafeRL,x8_drive_gap_curve,21,0.19446824987729405
Qwen--Qwen3-4B-SafeRL,x8_drive_gap_curve,22,-1.0995791554450989
Qwen--Qwen3-4B-SafeRL,x8_drive_gap_curve,23,-1.0343335469563801
Qwen--Qwen3-4B-SafeRL,x8_drive_gap_curve,24,-0.5292232533295949
Qwen--Qwen3-4B-SafeRL,x8_drive_gap_curve,25,-1.540842781464259
Qwen--Qwen3-4B-SafeRL,x8_drive_gap_curve,26,-2.608648806810379
Qwen--Qwen3-4B-SafeRL,x8_drive_gap_curve,27,-2.828126927216848
Qwen--Qwen3-4B-SafeRL,x8_drive_gap_curve,28,-3.4940706690152488
Qwen--Qwen3-4B-SafeRL,x8_drive_gap_curve,29,-2.1626429557800293
Qwen--Qwen3-4B-SafeRL,x8_drive_gap_curve,30,4.235464980204901
Qwen--Qwen3-4B-SafeRL,x8_drive_gap_curve,31,7.173956851164499
Qwen--Qwen3-4B-SafeRL,x8_drive_gap_curve,32,8.784218947092691
Qwen--Qwen3-4B-SafeRL,x8_drive_gap_curve,33,8.183679580688477
Qwen--Qwen3-4B-SafeRL,x8_drive_gap_curve,34,7.480014512936275
Qwen--Qwen3-4B-SafeRL,x8_drive_gap_curve,35,4.642373422781626
Qwen--Qwen3-4B-SafeRL,x8_drive_gap_curve,36,3.595059911410014
Qwen--Qwen3-4B-SafeRL,x10_scar_curve,0,0.15445963969697696
Qwen--Qwen3-4B-SafeRL,x10_scar_curve,1,0.19719006655919732
Qwen--Qwen3-4B-SafeRL,x10_scar_curve,2,0.2094315611693704
Qwen--Qwen3-4B-SafeRL,x10_scar_curve,3,0.1429848045196401
Qwen--Qwen3-4B-SafeRL,x10_scar_curve,4,0.16477823434958513
Qwen--Qwen3-4B-SafeRL,x10_scar_curve,5,0.12751572299506098
Qwen--Qwen3-4B-SafeRL,x10_scar_curve,6,0.33149083759897463
Qwen--Qwen3-4B-SafeRL,x10_scar_curve,7,0.3073663030079946
Qwen--Qwen3-4B-SafeRL,x10_scar_curve,8,0.4061085681959659
Qwen--Qwen3-4B-SafeRL,x10_scar_curve,9,0.6387708449504362
Qwen--Qwen3-4B-SafeRL,x10_scar_curve,10,0.6432428209197298
Qwen--Qwen3-4B-SafeRL,x10_scar_curve,11,0.6775216902404261
Qwen--Qwen3-4B-SafeRL,x10_scar_curve,12,0.4066970744251773
Qwen--Qwen3-4B-SafeRL,x10_scar_curve,13,0.6035285034819904
Qwen--Qwen3-4B-SafeRL,x10_scar_curve,14,0.5674510007169599
Qwen--Qwen3-4B-SafeRL,x10_scar_curve,15,0.4147875256056642
Qwen--Qwen3-4B-SafeRL,x10_scar_curve,16,0.4146687179895978
Qwen--Qwen3-4B-SafeRL,x10_scar_curve,17,0.42874117290295677
Qwen--Qwen3-4B-SafeRL,x10_scar_curve,18,0.4151334125855773
Qwen--Qwen3-4B-SafeRL,x10_scar_curve,19,0.2530421069220416
Qwen--Qwen3-4B-SafeRL,x10_scar_curve,20,0.38017159293566166
Qwen--Qwen3-4B-SafeRL,x10_scar_curve,21,0.40478301913635917
Qwen--Qwen3-4B-SafeRL,x10_scar_curve,22,0.1737739260536174
Qwen--Qwen3-4B-SafeRL,x10_scar_curve,23,0.2100940345482619
Qwen--Qwen3-4B-SafeRL,x10_scar_curve,24,0.24602844996730341
Qwen--Qwen3-4B-SafeRL,x10_scar_curve,25,0.2942776649345411
Qwen--Qwen3-4B-SafeRL,x10_scar_curve,26,0.316477131380493
Qwen--Qwen3-4B-SafeRL,x10_scar_curve,27,0.3582592413616188
Qwen--Qwen3-4B-SafeRL,x10_scar_curve,28,0.49723349118932686
Qwen--Qwen3-4B-SafeRL,x10_scar_curve,29,0.5110189345631899
Qwen--Qwen3-4B-SafeRL,x10_scar_curve,30,0.4566814283318328
Qwen--Qwen3-4B-SafeRL,x10_scar_curve,31,0.6314215111034465
Qwen--Qwen3-4B-SafeRL,x10_scar_curve,32,0.5466560136633005
Qwen--Qwen3-4B-SafeRL,x10_scar_curve,33,0.48242435571617903
Qwen--Qwen3-4B-SafeRL,x10_scar_curve,34,0.2703405161235199
Qwen--Qwen3-4B-SafeRL,x10_scar_curve,35,0.05159277774310736
Qwen--Qwen3-4B-SafeRL,x10_z_curve,0,-1.2275069447258133
Qwen--Qwen3-4B-SafeRL,x10_z_curve,1,-1.0071371859123592
Qwen--Qwen3-4B-SafeRL,x10_z_curve,2,-0.9440052349150446
Qwen--Qwen3-4B-SafeRL,x10_z_curve,3,-1.286685072494286
Qwen--Qwen3-4B-SafeRL,x10_z_curve,4,-1.1742917914529236
Qwen--Qwen3-4B-SafeRL,x10_z_curve,5,-1.3664623650457703
Qwen--Qwen3-4B-SafeRL,x10_z_curve,6,-0.31451998791606595
Qwen--Qwen3-4B-SafeRL,x10_z_curve,7,-0.4389352643288896
Qwen--Qwen3-4B-SafeRL,x10_z_curve,8,0.07029927326020327
Qwen--Qwen3-4B-SafeRL,x10_z_curve,9,1.2701873525132337
Qwen--Qwen3-4B-SafeRL,x10_z_curve,10,1.2932502689907683
Qwen--Qwen3-4B-SafeRL,x10_z_curve,11,1.470033575859124
Qwen--Qwen3-4B-SafeRL,x10_z_curve,12,0.07333432311378163
Qwen--Qwen3-4B-SafeRL,x10_z_curve,13,1.088435218033872
Qwen--Qwen3-4B-SafeRL,x10_z_curve,14,0.9023759818704548
Qwen--Qwen3-4B-SafeRL,x10_z_curve,15,0.11505847394159012
Qwen--Qwen3-4B-SafeRL,x10_z_curve,16,0.11444575818796178
Qwen--Qwen3-4B-SafeRL,x10_z_curve,17,0.1870203548604785
Qwen--Qwen3-4B-SafeRL,x10_z_curve,18,0.11684228552357921
Qwen--Qwen3-4B-SafeRL,x10_z_curve,19,-0.7190965186921272
Qwen--Qwen3-4B-SafeRL,x10_z_curve,20,-0.06346313919810201
Qwen--Qwen3-4B-SafeRL,x10_z_curve,21,0.0634631391981023
Qwen--Qwen3-4B-SafeRL,x10_z_curve,22,-1.1278991256934696
Qwen--Qwen3-4B-SafeRL,x10_z_curve,23,-0.9405887209823058
Qwen--Qwen3-4B-SafeRL,x10_z_curve,24,-0.7552674162237519
Qwen--Qwen3-4B-SafeRL,x10_z_curve,25,-0.5064361115529012
Qwen--Qwen3-4B-SafeRL,x10_z_curve,26,-0.3919488146612554
Qwen--Qwen3-4B-SafeRL,x10_z_curve,27,-0.17646972457524882
Qwen--Qwen3-4B-SafeRL,x10_z_curve,28,0.540249582127725
Qwen--Qwen3-4B-SafeRL,x10_z_curve,29,0.6113440001926345
Qwen--Qwen3-4B-SafeRL,x10_z_curve,30,0.3311141026224863
Qwen--Qwen3-4B-SafeRL,x10_z_curve,31,1.232285298959619
Qwen--Qwen3-4B-SafeRL,x10_z_curve,32,0.7951318792940901
Qwen--Qwen3-4B-SafeRL,x10_z_curve,33,0.4638757695520607
Qwen--Qwen3-4B-SafeRL,x10_z_curve,34,-0.6298850002610632
Qwen--Qwen3-4B-SafeRL,x10_z_curve,35,-1.7580128915014919
Qwen--Qwen3-4B-SafeRL,x10_sigma_min_curve,0,1.0710827112197876
Qwen--Qwen3-4B-SafeRL,x10_sigma_min_curve,1,0.7773445248603821
Qwen--Qwen3-4B-SafeRL,x10_sigma_min_curve,2,0.7652019262313843
Qwen--Qwen3-4B-SafeRL,x10_sigma_min_curve,3,0.9750158190727234
Qwen--Qwen3-4B-SafeRL,x10_sigma_min_curve,4,0.983391284942627
Qwen--Qwen3-4B-SafeRL,x10_sigma_min_curve,5,1.0816279649734497
Qwen--Qwen3-4B-SafeRL,x10_sigma_min_curve,6,0.6999789476394653
Qwen--Qwen3-4B-SafeRL,x10_sigma_min_curve,7,0.7407354116439819
Qwen--Qwen3-4B-SafeRL,x10_sigma_min_curve,8,0.6066742539405823
Qwen--Qwen3-4B-SafeRL,x10_sigma_min_curve,9,0.3411416709423065
Qwen--Qwen3-4B-SafeRL,x10_sigma_min_curve,10,0.3455932140350342
Qwen--Qwen3-4B-SafeRL,x10_sigma_min_curve,11,0.32317009568214417
Qwen--Qwen3-4B-SafeRL,x10_sigma_min_curve,12,0.6060053706169128
Qwen--Qwen3-4B-SafeRL,x10_sigma_min_curve,13,0.38418108224868774
Qwen--Qwen3-4B-SafeRL,x10_sigma_min_curve,14,0.4125877618789673
Qwen--Qwen3-4B-SafeRL,x10_sigma_min_curve,15,0.57822185754776
Qwen--Qwen3-4B-SafeRL,x10_sigma_min_curve,16,0.576536238193512
Qwen--Qwen3-4B-SafeRL,x10_sigma_min_curve,17,0.5567348003387451
Qwen--Qwen3-4B-SafeRL,x10_sigma_min_curve,18,0.5739664435386658
Qwen--Qwen3-4B-SafeRL,x10_sigma_min_curve,19,0.8355275392532349
Qwen--Qwen3-4B-SafeRL,x10_sigma_min_curve,20,0.6229075789451599
Qwen--Qwen3-4B-SafeRL,x10_sigma_min_curve,21,0.5891807079315186
Qwen--Qwen3-4B-SafeRL,x10_sigma_min_curve,22,1.0122343301773071
Qwen--Qwen3-4B-SafeRL,x10_sigma_min_curve,23,0.9438534379005432
Qwen--Qwen3-4B-SafeRL,x10_sigma_min_curve,24,0.878149151802063
Qwen--Qwen3-4B-SafeRL,x10_sigma_min_curve,25,0.7851908206939697
Qwen--Qwen3-4B-SafeRL,x10_sigma_min_curve,26,0.7573793530464172
Qwen--Qwen3-4B-SafeRL,x10_sigma_min_curve,27,0.6893752217292786
Qwen--Qwen3-4B-SafeRL,x10_sigma_min_curve,28,0.5042735934257507
Qwen--Qwen3-4B-SafeRL,x10_sigma_min_curve,29,0.49954867362976074
Qwen--Qwen3-4B-SafeRL,x10_sigma_min_curve,30,0.5700802803039551
Qwen--Qwen3-4B-SafeRL,x10_sigma_min_curve,31,0.38969698548316956
Qwen--Qwen3-4B-SafeRL,x10_sigma_min_curve,32,0.47380927205085754
Qwen--Qwen3-4B-SafeRL,x10_sigma_min_curve,33,0.5512412786483765
Qwen--Qwen3-4B-SafeRL,x10_sigma_min_curve,34,0.8573842644691467
Qwen--Qwen3-4B-SafeRL,x10_sigma_min_curve,35,1.3629506826400757
Qwen--Qwen3-4B-SafeRL,x10_sigma_mp_curve,0,1.528560557312724
Qwen--Qwen3-4B-SafeRL,x10_sigma_mp_curve,1,1.2240625488614507
Qwen--Qwen3-4B-SafeRL,x10_sigma_mp_curve,2,1.239388938500281
Qwen--Qwen3-4B-SafeRL,x10_sigma_mp_curve,3,1.3551783861824258
Qwen--Qwen3-4B-SafeRL,x10_sigma_mp_curve,4,1.4371582407386292
Qwen--Qwen3-4B-SafeRL,x10_sigma_mp_curve,5,1.4507535107677139
Qwen--Qwen3-4B-SafeRL,x10_sigma_mp_curve,6,1.5016745347231866
Qwen--Qwen3-4B-SafeRL,x10_sigma_mp_curve,7,1.5032437610752487
Qwen--Qwen3-4B-SafeRL,x10_sigma_mp_curve,8,1.5454826464707794
Qwen--Qwen3-4B-SafeRL,x10_sigma_mp_curve,9,1.4849287551202932
Qwen--Qwen3-4B-SafeRL,x10_sigma_mp_curve,10,1.5198755447695882
Qwen--Qwen3-4B-SafeRL,x10_sigma_mp_curve,11,1.537987681734204
Qwen--Qwen3-4B-SafeRL,x10_sigma_mp_curve,12,1.545872058678296
Qwen--Qwen3-4B-SafeRL,x10_sigma_mp_curve,13,1.5419293641115688
Qwen--Qwen3-4B-SafeRL,x10_sigma_mp_curve,14,1.5239381546289372
Qwen--Qwen3-4B-SafeRL,x10_sigma_mp_curve,15,1.5027337146572508
Qwen--Qwen3-4B-SafeRL,x10_sigma_mp_curve,16,1.4979431387901105
Qwen--Qwen3-4B-SafeRL,x10_sigma_mp_curve,17,1.4941339772559386
Qwen--Qwen3-4B-SafeRL,x10_sigma_mp_curve,18,1.4928628649332458
Qwen--Qwen3-4B-SafeRL,x10_sigma_mp_curve,19,1.4962455641082846
Qwen--Qwen3-4B-SafeRL,x10_sigma_mp_curve,20,1.494841712142226
Qwen--Qwen3-4B-SafeRL,x10_sigma_mp_curve,21,1.4963443117930642
Qwen--Qwen3-4B-SafeRL,x10_sigma_mp_curve,22,1.510271366058628
Qwen--Qwen3-4B-SafeRL,x10_sigma_mp_curve,23,1.531082514015262
Qwen--Qwen3-4B-SafeRL,x10_sigma_mp_curve,24,1.5473791337723226
Qwen--Qwen3-4B-SafeRL,x10_sigma_mp_curve,25,1.5461544643413478
Qwen--Qwen3-4B-SafeRL,x10_sigma_mp_curve,26,1.569605793360576
Qwen--Qwen3-4B-SafeRL,x10_sigma_mp_curve,27,1.572949974950452
Qwen--Qwen3-4B-SafeRL,x10_sigma_mp_curve,28,1.584527269958937
Qwen--Qwen3-4B-SafeRL,x10_sigma_mp_curve,29,1.6203048977552164
Qwen--Qwen3-4B-SafeRL,x10_sigma_mp_curve,30,1.6316140893027913
Qwen--Qwen3-4B-SafeRL,x10_sigma_mp_curve,31,1.6678176188051879
Qwen--Qwen3-4B-SafeRL,x10_sigma_mp_curve,32,1.6682439898934245
Qwen--Qwen3-4B-SafeRL,x10_sigma_mp_curve,33,1.6740409875711544
Qwen--Qwen3-4B-SafeRL,x10_sigma_mp_curve,34,1.5977764834208183
Qwen--Qwen3-4B-SafeRL,x10_sigma_mp_curve,35,1.5348746708450944
RandInit-Qwen3-0.6B,x1_g_curve,0,0.0
RandInit-Qwen3-0.6B,x1_g_curve,1,0.39877538250433336
RandInit-Qwen3-0.6B,x1_g_curve,2,0.36719193193764005
RandInit-Qwen3-0.6B,x1_g_curve,3,0.3158274174391646
RandInit-Qwen3-0.6B,x1_g_curve,4,0.33665936030685617
RandInit-Qwen3-0.6B,x1_g_curve,5,0.31498836772915595
RandInit-Qwen3-0.6B,x1_g_curve,6,0.30847603566605797
RandInit-Qwen3-0.6B,x1_g_curve,7,0.30503591822302495
RandInit-Qwen3-0.6B,x1_g_curve,8,0.29528568109730774
RandInit-Qwen3-0.6B,x1_g_curve,9,0.28704177539887815
RandInit-Qwen3-0.6B,x1_g_curve,10,0.28120046883926925
RandInit-Qwen3-0.6B,x1_g_curve,11,0.27337860325494195
RandInit-Qwen3-0.6B,x1_g_curve,12,0.269496743463728
RandInit-Qwen3-0.6B,x1_g_curve,13,0.26675165407623735
RandInit-Qwen3-0.6B,x1_g_curve,14,0.2657246975028932
RandInit-Qwen3-0.6B,x1_g_curve,15,0.2663224239195543
RandInit-Qwen3-0.6B,x1_g_curve,16,0.2608843993881132
RandInit-Qwen3-0.6B,x1_g_curve,17,0.2602737701308337
RandInit-Qwen3-0.6B,x1_g_curve,18,0.2558501406732516
RandInit-Qwen3-0.6B,x1_g_curve,19,0.25181800921503233
RandInit-Qwen3-0.6B,x1_g_curve,20,0.25061027299360544
RandInit-Qwen3-0.6B,x1_g_curve,21,0.24647889756530214
RandInit-Qwen3-0.6B,x1_g_curve,22,0.24507051005269767
RandInit-Qwen3-0.6B,x1_g_curve,23,0.2421202886494088
RandInit-Qwen3-0.6B,x1_g_curve,24,0.2420397934416571
RandInit-Qwen3-0.6B,x1_g_curve,25,0.23816781518254665
RandInit-Qwen3-0.6B,x1_g_curve,26,0.23596128784782974
RandInit-Qwen3-0.6B,x1_g_curve,27,0.23353569544618952
RandInit-Qwen3-0.6B,x1_g_curve,28,0.23289087958574553
RandInit-Qwen3-0.6B,auroc_by_layer,0,0.5
RandInit-Qwen3-0.6B,auroc_by_layer,1,0.9878472222222222
RandInit-Qwen3-0.6B,auroc_by_layer,2,0.9861111111111112
RandInit-Qwen3-0.6B,auroc_by_layer,3,0.9878472222222222
RandInit-Qwen3-0.6B,auroc_by_layer,4,0.9878472222222222
RandInit-Qwen3-0.6B,auroc_by_layer,5,0.9830729166666666
RandInit-Qwen3-0.6B,auroc_by_layer,6,0.984375
RandInit-Qwen3-0.6B,auroc_by_layer,7,0.9817708333333334
RandInit-Qwen3-0.6B,auroc_by_layer,8,0.98046875
RandInit-Qwen3-0.6B,auroc_by_layer,9,0.9800347222222222
RandInit-Qwen3-0.6B,auroc_by_layer,10,0.9817708333333334
RandInit-Qwen3-0.6B,auroc_by_layer,11,0.9769965277777778
RandInit-Qwen3-0.6B,auroc_by_layer,12,0.9765625
RandInit-Qwen3-0.6B,auroc_by_layer,13,0.9735243055555556
RandInit-Qwen3-0.6B,auroc_by_layer,14,0.9748263888888888
RandInit-Qwen3-0.6B,auroc_by_layer,15,0.9735243055555556
RandInit-Qwen3-0.6B,auroc_by_layer,16,0.9730902777777778
RandInit-Qwen3-0.6B,auroc_by_layer,17,0.9709201388888888
RandInit-Qwen3-0.6B,auroc_by_layer,18,0.9696180555555556
RandInit-Qwen3-0.6B,auroc_by_layer,19,0.9696180555555556
RandInit-Qwen3-0.6B,auroc_by_layer,20,0.9700520833333334
RandInit-Qwen3-0.6B,auroc_by_layer,21,0.9700520833333334
RandInit-Qwen3-0.6B,auroc_by_layer,22,0.9709201388888888
RandInit-Qwen3-0.6B,auroc_by_layer,23,0.96875
RandInit-Qwen3-0.6B,auroc_by_layer,24,0.9683159722222222
RandInit-Qwen3-0.6B,auroc_by_layer,25,0.9704861111111112
RandInit-Qwen3-0.6B,auroc_by_layer,26,0.9700520833333334
RandInit-Qwen3-0.6B,auroc_by_layer,27,0.9709201388888888
RandInit-Qwen3-0.6B,auroc_by_layer,28,0.9735243055555556
RandInit-Qwen3-0.6B,cohen_by_layer,0,
RandInit-Qwen3-0.6B,cohen_by_layer,1,4.31215038591958
RandInit-Qwen3-0.6B,cohen_by_layer,2,4.413217949099046
RandInit-Qwen3-0.6B,cohen_by_layer,3,4.440624082676707
RandInit-Qwen3-0.6B,cohen_by_layer,4,4.243805010555981
RandInit-Qwen3-0.6B,cohen_by_layer,5,4.120849557759869
RandInit-Qwen3-0.6B,cohen_by_layer,6,4.109176251187153
RandInit-Qwen3-0.6B,cohen_by_layer,7,4.12594889539111
RandInit-Qwen3-0.6B,cohen_by_layer,8,4.039527029912825
RandInit-Qwen3-0.6B,cohen_by_layer,9,3.9538351879236413
RandInit-Qwen3-0.6B,cohen_by_layer,10,4.0162238435427815
RandInit-Qwen3-0.6B,cohen_by_layer,11,3.9901595964014978
RandInit-Qwen3-0.6B,cohen_by_layer,12,3.9233249733898345
RandInit-Qwen3-0.6B,cohen_by_layer,13,3.92844929274625
RandInit-Qwen3-0.6B,cohen_by_layer,14,3.894427363055997
RandInit-Qwen3-0.6B,cohen_by_layer,15,3.882813892308758
RandInit-Qwen3-0.6B,cohen_by_layer,16,3.9357951397301005
RandInit-Qwen3-0.6B,cohen_by_layer,17,3.903176592087529
RandInit-Qwen3-0.6B,cohen_by_layer,18,3.8072728327896845
RandInit-Qwen3-0.6B,cohen_by_layer,19,3.800401002323425
RandInit-Qwen3-0.6B,cohen_by_layer,20,3.88685699169223
RandInit-Qwen3-0.6B,cohen_by_layer,21,3.8764465336040055
RandInit-Qwen3-0.6B,cohen_by_layer,22,3.895594973016376
RandInit-Qwen3-0.6B,cohen_by_layer,23,3.946751688070602
RandInit-Qwen3-0.6B,cohen_by_layer,24,3.962732235439364
RandInit-Qwen3-0.6B,cohen_by_layer,25,3.980343735548587
RandInit-Qwen3-0.6B,cohen_by_layer,26,3.9304214184106616
RandInit-Qwen3-0.6B,cohen_by_layer,27,3.920860460025348
RandInit-Qwen3-0.6B,cohen_by_layer,28,3.8917357755137343
RandInit-Qwen3-0.6B,x2_wm_curve,0,0.9881864886334184
RandInit-Qwen3-0.6B,x2_wm_curve,1,1.0095906232646075
RandInit-Qwen3-0.6B,x2_wm_curve,2,1.0165116822541287
RandInit-Qwen3-0.6B,x2_wm_curve,3,1.0141831324265282
RandInit-Qwen3-0.6B,x2_wm_curve,4,0.9824306455022683
RandInit-Qwen3-0.6B,x2_wm_curve,5,0.9685743480916772
RandInit-Qwen3-0.6B,x2_wm_curve,6,1.0071764959503773
RandInit-Qwen3-0.6B,x2_wm_curve,7,1.0249864928108734
RandInit-Qwen3-0.6B,x2_wm_curve,8,1.022495236130562
RandInit-Qwen3-0.6B,x2_wm_curve,9,1.0019154372663497
RandInit-Qwen3-0.6B,x2_wm_curve,10,1.0179810155023508
RandInit-Qwen3-0.6B,x2_wm_curve,11,0.9772920458544269
RandInit-Qwen3-0.6B,x2_wm_curve,12,0.9847102622674575
RandInit-Qwen3-0.6B,x2_wm_curve,13,1.0037641800377215
RandInit-Qwen3-0.6B,x2_wm_curve,14,1.009382305898029
RandInit-Qwen3-0.6B,x2_wm_curve,15,0.9862454313097868
RandInit-Qwen3-0.6B,x2_wm_curve,16,1.013491801462627
RandInit-Qwen3-0.6B,x2_wm_curve,17,0.9762871142139019
RandInit-Qwen3-0.6B,x2_wm_curve,18,0.9877133847155012
RandInit-Qwen3-0.6B,x2_wm_curve,19,1.0039613573649846
RandInit-Qwen3-0.6B,x2_wm_curve,20,1.0111912670327456
RandInit-Qwen3-0.6B,x2_wm_curve,21,0.9871404244432851
RandInit-Qwen3-0.6B,x2_wm_curve,22,0.9857492720617176
RandInit-Qwen3-0.6B,x2_wm_curve,23,0.9463437381370213
RandInit-Qwen3-0.6B,x2_wm_curve,24,0.9993501852743073
RandInit-Qwen3-0.6B,x2_wm_curve,25,0.9914033913796831
RandInit-Qwen3-0.6B,x2_wm_curve,26,0.9893826472457464
RandInit-Qwen3-0.6B,x2_wm_curve,27,1.0111662349067043
RandInit-Qwen3-0.6B,x8_drive_gap_curve,0,0.0
RandInit-Qwen3-0.6B,x8_drive_gap_curve,1,-0.022514358162879944
RandInit-Qwen3-0.6B,x8_drive_gap_curve,2,-0.003639593720436096
RandInit-Qwen3-0.6B,x8_drive_gap_curve,3,-0.0446290522813797
RandInit-Qwen3-0.6B,x8_drive_gap_curve,4,-0.017547105749448122
RandInit-Qwen3-0.6B,x8_drive_gap_curve,5,0.004110043247540773
RandInit-Qwen3-0.6B,x8_drive_gap_curve,6,0.00027197102705639464
RandInit-Qwen3-0.6B,x8_drive_gap_curve,7,-0.005480835835138975
RandInit-Qwen3-0.6B,x8_drive_gap_curve,8,-0.00517054895559943
RandInit-Qwen3-0.6B,x8_drive_gap_curve,9,0.010487541556358337
RandInit-Qwen3-0.6B,x8_drive_gap_curve,10,0.01633196572462714
RandInit-Qwen3-0.6B,x8_drive_gap_curve,11,0.02379510800043738
RandInit-Qwen3-0.6B,x8_drive_gap_curve,12,0.023921877145767212
RandInit-Qwen3-0.6B,x8_drive_gap_curve,13,0.027744566400845883
RandInit-Qwen3-0.6B,x8_drive_gap_curve,14,0.021158193548520388
RandInit-Qwen3-0.6B,x8_drive_gap_curve,15,0.028256227572758974
RandInit-Qwen3-0.6B,x8_drive_gap_curve,16,0.027206803361574827
RandInit-Qwen3-0.6B,x8_drive_gap_curve,17,0.026667416095733643
RandInit-Qwen3-0.6B,x8_drive_gap_curve,18,0.035230750838915526
RandInit-Qwen3-0.6B,x8_drive_gap_curve,19,0.04058577120304108
RandInit-Qwen3-0.6B,x8_drive_gap_curve,20,0.03210488458474481
RandInit-Qwen3-0.6B,x8_drive_gap_curve,21,0.04183200995127356
RandInit-Qwen3-0.6B,x8_drive_gap_curve,22,0.052520910898844364
RandInit-Qwen3-0.6B,x8_drive_gap_curve,23,0.05147359768549603
RandInit-Qwen3-0.6B,x8_drive_gap_curve,24,0.05115143954753876
RandInit-Qwen3-0.6B,x8_drive_gap_curve,25,0.059667075673739106
RandInit-Qwen3-0.6B,x8_drive_gap_curve,26,0.0680544972419739
RandInit-Qwen3-0.6B,x8_drive_gap_curve,27,0.06182452539602917
RandInit-Qwen3-0.6B,x8_drive_gap_curve,28,0.06314082443714145
RandInit-Qwen3-0.6B,x10_scar_curve,0,-0.0029899034628752654
RandInit-Qwen3-0.6B,x10_scar_curve,1,-0.0001927653773684511
RandInit-Qwen3-0.6B,x10_scar_curve,2,-0.0023240219238153934
RandInit-Qwen3-0.6B,x10_scar_curve,3,-0.0008663771674375353
RandInit-Qwen3-0.6B,x10_scar_curve,4,-0.003219761310767455
RandInit-Qwen3-0.6B,x10_scar_curve,5,0.0001869917189081354
RandInit-Qwen3-0.6B,x10_scar_curve,6,0.0005969596124384609
RandInit-Qwen3-0.6B,x10_scar_curve,7,-0.0005934614756756529
RandInit-Qwen3-0.6B,x10_scar_curve,8,-0.0012097336249836791
RandInit-Qwen3-0.6B,x10_scar_curve,9,-0.002635967956049452
RandInit-Qwen3-0.6B,x10_scar_curve,10,-0.000493496792309433
RandInit-Qwen3-0.6B,x10_scar_curve,11,0.002105787485644892
RandInit-Qwen3-0.6B,x10_scar_curve,12,7.050076067722529e-05
RandInit-Qwen3-0.6B,x10_scar_curve,13,-0.004474607516958125
RandInit-Qwen3-0.6B,x10_scar_curve,14,-0.004068245983563732
RandInit-Qwen3-0.6B,x10_scar_curve,15,-0.0011232761724380644
RandInit-Qwen3-0.6B,x10_scar_curve,16,-0.0008462127521539704
RandInit-Qwen3-0.6B,x10_scar_curve,17,-0.001674712348547388
RandInit-Qwen3-0.6B,x10_scar_curve,18,-0.004125042947424282
RandInit-Qwen3-0.6B,x10_scar_curve,19,-0.0014911186406884889
RandInit-Qwen3-0.6B,x10_scar_curve,20,0.0006877766754183863
RandInit-Qwen3-0.6B,x10_scar_curve,21,-0.0038530402664819262
RandInit-Qwen3-0.6B,x10_scar_curve,22,0.0004805148638584487
RandInit-Qwen3-0.6B,x10_scar_curve,23,-0.0018310264792162077
RandInit-Qwen3-0.6B,x10_scar_curve,24,-0.002107066559792675
RandInit-Qwen3-0.6B,x10_scar_curve,25,-0.00012006878576792715
RandInit-Qwen3-0.6B,x10_scar_curve,26,-0.00471521010738546
RandInit-Qwen3-0.6B,x10_scar_curve,27,0.002491541039500029
RandInit-Qwen3-0.6B,x10_z_curve,0,-0.94951893560401
RandInit-Qwen3-0.6B,x10_z_curve,1,0.5070663825406276
RandInit-Qwen3-0.6B,x10_z_curve,2,-0.6027669184462923
RandInit-Qwen3-0.6B,x10_z_curve,3,0.15628890443626126
RandInit-Qwen3-0.6B,x10_z_curve,4,-1.0692154097376503
RandInit-Qwen3-0.6B,x10_z_curve,5,0.7048215858907297
RandInit-Qwen3-0.6B,x10_z_curve,6,0.9183087990251352
RandInit-Qwen3-0.6B,x10_z_curve,7,0.2984073760881953
RandInit-Qwen3-0.6B,x10_z_curve,8,-0.022510983042746548
RandInit-Qwen3-0.6B,x10_z_curve,9,-0.765210100268428
RandInit-Qwen3-0.6B,x10_z_curve,10,0.35046311508752
RandInit-Qwen3-0.6B,x10_z_curve,11,1.7040177846155544
RandInit-Qwen3-0.6B,x10_z_curve,12,0.6441599330624606
RandInit-Qwen3-0.6B,x10_z_curve,13,-1.7226656523042954
RandInit-Qwen3-0.6B,x10_z_curve,14,-1.5110564198291785
RandInit-Qwen3-0.6B,x10_z_curve,15,0.022510983042746662
RandInit-Qwen3-0.6B,x10_z_curve,16,0.1667893482302937
RandInit-Qwen3-0.6B,x10_z_curve,17,-0.2646446072287744
RandInit-Qwen3-0.6B,x10_z_curve,18,-1.5406329445288802
RandInit-Qwen3-0.6B,x10_z_curve,19,-0.16903978144036347
RandInit-Qwen3-0.6B,x10_z_curve,20,0.9656009943082322
RandInit-Qwen3-0.6B,x10_z_curve,21,-1.3989899153164596
RandInit-Qwen3-0.6B,x10_z_curve,22,0.8576712094704683
RandInit-Qwen3-0.6B,x10_z_curve,23,-0.3460438305744073
RandInit-Qwen3-0.6B,x10_z_curve,24,-0.48978930051401276
RandInit-Qwen3-0.6B,x10_z_curve,25,0.5449225000319791
RandInit-Qwen3-0.6B,x10_z_curve,26,-1.8479573576154844
RandInit-Qwen3-0.6B,x10_z_curve,27,1.904895591070255
RandInit-Qwen3-0.6B,x10_sigma_min_curve,0,0.7967477440834045
RandInit-Qwen3-0.6B,x10_sigma_min_curve,1,0.791455090045929
RandInit-Qwen3-0.6B,x10_sigma_min_curve,2,0.7955739498138428
RandInit-Qwen3-0.6B,x10_sigma_min_curve,3,0.7925267815589905
RandInit-Qwen3-0.6B,x10_sigma_min_curve,4,0.7968900799751282
RandInit-Qwen3-0.6B,x10_sigma_min_curve,5,0.7905392050743103
RandInit-Qwen3-0.6B,x10_sigma_min_curve,6,0.7902662754058838
RandInit-Qwen3-0.6B,x10_sigma_min_curve,7,0.7918397188186646
RandInit-Qwen3-0.6B,x10_sigma_min_curve,8,0.7929856181144714
RandInit-Qwen3-0.6B,x10_sigma_min_curve,9,0.7963032722473145
RandInit-Qwen3-0.6B,x10_sigma_min_curve,10,0.7918580174446106
RandInit-Qwen3-0.6B,x10_sigma_min_curve,11,0.786881148815155
RandInit-Qwen3-0.6B,x10_sigma_min_curve,12,0.7911230325698853
RandInit-Qwen3-0.6B,x10_sigma_min_curve,13,0.7994603514671326
RandInit-Qwen3-0.6B,x10_sigma_min_curve,14,0.7987046241760254
RandInit-Qwen3-0.6B,x10_sigma_min_curve,15,0.7930031418800354
RandInit-Qwen3-0.6B,x10_sigma_min_curve,16,0.7927407026290894
RandInit-Qwen3-0.6B,x10_sigma_min_curve,17,0.7942927479743958
RandInit-Qwen3-0.6B,x10_sigma_min_curve,18,0.7984861135482788
RandInit-Qwen3-0.6B,x10_sigma_min_curve,19,0.7938335537910461
RandInit-Qwen3-0.6B,x10_sigma_min_curve,20,0.7898257374763489
RandInit-Qwen3-0.6B,x10_sigma_min_curve,21,0.7984637022018433
RandInit-Qwen3-0.6B,x10_sigma_min_curve,22,0.7897472977638245
RandInit-Qwen3-0.6B,x10_sigma_min_curve,23,0.7943817377090454
RandInit-Qwen3-0.6B,x10_sigma_min_curve,24,0.7952188849449158
RandInit-Qwen3-0.6B,x10_sigma_min_curve,25,0.7912770509719849
RandInit-Qwen3-0.6B,x10_sigma_min_curve,26,0.7994872331619263
RandInit-Qwen3-0.6B,x10_sigma_min_curve,27,0.7861984372138977
RandInit-Qwen3-0.6B,x10_sigma_mp_curve,0,0.7912813667953016
RandInit-Qwen3-0.6B,x10_sigma_mp_curve,1,0.7911038737818806
RandInit-Qwen3-0.6B,x10_sigma_mp_curve,2,0.7913279988834895
RandInit-Qwen3-0.6B,x10_sigma_mp_curve,3,0.7909473401586495
RandInit-Qwen3-0.6B,x10_sigma_mp_curve,4,0.7910039628355011
RandInit-Qwen3-0.6B,x10_sigma_mp_curve,5,0.790879656356754
RandInit-Qwen3-0.6B,x10_sigma_mp_curve,6,0.7913532830577544
RandInit-Qwen3-0.6B,x10_sigma_mp_curve,7,0.7907584123373439
RandInit-Qwen3-0.6B,x10_sigma_mp_curve,8,0.790779818658156
RandInit-Qwen3-0.6B,x10_sigma_mp_curve,9,0.7914847152753239
RandInit-Qwen3-0.6B,x10_sigma_mp_curve,10,0.7909587256805597
RandInit-Qwen3-0.6B,x10_sigma_mp_curve,11,0.7907058075433535
RandInit-Qwen3-0.6B,x10_sigma_mp_curve,12,0.7912514691612442
RandInit-Qwen3-0.6B,x10_sigma_mp_curve,13,0.7912656679808249
RandInit-Qwen3-0.6B,x10_sigma_mp_curve,14,0.7912577064327191
RandInit-Qwen3-0.6B,x10_sigma_mp_curve,15,0.790954737828528
RandInit-Qwen3-0.6B,x10_sigma_mp_curve,16,0.7911975695749572
RandInit-Qwen3-0.6B,x10_sigma_mp_curve,17,0.7912357199387354
RandInit-Qwen3-0.6B,x10_sigma_mp_curve,18,0.7909377876589142
RandInit-Qwen3-0.6B,x10_sigma_mp_curve,19,0.7911126574673495
RandInit-Qwen3-0.6B,x10_sigma_mp_curve,20,0.7910775472775399
RandInit-Qwen3-0.6B,x10_sigma_mp_curve,21,0.7914111011325078
RandInit-Qwen3-0.6B,x10_sigma_mp_curve,22,0.7906215785682451
RandInit-Qwen3-0.6B,x10_sigma_mp_curve,23,0.7910395997468264
RandInit-Qwen3-0.6B,x10_sigma_mp_curve,24,0.7913700656488116
RandInit-Qwen3-0.6B,x10_sigma_mp_curve,25,0.7910583179542616
RandInit-Qwen3-0.6B,x10_sigma_mp_curve,26,0.7908540133410201
RandInit-Qwen3-0.6B,x10_sigma_mp_curve,27,0.7907218089084799
TinyLlama--TinyLlama-1.1B-Chat-v1.0,x1_g_curve,0,0.0
TinyLlama--TinyLlama-1.1B-Chat-v1.0,x1_g_curve,1,0.02957105681443305
TinyLlama--TinyLlama-1.1B-Chat-v1.0,x1_g_curve,2,0.038945310128637
TinyLlama--TinyLlama-1.1B-Chat-v1.0,x1_g_curve,3,0.048226238034972585
TinyLlama--TinyLlama-1.1B-Chat-v1.0,x1_g_curve,4,0.059283474292687724
TinyLlama--TinyLlama-1.1B-Chat-v1.0,x1_g_curve,5,0.06404480672441396
TinyLlama--TinyLlama-1.1B-Chat-v1.0,x1_g_curve,6,0.08141226863792352
TinyLlama--TinyLlama-1.1B-Chat-v1.0,x1_g_curve,7,0.10486217549960464
TinyLlama--TinyLlama-1.1B-Chat-v1.0,x1_g_curve,8,0.19083829489144508
TinyLlama--TinyLlama-1.1B-Chat-v1.0,x1_g_curve,9,0.4178201514926276
TinyLlama--TinyLlama-1.1B-Chat-v1.0,x1_g_curve,10,0.4014635505287644
TinyLlama--TinyLlama-1.1B-Chat-v1.0,x1_g_curve,11,0.4074639312429347
TinyLlama--TinyLlama-1.1B-Chat-v1.0,x1_g_curve,12,0.4446425670246239
TinyLlama--TinyLlama-1.1B-Chat-v1.0,x1_g_curve,13,0.4803456018351631
TinyLlama--TinyLlama-1.1B-Chat-v1.0,x1_g_curve,14,0.5167526791360203
TinyLlama--TinyLlama-1.1B-Chat-v1.0,x1_g_curve,15,0.5173514260413424
TinyLlama--TinyLlama-1.1B-Chat-v1.0,x1_g_curve,16,0.5224727155221274
TinyLlama--TinyLlama-1.1B-Chat-v1.0,x1_g_curve,17,0.5562980996043237
TinyLlama--TinyLlama-1.1B-Chat-v1.0,x1_g_curve,18,0.5451567139620467
TinyLlama--TinyLlama-1.1B-Chat-v1.0,x1_g_curve,19,0.5265478501067733
TinyLlama--TinyLlama-1.1B-Chat-v1.0,x1_g_curve,20,0.5126953670940166
TinyLlama--TinyLlama-1.1B-Chat-v1.0,x1_g_curve,21,0.5183104622909027
TinyLlama--TinyLlama-1.1B-Chat-v1.0,x1_g_curve,22,0.5056140734127602
TinyLlama--TinyLlama-1.1B-Chat-v1.0,auroc_by_layer,0,0.5
TinyLlama--TinyLlama-1.1B-Chat-v1.0,auroc_by_layer,1,0.6141493055555556
TinyLlama--TinyLlama-1.1B-Chat-v1.0,auroc_by_layer,2,0.6671006944444444
TinyLlama--TinyLlama-1.1B-Chat-v1.0,auroc_by_layer,3,0.9652777777777778
TinyLlama--TinyLlama-1.1B-Chat-v1.0,auroc_by_layer,4,0.9839409722222222
TinyLlama--TinyLlama-1.1B-Chat-v1.0,auroc_by_layer,5,0.9982638888888888
TinyLlama--TinyLlama-1.1B-Chat-v1.0,auroc_by_layer,6,1.0
TinyLlama--TinyLlama-1.1B-Chat-v1.0,auroc_by_layer,7,1.0
TinyLlama--TinyLlama-1.1B-Chat-v1.0,auroc_by_layer,8,0.9900173611111112
TinyLlama--TinyLlama-1.1B-Chat-v1.0,auroc_by_layer,9,0.9813368055555556
TinyLlama--TinyLlama-1.1B-Chat-v1.0,auroc_by_layer,10,0.9835069444444444
TinyLlama--TinyLlama-1.1B-Chat-v1.0,auroc_by_layer,11,0.9813368055555556
TinyLlama--TinyLlama-1.1B-Chat-v1.0,auroc_by_layer,12,0.9817708333333334
TinyLlama--TinyLlama-1.1B-Chat-v1.0,auroc_by_layer,13,0.9839409722222222
TinyLlama--TinyLlama-1.1B-Chat-v1.0,auroc_by_layer,14,0.9800347222222222
TinyLlama--TinyLlama-1.1B-Chat-v1.0,auroc_by_layer,15,0.9791666666666666
TinyLlama--TinyLlama-1.1B-Chat-v1.0,auroc_by_layer,16,0.9826388888888888
TinyLlama--TinyLlama-1.1B-Chat-v1.0,auroc_by_layer,17,0.9817708333333334
TinyLlama--TinyLlama-1.1B-Chat-v1.0,auroc_by_layer,18,0.9852430555555556
TinyLlama--TinyLlama-1.1B-Chat-v1.0,auroc_by_layer,19,0.9887152777777778
TinyLlama--TinyLlama-1.1B-Chat-v1.0,auroc_by_layer,20,0.9878472222222222
TinyLlama--TinyLlama-1.1B-Chat-v1.0,auroc_by_layer,21,0.9913194444444444
TinyLlama--TinyLlama-1.1B-Chat-v1.0,auroc_by_layer,22,0.9926215277777778
TinyLlama--TinyLlama-1.1B-Chat-v1.0,cohen_by_layer,0,
TinyLlama--TinyLlama-1.1B-Chat-v1.0,cohen_by_layer,1,4.283808072698309
TinyLlama--TinyLlama-1.1B-Chat-v1.0,cohen_by_layer,2,5.232380264786943
TinyLlama--TinyLlama-1.1B-Chat-v1.0,cohen_by_layer,3,4.061888809121142
TinyLlama--TinyLlama-1.1B-Chat-v1.0,cohen_by_layer,4,4.633425134379856
TinyLlama--TinyLlama-1.1B-Chat-v1.0,cohen_by_layer,5,4.8693703608994365
TinyLlama--TinyLlama-1.1B-Chat-v1.0,cohen_by_layer,6,5.180988144465765
TinyLlama--TinyLlama-1.1B-Chat-v1.0,cohen_by_layer,7,4.773805625281294
TinyLlama--TinyLlama-1.1B-Chat-v1.0,cohen_by_layer,8,4.276740855796208
TinyLlama--TinyLlama-1.1B-Chat-v1.0,cohen_by_layer,9,2.514022410818515
TinyLlama--TinyLlama-1.1B-Chat-v1.0,cohen_by_layer,10,3.0911289880779522
TinyLlama--TinyLlama-1.1B-Chat-v1.0,cohen_by_layer,11,3.4016282502064117
TinyLlama--TinyLlama-1.1B-Chat-v1.0,cohen_by_layer,12,3.8629884347105117
TinyLlama--TinyLlama-1.1B-Chat-v1.0,cohen_by_layer,13,4.165260828541342
TinyLlama--TinyLlama-1.1B-Chat-v1.0,cohen_by_layer,14,4.335567137137785
TinyLlama--TinyLlama-1.1B-Chat-v1.0,cohen_by_layer,15,4.574632491076379
TinyLlama--TinyLlama-1.1B-Chat-v1.0,cohen_by_layer,16,4.438718092059326
TinyLlama--TinyLlama-1.1B-Chat-v1.0,cohen_by_layer,17,4.542297301772028
TinyLlama--TinyLlama-1.1B-Chat-v1.0,cohen_by_layer,18,4.591828002604909
TinyLlama--TinyLlama-1.1B-Chat-v1.0,cohen_by_layer,19,4.609513421937455
TinyLlama--TinyLlama-1.1B-Chat-v1.0,cohen_by_layer,20,4.7790503937337245
TinyLlama--TinyLlama-1.1B-Chat-v1.0,cohen_by_layer,21,4.820495913626217
TinyLlama--TinyLlama-1.1B-Chat-v1.0,cohen_by_layer,22,4.861318758124258
TinyLlama--TinyLlama-1.1B-Chat-v1.0,x2_wm_curve,0,1.9042351483490216
TinyLlama--TinyLlama-1.1B-Chat-v1.0,x2_wm_curve,1,1.3776114679984823
TinyLlama--TinyLlama-1.1B-Chat-v1.0,x2_wm_curve,2,1.2619761425125953
TinyLlama--TinyLlama-1.1B-Chat-v1.0,x2_wm_curve,3,1.031561732093302
TinyLlama--TinyLlama-1.1B-Chat-v1.0,x2_wm_curve,4,0.9675024537009134
TinyLlama--TinyLlama-1.1B-Chat-v1.0,x2_wm_curve,5,1.0664501496647416
TinyLlama--TinyLlama-1.1B-Chat-v1.0,x2_wm_curve,6,1.21646741701015
TinyLlama--TinyLlama-1.1B-Chat-v1.0,x2_wm_curve,7,1.1233015750394093
TinyLlama--TinyLlama-1.1B-Chat-v1.0,x2_wm_curve,8,1.0702334131608253
TinyLlama--TinyLlama-1.1B-Chat-v1.0,x2_wm_curve,9,1.075206999974356
TinyLlama--TinyLlama-1.1B-Chat-v1.0,x2_wm_curve,10,1.1468748655239218
TinyLlama--TinyLlama-1.1B-Chat-v1.0,x2_wm_curve,11,1.1730517189483314
TinyLlama--TinyLlama-1.1B-Chat-v1.0,x2_wm_curve,12,1.228136597093757
TinyLlama--TinyLlama-1.1B-Chat-v1.0,x2_wm_curve,13,1.1419108375206128
TinyLlama--TinyLlama-1.1B-Chat-v1.0,x2_wm_curve,14,1.219248045749325
TinyLlama--TinyLlama-1.1B-Chat-v1.0,x2_wm_curve,15,1.154243555926581
TinyLlama--TinyLlama-1.1B-Chat-v1.0,x2_wm_curve,16,1.1564299634084214
TinyLlama--TinyLlama-1.1B-Chat-v1.0,x2_wm_curve,17,1.0666043131072211
TinyLlama--TinyLlama-1.1B-Chat-v1.0,x2_wm_curve,18,1.0249520434230683
TinyLlama--TinyLlama-1.1B-Chat-v1.0,x2_wm_curve,19,1.0010365355931856
TinyLlama--TinyLlama-1.1B-Chat-v1.0,x2_wm_curve,20,1.0387805316422491
TinyLlama--TinyLlama-1.1B-Chat-v1.0,x2_wm_curve,21,1.2027206711231533
TinyLlama--TinyLlama-1.1B-Chat-v1.0,x8_drive_gap_curve,0,0.0
TinyLlama--TinyLlama-1.1B-Chat-v1.0,x8_drive_gap_curve,1,0.018961956103642763
TinyLlama--TinyLlama-1.1B-Chat-v1.0,x8_drive_gap_curve,2,0.018256977200508118
TinyLlama--TinyLlama-1.1B-Chat-v1.0,x8_drive_gap_curve,3,0.0603918731212616
TinyLlama--TinyLlama-1.1B-Chat-v1.0,x8_drive_gap_curve,4,0.05097661912441255
TinyLlama--TinyLlama-1.1B-Chat-v1.0,x8_drive_gap_curve,5,0.02732710043589276
TinyLlama--TinyLlama-1.1B-Chat-v1.0,x8_drive_gap_curve,6,-0.08429027597109479
TinyLlama--TinyLlama-1.1B-Chat-v1.0,x8_drive_gap_curve,7,-0.09488083918889363
TinyLlama--TinyLlama-1.1B-Chat-v1.0,x8_drive_gap_curve,8,-0.025341033935546875
TinyLlama--TinyLlama-1.1B-Chat-v1.0,x8_drive_gap_curve,9,0.48543945948282874
TinyLlama--TinyLlama-1.1B-Chat-v1.0,x8_drive_gap_curve,10,0.40203349788983667
TinyLlama--TinyLlama-1.1B-Chat-v1.0,x8_drive_gap_curve,11,0.3483291765054067
TinyLlama--TinyLlama-1.1B-Chat-v1.0,x8_drive_gap_curve,12,0.067798912525177
TinyLlama--TinyLlama-1.1B-Chat-v1.0,x8_drive_gap_curve,13,-0.3849129378795624
TinyLlama--TinyLlama-1.1B-Chat-v1.0,x8_drive_gap_curve,14,-0.3422704537709554
TinyLlama--TinyLlama-1.1B-Chat-v1.0,x8_drive_gap_curve,15,-0.465106060107549
TinyLlama--TinyLlama-1.1B-Chat-v1.0,x8_drive_gap_curve,16,-0.23454416791598004
TinyLlama--TinyLlama-1.1B-Chat-v1.0,x8_drive_gap_curve,17,0.2653309305508933
TinyLlama--TinyLlama-1.1B-Chat-v1.0,x8_drive_gap_curve,18,1.104425529638926
TinyLlama--TinyLlama-1.1B-Chat-v1.0,x8_drive_gap_curve,19,0.8034174144268036
TinyLlama--TinyLlama-1.1B-Chat-v1.0,x8_drive_gap_curve,20,1.206719885269801
TinyLlama--TinyLlama-1.1B-Chat-v1.0,x8_drive_gap_curve,21,0.4116427103678385
TinyLlama--TinyLlama-1.1B-Chat-v1.0,x8_drive_gap_curve,22,1.163808450102806
TinyLlama--TinyLlama-1.1B-Chat-v1.0,x10_scar_curve,0,0.07721582880395204
TinyLlama--TinyLlama-1.1B-Chat-v1.0,x10_scar_curve,1,0.06450660198567014
TinyLlama--TinyLlama-1.1B-Chat-v1.0,x10_scar_curve,2,0.15860307503684332
TinyLlama--TinyLlama-1.1B-Chat-v1.0,x10_scar_curve,3,0.24379301742450862
TinyLlama--TinyLlama-1.1B-Chat-v1.0,x10_scar_curve,4,0.39362684354587363
TinyLlama--TinyLlama-1.1B-Chat-v1.0,x10_scar_curve,5,0.22557642931743072
TinyLlama--TinyLlama-1.1B-Chat-v1.0,x10_scar_curve,6,0.27932813215485597
TinyLlama--TinyLlama-1.1B-Chat-v1.0,x10_scar_curve,7,0.17625168227651383
TinyLlama--TinyLlama-1.1B-Chat-v1.0,x10_scar_curve,8,0.30569729290091924
TinyLlama--TinyLlama-1.1B-Chat-v1.0,x10_scar_curve,9,0.19953448973158508
TinyLlama--TinyLlama-1.1B-Chat-v1.0,x10_scar_curve,10,0.2951047846875926
TinyLlama--TinyLlama-1.1B-Chat-v1.0,x10_scar_curve,11,0.4153287203275574
TinyLlama--TinyLlama-1.1B-Chat-v1.0,x10_scar_curve,12,0.2713032869539504
TinyLlama--TinyLlama-1.1B-Chat-v1.0,x10_scar_curve,13,0.25036812197717107
TinyLlama--TinyLlama-1.1B-Chat-v1.0,x10_scar_curve,14,0.27321517183440225
TinyLlama--TinyLlama-1.1B-Chat-v1.0,x10_scar_curve,15,0.4591539988046706
TinyLlama--TinyLlama-1.1B-Chat-v1.0,x10_scar_curve,16,0.3211336065916968
TinyLlama--TinyLlama-1.1B-Chat-v1.0,x10_scar_curve,17,0.35872286849247587
TinyLlama--TinyLlama-1.1B-Chat-v1.0,x10_scar_curve,18,0.43743624770459255
TinyLlama--TinyLlama-1.1B-Chat-v1.0,x10_scar_curve,19,0.3849862944167852
TinyLlama--TinyLlama-1.1B-Chat-v1.0,x10_scar_curve,20,0.33173172725435585
TinyLlama--TinyLlama-1.1B-Chat-v1.0,x10_scar_curve,21,0.09729670609245865
TinyLlama--TinyLlama-1.1B-Chat-v1.0,x10_z_curve,0,-1.6868230508683812
TinyLlama--TinyLlama-1.1B-Chat-v1.0,x10_z_curve,1,-1.7945225715965778
TinyLlama--TinyLlama-1.1B-Chat-v1.0,x10_z_curve,2,-0.9971377113903463
TinyLlama--TinyLlama-1.1B-Chat-v1.0,x10_z_curve,3,-0.27522786611035377
TinyLlama--TinyLlama-1.1B-Chat-v1.0,x10_z_curve,4,0.9944820456625811
TinyLlama--TinyLlama-1.1B-Chat-v1.0,x10_z_curve,5,-0.4295974305604181
TinyLlama--TinyLlama-1.1B-Chat-v1.0,x10_z_curve,6,0.02590098147419595
TinyLlama--TinyLlama-1.1B-Chat-v1.0,x10_z_curve,7,-0.8475812853063838
TinyLlama--TinyLlama-1.1B-Chat-v1.0,x10_z_curve,8,0.24935642962707605
TinyLlama--TinyLlama-1.1B-Chat-v1.0,x10_z_curve,9,-0.6502799671403559
TinyLlama--TinyLlama-1.1B-Chat-v1.0,x10_z_curve,10,0.1595942376230952
TinyLlama--TinyLlama-1.1B-Chat-v1.0,x10_z_curve,11,1.1783863666498813
TinyLlama--TinyLlama-1.1B-Chat-v1.0,x10_z_curve,12,-0.0421025245150326
TinyLlama--TinyLlama-1.1B-Chat-v1.0,x10_z_curve,13,-0.21950963720590994
TinyLlama--TinyLlama-1.1B-Chat-v1.0,x10_z_curve,14,-0.02590098147419595
TinyLlama--TinyLlama-1.1B-Chat-v1.0,x10_z_curve,15,1.5497670615773878
TinyLlama--TinyLlama-1.1B-Chat-v1.0,x10_z_curve,16,0.3801656133860284
TinyLlama--TinyLlama-1.1B-Chat-v1.0,x10_z_curve,17,0.6987015518128346
TinyLlama--TinyLlama-1.1B-Chat-v1.0,x10_z_curve,18,1.36572821970165
TinyLlama--TinyLlama-1.1B-Chat-v1.0,x10_z_curve,19,0.921260990335074
TinyLlama--TinyLlama-1.1B-Chat-v1.0,x10_z_curve,20,0.4699753659624857
TinyLlama--TinyLlama-1.1B-Chat-v1.0,x10_z_curve,21,-1.516655275070809
TinyLlama--TinyLlama-1.1B-Chat-v1.0,x10_sigma_min_curve,0,0.5279681086540222
TinyLlama--TinyLlama-1.1B-Chat-v1.0,x10_sigma_min_curve,1,0.594218909740448
TinyLlama--TinyLlama-1.1B-Chat-v1.0,x10_sigma_min_curve,2,0.4884149432182312
TinyLlama--TinyLlama-1.1B-Chat-v1.0,x10_sigma_min_curve,3,0.39974385499954224
TinyLlama--TinyLlama-1.1B-Chat-v1.0,x10_sigma_min_curve,4,0.28185778856277466
TinyLlama--TinyLlama-1.1B-Chat-v1.0,x10_sigma_min_curve,5,0.41917893290519714
TinyLlama--TinyLlama-1.1B-Chat-v1.0,x10_sigma_min_curve,6,0.3643547296524048
TinyLlama--TinyLlama-1.1B-Chat-v1.0,x10_sigma_min_curve,7,0.459514856338501
TinyLlama--TinyLlama-1.1B-Chat-v1.0,x10_sigma_min_curve,8,0.3462420105934143
TinyLlama--TinyLlama-1.1B-Chat-v1.0,x10_sigma_min_curve,9,0.43981844186782837
TinyLlama--TinyLlama-1.1B-Chat-v1.0,x10_sigma_min_curve,10,0.3584047853946686
TinyLlama--TinyLlama-1.1B-Chat-v1.0,x10_sigma_min_curve,11,0.26987528800964355
TinyLlama--TinyLlama-1.1B-Chat-v1.0,x10_sigma_min_curve,12,0.37725821137428284
TinyLlama--TinyLlama-1.1B-Chat-v1.0,x10_sigma_min_curve,13,0.3959892690181732
TinyLlama--TinyLlama-1.1B-Chat-v1.0,x10_sigma_min_curve,14,0.38574734330177307
TinyLlama--TinyLlama-1.1B-Chat-v1.0,x10_sigma_min_curve,15,0.2534753680229187
TinyLlama--TinyLlama-1.1B-Chat-v1.0,x10_sigma_min_curve,16,0.3472157120704651
TinyLlama--TinyLlama-1.1B-Chat-v1.0,x10_sigma_min_curve,17,0.32877498865127563
TinyLlama--TinyLlama-1.1B-Chat-v1.0,x10_sigma_min_curve,18,0.2790071964263916
TinyLlama--TinyLlama-1.1B-Chat-v1.0,x10_sigma_min_curve,19,0.32327669858932495
TinyLlama--TinyLlama-1.1B-Chat-v1.0,x10_sigma_min_curve,20,0.3714137673377991
TinyLlama--TinyLlama-1.1B-Chat-v1.0,x10_sigma_min_curve,21,0.6206026077270508
TinyLlama--TinyLlama-1.1B-Chat-v1.0,x10_sigma_mp_curve,0,0.6307009992081887
TinyLlama--TinyLlama-1.1B-Chat-v1.0,x10_sigma_mp_curve,1,0.6893710957433602
TinyLlama--TinyLlama-1.1B-Chat-v1.0,x10_sigma_mp_curve,2,0.7037072378371485
TinyLlama--TinyLlama-1.1B-Chat-v1.0,x10_sigma_mp_curve,3,0.7007688904704793
TinyLlama--TinyLlama-1.1B-Chat-v1.0,x10_sigma_mp_curve,4,0.697680980306527
TinyLlama--TinyLlama-1.1B-Chat-v1.0,x10_sigma_mp_curve,5,0.7046539278071083
TinyLlama--TinyLlama-1.1B-Chat-v1.0,x10_sigma_mp_curve,6,0.6931904064646733
TinyLlama--TinyLlama-1.1B-Chat-v1.0,x10_sigma_mp_curve,7,0.6895269405294876
TinyLlama--TinyLlama-1.1B-Chat-v1.0,x10_sigma_mp_curve,8,0.6999661752042994
TinyLlama--TinyLlama-1.1B-Chat-v1.0,x10_sigma_mp_curve,9,0.69631848651136
TinyLlama--TinyLlama-1.1B-Chat-v1.0,x10_sigma_mp_curve,10,0.7070963319989525
TinyLlama--TinyLlama-1.1B-Chat-v1.0,x10_sigma_mp_curve,11,0.702250147588409
TinyLlama--TinyLlama-1.1B-Chat-v1.0,x10_sigma_mp_curve,12,0.7045989445974158
TinyLlama--TinyLlama-1.1B-Chat-v1.0,x10_sigma_mp_curve,13,0.7047767019890434
TinyLlama--TinyLlama-1.1B-Chat-v1.0,x10_sigma_mp_curve,14,0.7236325862113966
TinyLlama--TinyLlama-1.1B-Chat-v1.0,x10_sigma_mp_curve,15,0.7296082919685072
TinyLlama--TinyLlama-1.1B-Chat-v1.0,x10_sigma_mp_curve,16,0.7273324700575496
TinyLlama--TinyLlama-1.1B-Chat-v1.0,x10_sigma_mp_curve,17,0.7509683606253408
TinyLlama--TinyLlama-1.1B-Chat-v1.0,x10_sigma_mp_curve,18,0.7639266358883446
TinyLlama--TinyLlama-1.1B-Chat-v1.0,x10_sigma_mp_curve,19,0.7844417442855233
TinyLlama--TinyLlama-1.1B-Chat-v1.0,x10_sigma_mp_curve,20,0.7972411833816707
TinyLlama--TinyLlama-1.1B-Chat-v1.0,x10_sigma_mp_curve,21,0.7764442930988334
allenai--OLMo-2-0425-1B,x1_g_curve,0,0.5062871415391076
allenai--OLMo-2-0425-1B,x1_g_curve,1,0.5396650803487668
allenai--OLMo-2-0425-1B,x1_g_curve,2,0.5614141818039803
allenai--OLMo-2-0425-1B,x1_g_curve,3,0.5672298750725362
allenai--OLMo-2-0425-1B,x1_g_curve,4,0.5747914990784765
allenai--OLMo-2-0425-1B,x1_g_curve,5,0.5803569326369735
allenai--OLMo-2-0425-1B,x1_g_curve,6,0.5830830251780996
allenai--OLMo-2-0425-1B,x1_g_curve,7,0.614173332981992
allenai--OLMo-2-0425-1B,x1_g_curve,8,0.6313477357720807
allenai--OLMo-2-0425-1B,x1_g_curve,9,0.6364348024466011
allenai--OLMo-2-0425-1B,x1_g_curve,10,0.683452715225487
allenai--OLMo-2-0425-1B,x1_g_curve,11,0.7271499268324444
allenai--OLMo-2-0425-1B,x1_g_curve,12,0.7283480232251467
allenai--OLMo-2-0425-1B,x1_g_curve,13,0.7333091414992928
allenai--OLMo-2-0425-1B,x1_g_curve,14,0.725119804217533
allenai--OLMo-2-0425-1B,x1_g_curve,15,0.7402275904695355
allenai--OLMo-2-0425-1B,x1_g_curve,16,0.6690327142201353
allenai--OLMo-2-0425-1B,auroc_by_layer,0,0.9822048611111112
allenai--OLMo-2-0425-1B,auroc_by_layer,1,0.9752604166666666
allenai--OLMo-2-0425-1B,auroc_by_layer,2,0.9839409722222222
allenai--OLMo-2-0425-1B,auroc_by_layer,3,0.9904513888888888
allenai--OLMo-2-0425-1B,auroc_by_layer,4,0.9921875
allenai--OLMo-2-0425-1B,auroc_by_layer,5,0.9943576388888888
allenai--OLMo-2-0425-1B,auroc_by_layer,6,0.9982638888888888
allenai--OLMo-2-0425-1B,auroc_by_layer,7,0.9991319444444444
allenai--OLMo-2-0425-1B,auroc_by_layer,8,1.0
allenai--OLMo-2-0425-1B,auroc_by_layer,9,1.0
allenai--OLMo-2-0425-1B,auroc_by_layer,10,1.0
allenai--OLMo-2-0425-1B,auroc_by_layer,11,1.0
allenai--OLMo-2-0425-1B,auroc_by_layer,12,1.0
allenai--OLMo-2-0425-1B,auroc_by_layer,13,1.0
allenai--OLMo-2-0425-1B,auroc_by_layer,14,1.0
allenai--OLMo-2-0425-1B,auroc_by_layer,15,1.0
allenai--OLMo-2-0425-1B,auroc_by_layer,16,1.0
allenai--OLMo-2-0425-1B,cohen_by_layer,0,4.013358726678278
allenai--OLMo-2-0425-1B,cohen_by_layer,1,3.9428980038669827
allenai--OLMo-2-0425-1B,cohen_by_layer,2,4.219929695143753
allenai--OLMo-2-0425-1B,cohen_by_layer,3,4.101718742696427
allenai--OLMo-2-0425-1B,cohen_by_layer,4,4.047777296004673
allenai--OLMo-2-0425-1B,cohen_by_layer,5,3.8403450266119594
allenai--OLMo-2-0425-1B,cohen_by_layer,6,3.9741670155234137
allenai--OLMo-2-0425-1B,cohen_by_layer,7,3.912009935678364
allenai--OLMo-2-0425-1B,cohen_by_layer,8,4.455535651327588
allenai--OLMo-2-0425-1B,cohen_by_layer,9,4.39039366006572
allenai--OLMo-2-0425-1B,cohen_by_layer,10,4.078529956793203
allenai--OLMo-2-0425-1B,cohen_by_layer,11,3.8771804616455015
allenai--OLMo-2-0425-1B,cohen_by_layer,12,4.137376835776779
allenai--OLMo-2-0425-1B,cohen_by_layer,13,4.933310207756759
allenai--OLMo-2-0425-1B,cohen_by_layer,14,5.286770277954775
allenai--OLMo-2-0425-1B,cohen_by_layer,15,5.318813210325635
allenai--OLMo-2-0425-1B,cohen_by_layer,16,5.313131920077185
allenai--OLMo-2-0425-1B,x2_wm_curve,0,1.0214571453176178
allenai--OLMo-2-0425-1B,x2_wm_curve,1,0.9624082227523131
allenai--OLMo-2-0425-1B,x2_wm_curve,2,0.9376236079795045
allenai--OLMo-2-0425-1B,x2_wm_curve,3,0.9802257171711726
allenai--OLMo-2-0425-1B,x2_wm_curve,4,0.9207347814575437
allenai--OLMo-2-0425-1B,x2_wm_curve,5,0.9250083284993238
allenai--OLMo-2-0425-1B,x2_wm_curve,6,0.962107055063518
allenai--OLMo-2-0425-1B,x2_wm_curve,7,0.9659045644840097
allenai--OLMo-2-0425-1B,x2_wm_curve,8,1.0006086974214505
allenai--OLMo-2-0425-1B,x2_wm_curve,9,0.9638683746690595
allenai--OLMo-2-0425-1B,x2_wm_curve,10,0.9833460757937552
allenai--OLMo-2-0425-1B,x2_wm_curve,11,0.9753631583271662
allenai--OLMo-2-0425-1B,x2_wm_curve,12,1.0014795006547794
allenai--OLMo-2-0425-1B,x2_wm_curve,13,0.8705223646861516
allenai--OLMo-2-0425-1B,x2_wm_curve,14,0.8775392527964945
allenai--OLMo-2-0425-1B,x2_wm_curve,15,0.9571458146673547
allenai--OLMo-2-0425-1B,x8_drive_gap_curve,0,0.5091224933664004
allenai--OLMo-2-0425-1B,x8_drive_gap_curve,1,-0.32773787776629126
allenai--OLMo-2-0425-1B,x8_drive_gap_curve,2,0.01850685104727745
allenai--OLMo-2-0425-1B,x8_drive_gap_curve,3,0.5057924042145411
allenai--OLMo-2-0425-1B,x8_drive_gap_curve,4,0.3150971879561742
allenai--OLMo-2-0425-1B,x8_drive_gap_curve,5,0.8083236962556839
allenai--OLMo-2-0425-1B,x8_drive_gap_curve,6,0.4939958204825719
allenai--OLMo-2-0425-1B,x8_drive_gap_curve,7,-0.21693565199772524
allenai--OLMo-2-0425-1B,x8_drive_gap_curve,8,-0.4820112114151319
allenai--OLMo-2-0425-1B,x8_drive_gap_curve,9,-0.7509468073646228
allenai--OLMo-2-0425-1B,x8_drive_gap_curve,10,-0.6295152703921001
allenai--OLMo-2-0425-1B,x8_drive_gap_curve,11,-0.5157705992460251
allenai--OLMo-2-0425-1B,x8_drive_gap_curve,12,-0.6621155043443043
allenai--OLMo-2-0425-1B,x8_drive_gap_curve,13,-1.0155577063560486
allenai--OLMo-2-0425-1B,x8_drive_gap_curve,14,-0.6587626139322916
allenai--OLMo-2-0425-1B,x8_drive_gap_curve,15,-0.7457395947227876
allenai--OLMo-2-0425-1B,x8_drive_gap_curve,16,-0.323997845252355
allenai--OLMo-2-0425-1B,x10_scar_curve,0,0.20341082496332719
allenai--OLMo-2-0425-1B,x10_scar_curve,1,0.20171516470273096
allenai--OLMo-2-0425-1B,x10_scar_curve,2,0.23267663997506643
allenai--OLMo-2-0425-1B,x10_scar_curve,3,0.22487380540323795
allenai--OLMo-2-0425-1B,x10_scar_curve,4,0.366944355859444
allenai--OLMo-2-0425-1B,x10_scar_curve,5,0.2853666589386125
allenai--OLMo-2-0425-1B,x10_scar_curve,6,0.25756721660297016
allenai--OLMo-2-0425-1B,x10_scar_curve,7,0.3666768940926706
allenai--OLMo-2-0425-1B,x10_scar_curve,8,0.353470366165722
allenai--OLMo-2-0425-1B,x10_scar_curve,9,0.34292718952077156
allenai--OLMo-2-0425-1B,x10_scar_curve,10,0.23489672140048973
allenai--OLMo-2-0425-1B,x10_scar_curve,11,0.2538869102080743
allenai--OLMo-2-0425-1B,x10_scar_curve,12,0.5182495923815676
allenai--OLMo-2-0425-1B,x10_scar_curve,13,0.5759484567940253
allenai--OLMo-2-0425-1B,x10_scar_curve,14,0.5727069913111321
allenai--OLMo-2-0425-1B,x10_scar_curve,15,0.1937738777488562
allenai--OLMo-2-0425-1B,x10_z_curve,0,-0.6501318747278093
allenai--OLMo-2-0425-1B,x10_z_curve,1,-0.6663303136136982
allenai--OLMo-2-0425-1B,x10_z_curve,2,-0.37055905761956376
allenai--OLMo-2-0425-1B,x10_z_curve,3,-0.4450985994638849
allenai--OLMo-2-0425-1B,x10_z_curve,4,0.9120843118347877
allenai--OLMo-2-0425-1B,x10_z_curve,5,0.1327823674942288
allenai--OLMo-2-0425-1B,x10_z_curve,6,-0.1327823674942288
allenai--OLMo-2-0425-1B,x10_z_curve,7,0.9095292816886738
allenai--OLMo-2-0425-1B,x10_z_curve,8,0.7833689059986508
allenai--OLMo-2-0425-1B,x10_z_curve,9,0.6826512053394922
allenai--OLMo-2-0425-1B,x10_z_curve,10,-0.349350886308896
allenai--OLMo-2-0425-1B,x10_z_curve,11,-0.1679398926214055
allenai--OLMo-2-0425-1B,x10_z_curve,12,2.357485070390515
allenai--OLMo-2-0425-1B,x10_z_curve,13,2.9086753947080477
allenai--OLMo-2-0425-1B,x10_z_curve,14,2.877710064125316
allenai--OLMo-2-0425-1B,x10_z_curve,15,-0.7421924744409008
allenai--OLMo-2-0425-1B,x10_sigma_min_curve,0,1.3318829536437988
allenai--OLMo-2-0425-1B,x10_sigma_min_curve,1,1.317252516746521
allenai--OLMo-2-0425-1B,x10_sigma_min_curve,2,1.2293282747268677
allenai--OLMo-2-0425-1B,x10_sigma_min_curve,3,1.2459290027618408
allenai--OLMo-2-0425-1B,x10_sigma_min_curve,4,0.8877801895141602
allenai--OLMo-2-0425-1B,x10_sigma_min_curve,5,1.0647891759872437
allenai--OLMo-2-0425-1B,x10_sigma_min_curve,6,1.1404653787612915
allenai--OLMo-2-0425-1B,x10_sigma_min_curve,7,0.8828636407852173
allenai--OLMo-2-0425-1B,x10_sigma_min_curve,8,0.9111674427986145
allenai--OLMo-2-0425-1B,x10_sigma_min_curve,9,0.9346521496772766
allenai--OLMo-2-0425-1B,x10_sigma_min_curve,10,1.1952757835388184
allenai--OLMo-2-0425-1B,x10_sigma_min_curve,11,1.1574556827545166
allenai--OLMo-2-0425-1B,x10_sigma_min_curve,12,0.6324865818023682
allenai--OLMo-2-0425-1B,x10_sigma_min_curve,13,0.5556303858757019
allenai--OLMo-2-0425-1B,x10_sigma_min_curve,14,0.5622962713241577
allenai--OLMo-2-0425-1B,x10_sigma_min_curve,15,1.2918384075164795
allenai--OLMo-2-0425-1B,x10_sigma_mp_curve,0,2.127535843286202
allenai--OLMo-2-0425-1B,x10_sigma_mp_curve,1,2.095965847066129
allenai--OLMo-2-0425-1B,x10_sigma_mp_curve,2,2.100605559428581
allenai--OLMo-2-0425-1B,x10_sigma_mp_curve,3,2.0910629197529373
allenai--OLMo-2-0425-1B,x10_sigma_mp_curve,4,2.066568501122014
allenai--OLMo-2-0425-1B,x10_sigma_mp_curve,5,2.054141168361093
allenai--OLMo-2-0425-1B,x10_sigma_mp_curve,6,2.0637131071452526
allenai--OLMo-2-0425-1B,x10_sigma_mp_curve,7,2.0538585279745623
allenai--OLMo-2-0425-1B,x10_sigma_mp_curve,8,2.0562151733860112
allenai--OLMo-2-0425-1B,x10_sigma_mp_curve,9,2.058624792110245
allenai--OLMo-2-0425-1B,x10_sigma_mp_curve,10,2.0528860432161586
allenai--OLMo-2-0425-1B,x10_sigma_mp_curve,11,2.0767837728452614
allenai--OLMo-2-0425-1B,x10_sigma_mp_curve,12,2.0859356607049824
allenai--OLMo-2-0425-1B,x10_sigma_mp_curve,13,2.0928323743381356
allenai--OLMo-2-0425-1B,x10_sigma_mp_curve,14,2.1021911090132575
allenai--OLMo-2-0425-1B,x10_sigma_mp_curve,15,2.0182830369639007
allenai--OLMo-2-0425-1B-Instruct,x1_g_curve,0,0.0
allenai--OLMo-2-0425-1B-Instruct,x1_g_curve,1,0.11913199696210255
allenai--OLMo-2-0425-1B-Instruct,x1_g_curve,2,0.16008025873889703
allenai--OLMo-2-0425-1B-Instruct,x1_g_curve,3,0.4395541581566647
allenai--OLMo-2-0425-1B-Instruct,x1_g_curve,4,0.48820284175539014
allenai--OLMo-2-0425-1B-Instruct,x1_g_curve,5,0.44775530122683876
allenai--OLMo-2-0425-1B-Instruct,x1_g_curve,6,0.4755847262897668
allenai--OLMo-2-0425-1B-Instruct,x1_g_curve,7,0.4960129103819623
allenai--OLMo-2-0425-1B-Instruct,x1_g_curve,8,0.6680135177916704
allenai--OLMo-2-0425-1B-Instruct,x1_g_curve,9,0.6361249466907525
allenai--OLMo-2-0425-1B-Instruct,x1_g_curve,10,0.6823843881646051
allenai--OLMo-2-0425-1B-Instruct,x1_g_curve,11,0.6981793487285736
allenai--OLMo-2-0425-1B-Instruct,x1_g_curve,12,0.7052753645583822
allenai--OLMo-2-0425-1B-Instruct,x1_g_curve,13,0.7265825765154442
allenai--OLMo-2-0425-1B-Instruct,x1_g_curve,14,0.7306884843773734
allenai--OLMo-2-0425-1B-Instruct,x1_g_curve,15,0.6687734982879895
allenai--OLMo-2-0425-1B-Instruct,x1_g_curve,16,0.672450081209234
allenai--OLMo-2-0425-1B-Instruct,auroc_by_layer,0,0.5
allenai--OLMo-2-0425-1B-Instruct,auroc_by_layer,1,0.8094618055555556
allenai--OLMo-2-0425-1B-Instruct,auroc_by_layer,2,0.8298611111111112
allenai--OLMo-2-0425-1B-Instruct,auroc_by_layer,3,0.9947916666666666
allenai--OLMo-2-0425-1B-Instruct,auroc_by_layer,4,0.9900173611111112
allenai--OLMo-2-0425-1B-Instruct,auroc_by_layer,5,0.9965277777777778
allenai--OLMo-2-0425-1B-Instruct,auroc_by_layer,6,1.0
allenai--OLMo-2-0425-1B-Instruct,auroc_by_layer,7,1.0
allenai--OLMo-2-0425-1B-Instruct,auroc_by_layer,8,0.9995659722222222
allenai--OLMo-2-0425-1B-Instruct,auroc_by_layer,9,1.0
allenai--OLMo-2-0425-1B-Instruct,auroc_by_layer,10,1.0
allenai--OLMo-2-0425-1B-Instruct,auroc_by_layer,11,1.0
allenai--OLMo-2-0425-1B-Instruct,auroc_by_layer,12,1.0
allenai--OLMo-2-0425-1B-Instruct,auroc_by_layer,13,1.0
allenai--OLMo-2-0425-1B-Instruct,auroc_by_layer,14,1.0
allenai--OLMo-2-0425-1B-Instruct,auroc_by_layer,15,1.0
allenai--OLMo-2-0425-1B-Instruct,auroc_by_layer,16,1.0
allenai--OLMo-2-0425-1B-Instruct,cohen_by_layer,0,
allenai--OLMo-2-0425-1B-Instruct,cohen_by_layer,1,2.3981758151889006
allenai--OLMo-2-0425-1B-Instruct,cohen_by_layer,2,3.952563542658553
allenai--OLMo-2-0425-1B-Instruct,cohen_by_layer,3,2.671853977203144
allenai--OLMo-2-0425-1B-Instruct,cohen_by_layer,4,3.7621573617251967
allenai--OLMo-2-0425-1B-Instruct,cohen_by_layer,5,4.295324109400126
allenai--OLMo-2-0425-1B-Instruct,cohen_by_layer,6,5.681153335797312
allenai--OLMo-2-0425-1B-Instruct,cohen_by_layer,7,5.888631857196554
allenai--OLMo-2-0425-1B-Instruct,cohen_by_layer,8,7.552496393294656
allenai--OLMo-2-0425-1B-Instruct,cohen_by_layer,9,8.83760140309598
allenai--OLMo-2-0425-1B-Instruct,cohen_by_layer,10,9.409969824362541
allenai--OLMo-2-0425-1B-Instruct,cohen_by_layer,11,10.513500472423388
allenai--OLMo-2-0425-1B-Instruct,cohen_by_layer,12,11.270892690184173
allenai--OLMo-2-0425-1B-Instruct,cohen_by_layer,13,11.203835223866909
allenai--OLMo-2-0425-1B-Instruct,cohen_by_layer,14,10.700950859676162
allenai--OLMo-2-0425-1B-Instruct,cohen_by_layer,15,10.31993032971133
allenai--OLMo-2-0425-1B-Instruct,cohen_by_layer,16,9.967937330889962
allenai--OLMo-2-0425-1B-Instruct,x2_wm_curve,0,0.9968635905075137
allenai--OLMo-2-0425-1B-Instruct,x2_wm_curve,1,1.0316860805854409
allenai--OLMo-2-0425-1B-Instruct,x2_wm_curve,2,0.9736892093043557
allenai--OLMo-2-0425-1B-Instruct,x2_wm_curve,3,0.9810339310269252
allenai--OLMo-2-0425-1B-Instruct,x2_wm_curve,4,1.0348784888553502
allenai--OLMo-2-0425-1B-Instruct,x2_wm_curve,5,1.091274733740209
allenai--OLMo-2-0425-1B-Instruct,x2_wm_curve,6,1.1511930048143733
allenai--OLMo-2-0425-1B-Instruct,x2_wm_curve,7,1.1328820817474288
allenai--OLMo-2-0425-1B-Instruct,x2_wm_curve,8,1.24510406181948
allenai--OLMo-2-0425-1B-Instruct,x2_wm_curve,9,1.3412314043522109
allenai--OLMo-2-0425-1B-Instruct,x2_wm_curve,10,1.3751667613579583
allenai--OLMo-2-0425-1B-Instruct,x2_wm_curve,11,1.3942379159088776
allenai--OLMo-2-0425-1B-Instruct,x2_wm_curve,12,1.1320059535013267
allenai--OLMo-2-0425-1B-Instruct,x2_wm_curve,13,1.066849798383332
allenai--OLMo-2-0425-1B-Instruct,x2_wm_curve,14,0.9276287716115404
allenai--OLMo-2-0425-1B-Instruct,x2_wm_curve,15,0.9826249184666175
allenai--OLMo-2-0425-1B-Instruct,x8_drive_gap_curve,0,0.0
allenai--OLMo-2-0425-1B-Instruct,x8_drive_gap_curve,1,0.015356898307800293
allenai--OLMo-2-0425-1B-Instruct,x8_drive_gap_curve,2,-0.28501977026462555
allenai--OLMo-2-0425-1B-Instruct,x8_drive_gap_curve,3,0.24757197499275208
allenai--OLMo-2-0425-1B-Instruct,x8_drive_gap_curve,4,0.4124973962704339
allenai--OLMo-2-0425-1B-Instruct,x8_drive_gap_curve,5,-0.07203936825195945
allenai--OLMo-2-0425-1B-Instruct,x8_drive_gap_curve,6,0.20812384287516278
allenai--OLMo-2-0425-1B-Instruct,x8_drive_gap_curve,7,0.14240383356809616
allenai--OLMo-2-0425-1B-Instruct,x8_drive_gap_curve,8,0.7368847678105036
allenai--OLMo-2-0425-1B-Instruct,x8_drive_gap_curve,9,0.6403468549251556
allenai--OLMo-2-0425-1B-Instruct,x8_drive_gap_curve,10,0.8820279737313589
allenai--OLMo-2-0425-1B-Instruct,x8_drive_gap_curve,11,0.8302635749181113
allenai--OLMo-2-0425-1B-Instruct,x8_drive_gap_curve,12,2.297238399585088
allenai--OLMo-2-0425-1B-Instruct,x8_drive_gap_curve,13,3.545324166615804
allenai--OLMo-2-0425-1B-Instruct,x8_drive_gap_curve,14,7.899286309878032
allenai--OLMo-2-0425-1B-Instruct,x8_drive_gap_curve,15,4.781313121318817
allenai--OLMo-2-0425-1B-Instruct,x8_drive_gap_curve,16,3.5366207857926693
allenai--OLMo-2-0425-1B-Instruct,x10_scar_curve,0,0.19137951283433563
allenai--OLMo-2-0425-1B-Instruct,x10_scar_curve,1,0.14172753416346714
allenai--OLMo-2-0425-1B-Instruct,x10_scar_curve,2,0.12765293935006297
allenai--OLMo-2-0425-1B-Instruct,x10_scar_curve,3,0.1548141693893052
allenai--OLMo-2-0425-1B-Instruct,x10_scar_curve,4,0.12078498157765767
allenai--OLMo-2-0425-1B-Instruct,x10_scar_curve,5,0.1673874778898116
allenai--OLMo-2-0425-1B-Instruct,x10_scar_curve,6,0.21870697108381953
allenai--OLMo-2-0425-1B-Instruct,x10_scar_curve,7,0.18292620276620272
allenai--OLMo-2-0425-1B-Instruct,x10_scar_curve,8,0.16697508281081355
allenai--OLMo-2-0425-1B-Instruct,x10_scar_curve,9,0.13957101920099013
allenai--OLMo-2-0425-1B-Instruct,x10_scar_curve,10,0.15690748002743612
allenai--OLMo-2-0425-1B-Instruct,x10_scar_curve,11,0.1696397611298971
allenai--OLMo-2-0425-1B-Instruct,x10_scar_curve,12,0.447142948043764
allenai--OLMo-2-0425-1B-Instruct,x10_scar_curve,13,0.48119309995660603
allenai--OLMo-2-0425-1B-Instruct,x10_scar_curve,14,0.38418539594671597
allenai--OLMo-2-0425-1B-Instruct,x10_scar_curve,15,0.1235562839216098
allenai--OLMo-2-0425-1B-Instruct,x10_z_curve,0,0.6151621419295025
allenai--OLMo-2-0425-1B-Instruct,x10_z_curve,1,-0.6470795350349696
allenai--OLMo-2-0425-1B-Instruct,x10_z_curve,2,-1.0048807875818302
allenai--OLMo-2-0425-1B-Instruct,x10_z_curve,3,-0.31439397374482525
allenai--OLMo-2-0425-1B-Instruct,x10_z_curve,4,-1.179476498931563
allenai--OLMo-2-0425-1B-Instruct,x10_z_curve,5,0.005241908479991671
allenai--OLMo-2-0425-1B-Instruct,x10_z_curve,6,1.3098747727524749
allenai--OLMo-2-0425-1B-Instruct,x10_z_curve,7,0.4002639533390637
allenai--OLMo-2-0425-1B-Instruct,x10_z_curve,8,-0.005241908479991671
allenai--OLMo-2-0425-1B-Instruct,x10_z_curve,9,-0.7019019839182208
allenai--OLMo-2-0425-1B-Instruct,x10_z_curve,10,-0.2611782912884038
allenai--OLMo-2-0425-1B-Instruct,x10_z_curve,11,0.06249895744494021
allenai--OLMo-2-0425-1B-Instruct,x10_z_curve,12,7.117123916805455
allenai--OLMo-2-0425-1B-Instruct,x10_z_curve,13,7.982739386760077
allenai--OLMo-2-0425-1B-Instruct,x10_z_curve,14,5.5166308797942065
allenai--OLMo-2-0425-1B-Instruct,x10_z_curve,15,-1.1090250605066514
allenai--OLMo-2-0425-1B-Instruct,x10_sigma_min_curve,0,0.701931893825531
allenai--OLMo-2-0425-1B-Instruct,x10_sigma_min_curve,1,0.7773198485374451
allenai--OLMo-2-0425-1B-Instruct,x10_sigma_min_curve,2,0.8051411509513855
allenai--OLMo-2-0425-1B-Instruct,x10_sigma_min_curve,3,0.7560902237892151
allenai--OLMo-2-0425-1B-Instruct,x10_sigma_min_curve,4,0.8108574748039246
allenai--OLMo-2-0425-1B-Instruct,x10_sigma_min_curve,5,0.7182517051696777
allenai--OLMo-2-0425-1B-Instruct,x10_sigma_min_curve,6,0.6370583772659302
allenai--OLMo-2-0425-1B-Instruct,x10_sigma_min_curve,7,0.6959226727485657
allenai--OLMo-2-0425-1B-Instruct,x10_sigma_min_curve,8,0.7193113565444946
allenai--OLMo-2-0425-1B-Instruct,x10_sigma_min_curve,9,0.7645453810691833
allenai--OLMo-2-0425-1B-Instruct,x10_sigma_min_curve,10,0.7409032583236694
allenai--OLMo-2-0425-1B-Instruct,x10_sigma_min_curve,11,0.7219027876853943
allenai--OLMo-2-0425-1B-Instruct,x10_sigma_min_curve,12,0.3838892877101898
allenai--OLMo-2-0425-1B-Instruct,x10_sigma_min_curve,13,0.35693758726119995
allenai--OLMo-2-0425-1B-Instruct,x10_sigma_min_curve,14,0.44553428888320923
allenai--OLMo-2-0425-1B-Instruct,x10_sigma_min_curve,15,0.7816814184188843
allenai--OLMo-2-0425-1B-Instruct,x10_sigma_mp_curve,0,1.0906225896590165
allenai--OLMo-2-0425-1B-Instruct,x10_sigma_mp_curve,1,1.07727676146296
allenai--OLMo-2-0425-1B-Instruct,x10_sigma_mp_curve,2,1.080251712475069
allenai--OLMo-2-0425-1B-Instruct,x10_sigma_mp_curve,3,1.0799105701955765
allenai--OLMo-2-0425-1B-Instruct,x10_sigma_mp_curve,4,1.0708521331608856
allenai--OLMo-2-0425-1B-Instruct,x10_sigma_mp_curve,5,1.056000548058685
allenai--OLMo-2-0425-1B-Instruct,x10_sigma_mp_curve,6,1.0541106522856043
allenai--OLMo-2-0425-1B-Instruct,x10_sigma_mp_curve,7,1.0604426554287476
allenai--OLMo-2-0425-1B-Instruct,x10_sigma_mp_curve,8,1.0565547329801532
allenai--OLMo-2-0425-1B-Instruct,x10_sigma_mp_curve,9,1.0543244744957656
allenai--OLMo-2-0425-1B-Instruct,x10_sigma_mp_curve,10,1.0633322472282338
allenai--OLMo-2-0425-1B-Instruct,x10_sigma_mp_curve,11,1.0668871393362713
allenai--OLMo-2-0425-1B-Instruct,x10_sigma_mp_curve,12,1.0748526746854272
allenai--OLMo-2-0425-1B-Instruct,x10_sigma_mp_curve,13,1.0808996684734293
allenai--OLMo-2-0425-1B-Instruct,x10_sigma_mp_curve,14,1.079112018459462
allenai--OLMo-2-0425-1B-Instruct,x10_sigma_mp_curve,15,1.0389294861032106
hereticness--heretic_stablelm-2-1_6b-chat,x1_g_curve,0,0.0
hereticness--heretic_stablelm-2-1_6b-chat,x1_g_curve,1,0.07969658053412616
hereticness--heretic_stablelm-2-1_6b-chat,x1_g_curve,2,0.11428081561322458
hereticness--heretic_stablelm-2-1_6b-chat,x1_g_curve,3,0.1434057991314412
hereticness--heretic_stablelm-2-1_6b-chat,x1_g_curve,4,0.2078259732484501
hereticness--heretic_stablelm-2-1_6b-chat,x1_g_curve,5,0.2683854174087981
hereticness--heretic_stablelm-2-1_6b-chat,x1_g_curve,6,0.26371448824147603
hereticness--heretic_stablelm-2-1_6b-chat,x1_g_curve,7,0.26084956231718065
hereticness--heretic_stablelm-2-1_6b-chat,x1_g_curve,8,0.28104313817640864
hereticness--heretic_stablelm-2-1_6b-chat,x1_g_curve,9,0.35211167888959927
hereticness--heretic_stablelm-2-1_6b-chat,x1_g_curve,10,0.4050703341787306
hereticness--heretic_stablelm-2-1_6b-chat,x1_g_curve,11,0.39303844833431356
hereticness--heretic_stablelm-2-1_6b-chat,x1_g_curve,12,0.40901344731883305
hereticness--heretic_stablelm-2-1_6b-chat,x1_g_curve,13,0.42520423524637
hereticness--heretic_stablelm-2-1_6b-chat,x1_g_curve,14,0.4532362423651522
hereticness--heretic_stablelm-2-1_6b-chat,x1_g_curve,15,0.4370380965333339
hereticness--heretic_stablelm-2-1_6b-chat,x1_g_curve,16,0.4247430143206424
hereticness--heretic_stablelm-2-1_6b-chat,x1_g_curve,17,0.41760110586611804
hereticness--heretic_stablelm-2-1_6b-chat,x1_g_curve,18,0.3825885430885018
hereticness--heretic_stablelm-2-1_6b-chat,x1_g_curve,19,0.3614623921517176
hereticness--heretic_stablelm-2-1_6b-chat,x1_g_curve,20,0.34053096412826306
hereticness--heretic_stablelm-2-1_6b-chat,x1_g_curve,21,0.3294146178410054
hereticness--heretic_stablelm-2-1_6b-chat,x1_g_curve,22,0.31145088827072726
hereticness--heretic_stablelm-2-1_6b-chat,x1_g_curve,23,0.2954305925741091
hereticness--heretic_stablelm-2-1_6b-chat,x1_g_curve,24,0.36959333016809093
hereticness--heretic_stablelm-2-1_6b-chat,auroc_by_layer,0,0.5
hereticness--heretic_stablelm-2-1_6b-chat,auroc_by_layer,1,0.63671875
hereticness--heretic_stablelm-2-1_6b-chat,auroc_by_layer,2,0.9900173611111112
hereticness--heretic_stablelm-2-1_6b-chat,auroc_by_layer,3,0.9995659722222222
hereticness--heretic_stablelm-2-1_6b-chat,auroc_by_layer,4,1.0
hereticness--heretic_stablelm-2-1_6b-chat,auroc_by_layer,5,1.0
hereticness--heretic_stablelm-2-1_6b-chat,auroc_by_layer,6,1.0
hereticness--heretic_stablelm-2-1_6b-chat,auroc_by_layer,7,0.9982638888888888
hereticness--heretic_stablelm-2-1_6b-chat,auroc_by_layer,8,0.9982638888888888
hereticness--heretic_stablelm-2-1_6b-chat,auroc_by_layer,9,0.9973958333333334
hereticness--heretic_stablelm-2-1_6b-chat,auroc_by_layer,10,0.9900173611111112
hereticness--heretic_stablelm-2-1_6b-chat,auroc_by_layer,11,0.9926215277777778
hereticness--heretic_stablelm-2-1_6b-chat,auroc_by_layer,12,0.9856770833333334
hereticness--heretic_stablelm-2-1_6b-chat,auroc_by_layer,13,0.9921875
hereticness--heretic_stablelm-2-1_6b-chat,auroc_by_layer,14,0.9891493055555556
hereticness--heretic_stablelm-2-1_6b-chat,auroc_by_layer,15,0.9895833333333334
hereticness--heretic_stablelm-2-1_6b-chat,auroc_by_layer,16,0.9943576388888888
hereticness--heretic_stablelm-2-1_6b-chat,auroc_by_layer,17,0.9956597222222222
hereticness--heretic_stablelm-2-1_6b-chat,auroc_by_layer,18,0.9965277777777778
hereticness--heretic_stablelm-2-1_6b-chat,auroc_by_layer,19,0.99609375
hereticness--heretic_stablelm-2-1_6b-chat,auroc_by_layer,20,0.9926215277777778
hereticness--heretic_stablelm-2-1_6b-chat,auroc_by_layer,21,0.9934895833333334
hereticness--heretic_stablelm-2-1_6b-chat,auroc_by_layer,22,0.9921875
hereticness--heretic_stablelm-2-1_6b-chat,auroc_by_layer,23,0.9965277777777778
hereticness--heretic_stablelm-2-1_6b-chat,auroc_by_layer,24,1.0
hereticness--heretic_stablelm-2-1_6b-chat,cohen_by_layer,0,
hereticness--heretic_stablelm-2-1_6b-chat,cohen_by_layer,1,0.8988554526916497
hereticness--heretic_stablelm-2-1_6b-chat,cohen_by_layer,2,4.446822519221965
hereticness--heretic_stablelm-2-1_6b-chat,cohen_by_layer,3,5.213510385712245
hereticness--heretic_stablelm-2-1_6b-chat,cohen_by_layer,4,3.8635299823363423
hereticness--heretic_stablelm-2-1_6b-chat,cohen_by_layer,5,4.018886831835691
hereticness--heretic_stablelm-2-1_6b-chat,cohen_by_layer,6,4.379307673458126
hereticness--heretic_stablelm-2-1_6b-chat,cohen_by_layer,7,5.089553691933986
hereticness--heretic_stablelm-2-1_6b-chat,cohen_by_layer,8,4.949294032150123
hereticness--heretic_stablelm-2-1_6b-chat,cohen_by_layer,9,4.834183832609357
hereticness--heretic_stablelm-2-1_6b-chat,cohen_by_layer,10,4.405213836426901
hereticness--heretic_stablelm-2-1_6b-chat,cohen_by_layer,11,4.492487836486992
hereticness--heretic_stablelm-2-1_6b-chat,cohen_by_layer,12,4.0452503047266015
hereticness--heretic_stablelm-2-1_6b-chat,cohen_by_layer,13,4.211291105086558
hereticness--heretic_stablelm-2-1_6b-chat,cohen_by_layer,14,3.9974621787598497
hereticness--heretic_stablelm-2-1_6b-chat,cohen_by_layer,15,4.131260062195511
hereticness--heretic_stablelm-2-1_6b-chat,cohen_by_layer,16,4.259526512395984
hereticness--heretic_stablelm-2-1_6b-chat,cohen_by_layer,17,4.191884696507961
hereticness--heretic_stablelm-2-1_6b-chat,cohen_by_layer,18,4.341017962041296
hereticness--heretic_stablelm-2-1_6b-chat,cohen_by_layer,19,4.188426605570665
hereticness--heretic_stablelm-2-1_6b-chat,cohen_by_layer,20,4.3253779296293775
hereticness--heretic_stablelm-2-1_6b-chat,cohen_by_layer,21,4.320149535921942
hereticness--heretic_stablelm-2-1_6b-chat,cohen_by_layer,22,4.111679289522373
hereticness--heretic_stablelm-2-1_6b-chat,cohen_by_layer,23,4.399002808496888
hereticness--heretic_stablelm-2-1_6b-chat,cohen_by_layer,24,5.446640342554244
hereticness--heretic_stablelm-2-1_6b-chat,x2_wm_curve,0,0.9963826421411087
hereticness--heretic_stablelm-2-1_6b-chat,x2_wm_curve,1,1.0031633785308054
hereticness--heretic_stablelm-2-1_6b-chat,x2_wm_curve,2,0.9844311092012015
hereticness--heretic_stablelm-2-1_6b-chat,x2_wm_curve,3,0.996586138242065
hereticness--heretic_stablelm-2-1_6b-chat,x2_wm_curve,4,0.9948965826062452
hereticness--heretic_stablelm-2-1_6b-chat,x2_wm_curve,5,1.0000905120250438
hereticness--heretic_stablelm-2-1_6b-chat,x2_wm_curve,6,1.0040997788244481
hereticness--heretic_stablelm-2-1_6b-chat,x2_wm_curve,7,1.0221475727996403
hereticness--heretic_stablelm-2-1_6b-chat,x2_wm_curve,8,1.0526508840148738
hereticness--heretic_stablelm-2-1_6b-chat,x2_wm_curve,9,1.0459637268355086
hereticness--heretic_stablelm-2-1_6b-chat,x2_wm_curve,10,1.04934849294239
hereticness--heretic_stablelm-2-1_6b-chat,x2_wm_curve,11,1.0725424710768299
hereticness--heretic_stablelm-2-1_6b-chat,x2_wm_curve,12,1.0717100265323878
hereticness--heretic_stablelm-2-1_6b-chat,x2_wm_curve,13,1.0901289593194423
hereticness--heretic_stablelm-2-1_6b-chat,x2_wm_curve,14,1.0696053231510856
hereticness--heretic_stablelm-2-1_6b-chat,x2_wm_curve,15,1.100799090341107
hereticness--heretic_stablelm-2-1_6b-chat,x2_wm_curve,16,1.0565340928508578
hereticness--heretic_stablelm-2-1_6b-chat,x2_wm_curve,17,1.0199417502513626
hereticness--heretic_stablelm-2-1_6b-chat,x2_wm_curve,18,1.0090062340306876
hereticness--heretic_stablelm-2-1_6b-chat,x2_wm_curve,19,0.9844341489048527
hereticness--heretic_stablelm-2-1_6b-chat,x2_wm_curve,20,1.0020537792379587
hereticness--heretic_stablelm-2-1_6b-chat,x2_wm_curve,21,0.9220885766973425
hereticness--heretic_stablelm-2-1_6b-chat,x2_wm_curve,22,1.0090940860632958
hereticness--heretic_stablelm-2-1_6b-chat,x2_wm_curve,23,1.1715445701297134
hereticness--heretic_stablelm-2-1_6b-chat,x8_drive_gap_curve,0,0.0
hereticness--heretic_stablelm-2-1_6b-chat,x8_drive_gap_curve,1,-0.07973224918047589
hereticness--heretic_stablelm-2-1_6b-chat,x8_drive_gap_curve,2,-0.02001035213470459
hereticness--heretic_stablelm-2-1_6b-chat,x8_drive_gap_curve,3,-0.2306786874930064
hereticness--heretic_stablelm-2-1_6b-chat,x8_drive_gap_curve,4,-0.11965980132420861
hereticness--heretic_stablelm-2-1_6b-chat,x8_drive_gap_curve,5,0.7419969240824381
hereticness--heretic_stablelm-2-1_6b-chat,x8_drive_gap_curve,6,-0.1270697911580403
hereticness--heretic_stablelm-2-1_6b-chat,x8_drive_gap_curve,7,0.15431413054466248
hereticness--heretic_stablelm-2-1_6b-chat,x8_drive_gap_curve,8,0.7675067087014517
hereticness--heretic_stablelm-2-1_6b-chat,x8_drive_gap_curve,9,1.0185054341952005
hereticness--heretic_stablelm-2-1_6b-chat,x8_drive_gap_curve,10,0.17698377370834362
hereticness--heretic_stablelm-2-1_6b-chat,x8_drive_gap_curve,11,0.6614450613657634
hereticness--heretic_stablelm-2-1_6b-chat,x8_drive_gap_curve,12,0.3977229197820027
hereticness--heretic_stablelm-2-1_6b-chat,x8_drive_gap_curve,13,0.6934054791927335
hereticness--heretic_stablelm-2-1_6b-chat,x8_drive_gap_curve,14,0.06917070349057508
hereticness--heretic_stablelm-2-1_6b-chat,x8_drive_gap_curve,15,1.1309210459391275
hereticness--heretic_stablelm-2-1_6b-chat,x8_drive_gap_curve,16,2.057260851065318
hereticness--heretic_stablelm-2-1_6b-chat,x8_drive_gap_curve,17,0.24821950991948438
hereticness--heretic_stablelm-2-1_6b-chat,x8_drive_gap_curve,18,-0.3299938142299652
hereticness--heretic_stablelm-2-1_6b-chat,x8_drive_gap_curve,19,0.3706442912419637
hereticness--heretic_stablelm-2-1_6b-chat,x8_drive_gap_curve,20,-0.20308596889177954
hereticness--heretic_stablelm-2-1_6b-chat,x8_drive_gap_curve,21,-0.23315619428952533
hereticness--heretic_stablelm-2-1_6b-chat,x8_drive_gap_curve,22,-0.7203129629294078
hereticness--heretic_stablelm-2-1_6b-chat,x8_drive_gap_curve,23,-1.2614245414733887
hereticness--heretic_stablelm-2-1_6b-chat,x8_drive_gap_curve,24,-0.059200604756673325
hereticness--heretic_stablelm-2-1_6b-chat,x10_scar_curve,0,0.44299987484884495
hereticness--heretic_stablelm-2-1_6b-chat,x10_scar_curve,1,0.4894728087893734
hereticness--heretic_stablelm-2-1_6b-chat,x10_scar_curve,2,0.5414614967917118
hereticness--heretic_stablelm-2-1_6b-chat,x10_scar_curve,3,0.5862880866417604
hereticness--heretic_stablelm-2-1_6b-chat,x10_scar_curve,4,0.5905950674598538
hereticness--heretic_stablelm-2-1_6b-chat,x10_scar_curve,5,0.6274177871986047
hereticness--heretic_stablelm-2-1_6b-chat,x10_scar_curve,6,0.6801302170398822
hereticness--heretic_stablelm-2-1_6b-chat,x10_scar_curve,7,0.7024717608579226
hereticness--heretic_stablelm-2-1_6b-chat,x10_scar_curve,8,0.7009914760213407
hereticness--heretic_stablelm-2-1_6b-chat,x10_scar_curve,9,0.7190328150340647
hereticness--heretic_stablelm-2-1_6b-chat,x10_scar_curve,10,0.7278023833274204
hereticness--heretic_stablelm-2-1_6b-chat,x10_scar_curve,11,0.7226426399844472
hereticness--heretic_stablelm-2-1_6b-chat,x10_scar_curve,12,0.7336373466715387
hereticness--heretic_stablelm-2-1_6b-chat,x10_scar_curve,13,0.7655876519365664
hereticness--heretic_stablelm-2-1_6b-chat,x10_scar_curve,14,0.7523177913823275
hereticness--heretic_stablelm-2-1_6b-chat,x10_scar_curve,15,0.7382031892375162
hereticness--heretic_stablelm-2-1_6b-chat,x10_scar_curve,16,0.7393126637621439
hereticness--heretic_stablelm-2-1_6b-chat,x10_scar_curve,17,0.7398101929228875
hereticness--heretic_stablelm-2-1_6b-chat,x10_scar_curve,18,0.7201420797323322
hereticness--heretic_stablelm-2-1_6b-chat,x10_scar_curve,19,0.6818011222027713
hereticness--heretic_stablelm-2-1_6b-chat,x10_scar_curve,20,0.6917432783103565
hereticness--heretic_stablelm-2-1_6b-chat,x10_scar_curve,21,0.665833549267437
hereticness--heretic_stablelm-2-1_6b-chat,x10_scar_curve,22,0.6301041454373947
hereticness--heretic_stablelm-2-1_6b-chat,x10_scar_curve,23,0.5718002123639285
hereticness--heretic_stablelm-2-1_6b-chat,x10_z_curve,0,-4.031418364458197
hereticness--heretic_stablelm-2-1_6b-chat,x10_z_curve,1,-3.291971365041155
hereticness--heretic_stablelm-2-1_6b-chat,x10_z_curve,2,-2.464761286242311
hereticness--heretic_stablelm-2-1_6b-chat,x10_z_curve,3,-1.7515098396877418
hereticness--heretic_stablelm-2-1_6b-chat,x10_z_curve,4,-1.682979971387162
hereticness--heretic_stablelm-2-1_6b-chat,x10_z_curve,5,-1.097080883198789
hereticness--heretic_stablelm-2-1_6b-chat,x10_z_curve,6,-0.25835509652919075
hereticness--heretic_stablelm-2-1_6b-chat,x10_z_curve,7,0.09712896995422884
hereticness--heretic_stablelm-2-1_6b-chat,x10_z_curve,8,0.07357564357948788
hereticness--heretic_stablelm-2-1_6b-chat,x10_z_curve,9,0.3606376572560164
hereticness--heretic_stablelm-2-1_6b-chat,x10_z_curve,10,0.5001733054464907
hereticness--heretic_stablelm-2-1_6b-chat,x10_z_curve,11,0.418074836311615
hereticness--heretic_stablelm-2-1_6b-chat,x10_z_curve,12,0.5930154346315805
hereticness--heretic_stablelm-2-1_6b-chat,x10_z_curve,13,1.1013878431590258
hereticness--heretic_stablelm-2-1_6b-chat,x10_z_curve,14,0.8902464811337343
hereticness--heretic_stablelm-2-1_6b-chat,x10_z_curve,15,0.6656641421468664
hereticness--heretic_stablelm-2-1_6b-chat,x10_z_curve,16,0.6833173768063241
hereticness--heretic_stablelm-2-1_6b-chat,x10_z_curve,17,0.6912337361544375
hereticness--heretic_stablelm-2-1_6b-chat,x10_z_curve,18,0.378287553295351
hereticness--heretic_stablelm-2-1_6b-chat,x10_z_curve,19,-0.2317687439096218
hereticness--heretic_stablelm-2-1_6b-chat,x10_z_curve,20,-0.07357564357948788
hereticness--heretic_stablelm-2-1_6b-chat,x10_z_curve,21,-0.485834344977879
hereticness--heretic_stablelm-2-1_6b-chat,x10_z_curve,22,-1.0543373038591568
hereticness--heretic_stablelm-2-1_6b-chat,x10_z_curve,23,-1.982031441280264
hereticness--heretic_stablelm-2-1_6b-chat,x10_sigma_min_curve,0,0.35338059067726135
hereticness--heretic_stablelm-2-1_6b-chat,x10_sigma_min_curve,1,0.31960567831993103
hereticness--heretic_stablelm-2-1_6b-chat,x10_sigma_min_curve,2,0.28958284854888916
hereticness--heretic_stablelm-2-1_6b-chat,x10_sigma_min_curve,3,0.26420536637306213
hereticness--heretic_stablelm-2-1_6b-chat,x10_sigma_min_curve,4,0.261182963848114
hereticness--heretic_stablelm-2-1_6b-chat,x10_sigma_min_curve,5,0.2373325675725937
hereticness--heretic_stablelm-2-1_6b-chat,x10_sigma_min_curve,6,0.2149815708398819
hereticness--heretic_stablelm-2-1_6b-chat,x10_sigma_min_curve,7,0.20448468625545502
hereticness--heretic_stablelm-2-1_6b-chat,x10_sigma_min_curve,8,0.2048693746328354
hereticness--heretic_stablelm-2-1_6b-chat,x10_sigma_min_curve,9,0.195678249001503
hereticness--heretic_stablelm-2-1_6b-chat,x10_sigma_min_curve,10,0.1949201375246048
hereticness--heretic_stablelm-2-1_6b-chat,x10_sigma_min_curve,11,0.19646286964416504
hereticness--heretic_stablelm-2-1_6b-chat,x10_sigma_min_curve,12,0.1944815218448639
hereticness--heretic_stablelm-2-1_6b-chat,x10_sigma_min_curve,13,0.184879332780838
hereticness--heretic_stablelm-2-1_6b-chat,x10_sigma_min_curve,14,0.1892966479063034
hereticness--heretic_stablelm-2-1_6b-chat,x10_sigma_min_curve,15,0.20105890929698944
hereticness--heretic_stablelm-2-1_6b-chat,x10_sigma_min_curve,16,0.2032369077205658
hereticness--heretic_stablelm-2-1_6b-chat,x10_sigma_min_curve,17,0.20731428265571594
hereticness--heretic_stablelm-2-1_6b-chat,x10_sigma_min_curve,18,0.2197834998369217
hereticness--heretic_stablelm-2-1_6b-chat,x10_sigma_min_curve,19,0.24374248087406158
hereticness--heretic_stablelm-2-1_6b-chat,x10_sigma_min_curve,20,0.2398388683795929
hereticness--heretic_stablelm-2-1_6b-chat,x10_sigma_min_curve,21,0.2575620710849762
hereticness--heretic_stablelm-2-1_6b-chat,x10_sigma_min_curve,22,0.273444265127182
hereticness--heretic_stablelm-2-1_6b-chat,x10_sigma_min_curve,23,0.2757910192012787
hereticness--heretic_stablelm-2-1_6b-chat,x10_sigma_mp_curve,0,0.9800372143004666
hereticness--heretic_stablelm-2-1_6b-chat,x10_sigma_mp_curve,1,0.9864777528749403
hereticness--heretic_stablelm-2-1_6b-chat,x10_sigma_mp_curve,2,1.0074751263971815
hereticness--heretic_stablelm-2-1_6b-chat,x10_sigma_mp_curve,3,1.0191303169756607
hereticness--heretic_stablelm-2-1_6b-chat,x10_sigma_mp_curve,4,1.0175128751741487
hereticness--heretic_stablelm-2-1_6b-chat,x10_sigma_mp_curve,5,1.0064104204758737
hereticness--heretic_stablelm-2-1_6b-chat,x10_sigma_mp_curve,6,1.0292750582513477
hereticness--heretic_stablelm-2-1_6b-chat,x10_sigma_mp_curve,7,1.030700650990841
hereticness--heretic_stablelm-2-1_6b-chat,x10_sigma_mp_curve,8,1.0291259226245808
hereticness--heretic_stablelm-2-1_6b-chat,x10_sigma_mp_curve,9,1.0246495850666428
hereticness--heretic_stablelm-2-1_6b-chat,x10_sigma_mp_curve,10,1.0414995639377098
hereticness--heretic_stablelm-2-1_6b-chat,x10_sigma_mp_curve,11,1.037344773793485
hereticness--heretic_stablelm-2-1_6b-chat,x10_sigma_mp_curve,12,1.0532117386792916
hereticness--heretic_stablelm-2-1_6b-chat,x10_sigma_mp_curve,13,1.0776457414936624
hereticness--heretic_stablelm-2-1_6b-chat,x10_sigma_mp_curve,14,1.070189571994858
hereticness--heretic_stablelm-2-1_6b-chat,x10_sigma_mp_curve,15,1.1003390134366149
hereticness--heretic_stablelm-2-1_6b-chat,x10_sigma_mp_curve,16,1.1151036623995965
hereticness--heretic_stablelm-2-1_6b-chat,x10_sigma_mp_curve,17,1.1387789119169738
hereticness--heretic_stablelm-2-1_6b-chat,x10_sigma_mp_curve,18,1.1538176140135346
hereticness--heretic_stablelm-2-1_6b-chat,x10_sigma_mp_curve,19,1.1714731777940213
hereticness--heretic_stablelm-2-1_6b-chat,x10_sigma_mp_curve,20,1.1794046743989894
hereticness--heretic_stablelm-2-1_6b-chat,x10_sigma_mp_curve,21,1.1932060807182343
hereticness--heretic_stablelm-2-1_6b-chat,x10_sigma_mp_curve,22,1.1667369847084617
hereticness--heretic_stablelm-2-1_6b-chat,x10_sigma_mp_curve,23,1.028916974814203
huihui-ai--Huihui-Qwen3-0.6B-abliterated-v2,x1_g_curve,0,0.0
huihui-ai--Huihui-Qwen3-0.6B-abliterated-v2,x1_g_curve,1,0.04721134805437723
huihui-ai--Huihui-Qwen3-0.6B-abliterated-v2,x1_g_curve,2,0.06765956163421674
huihui-ai--Huihui-Qwen3-0.6B-abliterated-v2,x1_g_curve,3,0.08074980068983659
huihui-ai--Huihui-Qwen3-0.6B-abliterated-v2,x1_g_curve,4,0.11303278228055307
huihui-ai--Huihui-Qwen3-0.6B-abliterated-v2,x1_g_curve,5,0.09650004230178152
huihui-ai--Huihui-Qwen3-0.6B-abliterated-v2,x1_g_curve,6,0.09474530632040111
huihui-ai--Huihui-Qwen3-0.6B-abliterated-v2,x1_g_curve,7,0.1175516074104376
huihui-ai--Huihui-Qwen3-0.6B-abliterated-v2,x1_g_curve,8,0.1373434047429521
huihui-ai--Huihui-Qwen3-0.6B-abliterated-v2,x1_g_curve,9,0.1601550003123741
huihui-ai--Huihui-Qwen3-0.6B-abliterated-v2,x1_g_curve,10,0.1902796620080986
huihui-ai--Huihui-Qwen3-0.6B-abliterated-v2,x1_g_curve,11,0.16935121385740523
huihui-ai--Huihui-Qwen3-0.6B-abliterated-v2,x1_g_curve,12,0.20102594736812923
huihui-ai--Huihui-Qwen3-0.6B-abliterated-v2,x1_g_curve,13,0.21116899299228795
huihui-ai--Huihui-Qwen3-0.6B-abliterated-v2,x1_g_curve,14,0.23270045966918793
huihui-ai--Huihui-Qwen3-0.6B-abliterated-v2,x1_g_curve,15,0.2489242162447241
huihui-ai--Huihui-Qwen3-0.6B-abliterated-v2,x1_g_curve,16,0.282854109883411
huihui-ai--Huihui-Qwen3-0.6B-abliterated-v2,x1_g_curve,17,0.2750762270176008
huihui-ai--Huihui-Qwen3-0.6B-abliterated-v2,x1_g_curve,18,0.31099013057155955
huihui-ai--Huihui-Qwen3-0.6B-abliterated-v2,x1_g_curve,19,0.31610788728847505
huihui-ai--Huihui-Qwen3-0.6B-abliterated-v2,x1_g_curve,20,0.3193517577270433
huihui-ai--Huihui-Qwen3-0.6B-abliterated-v2,x1_g_curve,21,0.32454218833663945
huihui-ai--Huihui-Qwen3-0.6B-abliterated-v2,x1_g_curve,22,0.3363204555424505
huihui-ai--Huihui-Qwen3-0.6B-abliterated-v2,x1_g_curve,23,0.3243987055388743
huihui-ai--Huihui-Qwen3-0.6B-abliterated-v2,x1_g_curve,24,0.302529545096096
huihui-ai--Huihui-Qwen3-0.6B-abliterated-v2,x1_g_curve,25,0.2786949121904505
huihui-ai--Huihui-Qwen3-0.6B-abliterated-v2,x1_g_curve,26,0.27907224996930574
huihui-ai--Huihui-Qwen3-0.6B-abliterated-v2,x1_g_curve,27,0.25658894810114985
huihui-ai--Huihui-Qwen3-0.6B-abliterated-v2,x1_g_curve,28,0.34234506784667024
huihui-ai--Huihui-Qwen3-0.6B-abliterated-v2,auroc_by_layer,0,0.5
huihui-ai--Huihui-Qwen3-0.6B-abliterated-v2,auroc_by_layer,1,0.7378472222222222
huihui-ai--Huihui-Qwen3-0.6B-abliterated-v2,auroc_by_layer,2,0.9565972222222222
huihui-ai--Huihui-Qwen3-0.6B-abliterated-v2,auroc_by_layer,3,0.9908854166666666
huihui-ai--Huihui-Qwen3-0.6B-abliterated-v2,auroc_by_layer,4,0.9917534722222222
huihui-ai--Huihui-Qwen3-0.6B-abliterated-v2,auroc_by_layer,5,0.9852430555555556
huihui-ai--Huihui-Qwen3-0.6B-abliterated-v2,auroc_by_layer,6,0.9861111111111112
huihui-ai--Huihui-Qwen3-0.6B-abliterated-v2,auroc_by_layer,7,0.9743923611111112
huihui-ai--Huihui-Qwen3-0.6B-abliterated-v2,auroc_by_layer,8,0.9670138888888888
huihui-ai--Huihui-Qwen3-0.6B-abliterated-v2,auroc_by_layer,9,0.9752604166666666
huihui-ai--Huihui-Qwen3-0.6B-abliterated-v2,auroc_by_layer,10,0.9678819444444444
huihui-ai--Huihui-Qwen3-0.6B-abliterated-v2,auroc_by_layer,11,0.9752604166666666
huihui-ai--Huihui-Qwen3-0.6B-abliterated-v2,auroc_by_layer,12,0.9722222222222222
huihui-ai--Huihui-Qwen3-0.6B-abliterated-v2,auroc_by_layer,13,0.9730902777777778
huihui-ai--Huihui-Qwen3-0.6B-abliterated-v2,auroc_by_layer,14,0.9704861111111112
huihui-ai--Huihui-Qwen3-0.6B-abliterated-v2,auroc_by_layer,15,0.9713541666666666
huihui-ai--Huihui-Qwen3-0.6B-abliterated-v2,auroc_by_layer,16,0.9887152777777778
huihui-ai--Huihui-Qwen3-0.6B-abliterated-v2,auroc_by_layer,17,0.9826388888888888
huihui-ai--Huihui-Qwen3-0.6B-abliterated-v2,auroc_by_layer,18,0.9809027777777778
huihui-ai--Huihui-Qwen3-0.6B-abliterated-v2,auroc_by_layer,19,0.9756944444444444
huihui-ai--Huihui-Qwen3-0.6B-abliterated-v2,auroc_by_layer,20,0.97265625
huihui-ai--Huihui-Qwen3-0.6B-abliterated-v2,auroc_by_layer,21,0.9769965277777778
huihui-ai--Huihui-Qwen3-0.6B-abliterated-v2,auroc_by_layer,22,0.96484375
huihui-ai--Huihui-Qwen3-0.6B-abliterated-v2,auroc_by_layer,23,0.96875
huihui-ai--Huihui-Qwen3-0.6B-abliterated-v2,auroc_by_layer,24,0.9730902777777778
huihui-ai--Huihui-Qwen3-0.6B-abliterated-v2,auroc_by_layer,25,0.9752604166666666
huihui-ai--Huihui-Qwen3-0.6B-abliterated-v2,auroc_by_layer,26,0.9748263888888888
huihui-ai--Huihui-Qwen3-0.6B-abliterated-v2,auroc_by_layer,27,0.9769965277777778
huihui-ai--Huihui-Qwen3-0.6B-abliterated-v2,auroc_by_layer,28,0.9787326388888888
huihui-ai--Huihui-Qwen3-0.6B-abliterated-v2,cohen_by_layer,0,
huihui-ai--Huihui-Qwen3-0.6B-abliterated-v2,cohen_by_layer,1,3.789373605302234
huihui-ai--Huihui-Qwen3-0.6B-abliterated-v2,cohen_by_layer,2,4.663113266421145
huihui-ai--Huihui-Qwen3-0.6B-abliterated-v2,cohen_by_layer,3,3.921190374697042
huihui-ai--Huihui-Qwen3-0.6B-abliterated-v2,cohen_by_layer,4,4.191657066545468
huihui-ai--Huihui-Qwen3-0.6B-abliterated-v2,cohen_by_layer,5,4.021129755103068
huihui-ai--Huihui-Qwen3-0.6B-abliterated-v2,cohen_by_layer,6,4.017228187757924
huihui-ai--Huihui-Qwen3-0.6B-abliterated-v2,cohen_by_layer,7,3.728754331048823
huihui-ai--Huihui-Qwen3-0.6B-abliterated-v2,cohen_by_layer,8,3.498344372287487
huihui-ai--Huihui-Qwen3-0.6B-abliterated-v2,cohen_by_layer,9,3.44045584606715
huihui-ai--Huihui-Qwen3-0.6B-abliterated-v2,cohen_by_layer,10,3.4214316228907617
huihui-ai--Huihui-Qwen3-0.6B-abliterated-v2,cohen_by_layer,11,3.5600369421554676
huihui-ai--Huihui-Qwen3-0.6B-abliterated-v2,cohen_by_layer,12,3.4521712872307257
huihui-ai--Huihui-Qwen3-0.6B-abliterated-v2,cohen_by_layer,13,3.5024800148144526
huihui-ai--Huihui-Qwen3-0.6B-abliterated-v2,cohen_by_layer,14,3.3839304027968415
huihui-ai--Huihui-Qwen3-0.6B-abliterated-v2,cohen_by_layer,15,3.520475196623408
huihui-ai--Huihui-Qwen3-0.6B-abliterated-v2,cohen_by_layer,16,3.896539379783631
huihui-ai--Huihui-Qwen3-0.6B-abliterated-v2,cohen_by_layer,17,3.5163697491415986
huihui-ai--Huihui-Qwen3-0.6B-abliterated-v2,cohen_by_layer,18,3.537185930458159
huihui-ai--Huihui-Qwen3-0.6B-abliterated-v2,cohen_by_layer,19,3.1770968218136386
huihui-ai--Huihui-Qwen3-0.6B-abliterated-v2,cohen_by_layer,20,3.109640446458182
huihui-ai--Huihui-Qwen3-0.6B-abliterated-v2,cohen_by_layer,21,3.1956313001587295
huihui-ai--Huihui-Qwen3-0.6B-abliterated-v2,cohen_by_layer,22,2.979955064674278
huihui-ai--Huihui-Qwen3-0.6B-abliterated-v2,cohen_by_layer,23,3.047234044854181
huihui-ai--Huihui-Qwen3-0.6B-abliterated-v2,cohen_by_layer,24,3.178980627448982
huihui-ai--Huihui-Qwen3-0.6B-abliterated-v2,cohen_by_layer,25,3.2255865281374243
huihui-ai--Huihui-Qwen3-0.6B-abliterated-v2,cohen_by_layer,26,3.2390773651945626
huihui-ai--Huihui-Qwen3-0.6B-abliterated-v2,cohen_by_layer,27,3.327031770398366
huihui-ai--Huihui-Qwen3-0.6B-abliterated-v2,cohen_by_layer,28,3.441824726604923
huihui-ai--Huihui-Qwen3-0.6B-abliterated-v2,x2_wm_curve,0,1.2500628564561667
huihui-ai--Huihui-Qwen3-0.6B-abliterated-v2,x2_wm_curve,1,1.425443254092889
huihui-ai--Huihui-Qwen3-0.6B-abliterated-v2,x2_wm_curve,2,1.339030564789525
huihui-ai--Huihui-Qwen3-0.6B-abliterated-v2,x2_wm_curve,3,1.1887555239155196
huihui-ai--Huihui-Qwen3-0.6B-abliterated-v2,x2_wm_curve,4,1.0852730821975207
huihui-ai--Huihui-Qwen3-0.6B-abliterated-v2,x2_wm_curve,5,1.125668212712834
huihui-ai--Huihui-Qwen3-0.6B-abliterated-v2,x2_wm_curve,6,1.1848664986943944
huihui-ai--Huihui-Qwen3-0.6B-abliterated-v2,x2_wm_curve,7,1.1853535688125478
huihui-ai--Huihui-Qwen3-0.6B-abliterated-v2,x2_wm_curve,8,1.258461935026271
huihui-ai--Huihui-Qwen3-0.6B-abliterated-v2,x2_wm_curve,9,1.2579213568105156
huihui-ai--Huihui-Qwen3-0.6B-abliterated-v2,x2_wm_curve,10,1.2325779555001568
huihui-ai--Huihui-Qwen3-0.6B-abliterated-v2,x2_wm_curve,11,1.2062233921690968
huihui-ai--Huihui-Qwen3-0.6B-abliterated-v2,x2_wm_curve,12,1.2397080239078346
huihui-ai--Huihui-Qwen3-0.6B-abliterated-v2,x2_wm_curve,13,1.2274270897888
huihui-ai--Huihui-Qwen3-0.6B-abliterated-v2,x2_wm_curve,14,1.121161176347804
huihui-ai--Huihui-Qwen3-0.6B-abliterated-v2,x2_wm_curve,15,1.0939878846759497
huihui-ai--Huihui-Qwen3-0.6B-abliterated-v2,x2_wm_curve,16,1.1378167979152285
huihui-ai--Huihui-Qwen3-0.6B-abliterated-v2,x2_wm_curve,17,1.1244651519151576
huihui-ai--Huihui-Qwen3-0.6B-abliterated-v2,x2_wm_curve,18,1.0865289949396961
huihui-ai--Huihui-Qwen3-0.6B-abliterated-v2,x2_wm_curve,19,1.0486787843084218
huihui-ai--Huihui-Qwen3-0.6B-abliterated-v2,x2_wm_curve,20,1.1008497438609433
huihui-ai--Huihui-Qwen3-0.6B-abliterated-v2,x2_wm_curve,21,1.0330750232553962
huihui-ai--Huihui-Qwen3-0.6B-abliterated-v2,x2_wm_curve,22,1.044468319810711
huihui-ai--Huihui-Qwen3-0.6B-abliterated-v2,x2_wm_curve,23,1.0523823702414759
huihui-ai--Huihui-Qwen3-0.6B-abliterated-v2,x2_wm_curve,24,1.0057228215507312
huihui-ai--Huihui-Qwen3-0.6B-abliterated-v2,x2_wm_curve,25,0.9932680506054605
huihui-ai--Huihui-Qwen3-0.6B-abliterated-v2,x2_wm_curve,26,1.008212575499202
huihui-ai--Huihui-Qwen3-0.6B-abliterated-v2,x2_wm_curve,27,1.0472727796648196
huihui-ai--Huihui-Qwen3-0.6B-abliterated-v2,x8_drive_gap_curve,0,0.0
huihui-ai--Huihui-Qwen3-0.6B-abliterated-v2,x8_drive_gap_curve,1,-0.07367414732774091
huihui-ai--Huihui-Qwen3-0.6B-abliterated-v2,x8_drive_gap_curve,2,0.23255726198355353
huihui-ai--Huihui-Qwen3-0.6B-abliterated-v2,x8_drive_gap_curve,3,-0.05996469656626383
huihui-ai--Huihui-Qwen3-0.6B-abliterated-v2,x8_drive_gap_curve,4,-0.041799927751223265
huihui-ai--Huihui-Qwen3-0.6B-abliterated-v2,x8_drive_gap_curve,5,0.004106685519218445
huihui-ai--Huihui-Qwen3-0.6B-abliterated-v2,x8_drive_gap_curve,6,-0.15592245757579803
huihui-ai--Huihui-Qwen3-0.6B-abliterated-v2,x8_drive_gap_curve,7,-0.14580523471037554
huihui-ai--Huihui-Qwen3-0.6B-abliterated-v2,x8_drive_gap_curve,8,0.33823009332021076
huihui-ai--Huihui-Qwen3-0.6B-abliterated-v2,x8_drive_gap_curve,9,0.2693128089110056
huihui-ai--Huihui-Qwen3-0.6B-abliterated-v2,x8_drive_gap_curve,10,-0.7436213195323943
huihui-ai--Huihui-Qwen3-0.6B-abliterated-v2,x8_drive_gap_curve,11,-0.06141340732574463
huihui-ai--Huihui-Qwen3-0.6B-abliterated-v2,x8_drive_gap_curve,12,-0.4614591697851817
huihui-ai--Huihui-Qwen3-0.6B-abliterated-v2,x8_drive_gap_curve,13,-0.5474837819735209
huihui-ai--Huihui-Qwen3-0.6B-abliterated-v2,x8_drive_gap_curve,14,-1.0553526182969413
huihui-ai--Huihui-Qwen3-0.6B-abliterated-v2,x8_drive_gap_curve,15,-1.1609454055627189
huihui-ai--Huihui-Qwen3-0.6B-abliterated-v2,x8_drive_gap_curve,16,-0.8002638717492422
huihui-ai--Huihui-Qwen3-0.6B-abliterated-v2,x8_drive_gap_curve,17,-1.3420256773630779
huihui-ai--Huihui-Qwen3-0.6B-abliterated-v2,x8_drive_gap_curve,18,-1.269673615694046
huihui-ai--Huihui-Qwen3-0.6B-abliterated-v2,x8_drive_gap_curve,19,-0.060034722089767456
huihui-ai--Huihui-Qwen3-0.6B-abliterated-v2,x8_drive_gap_curve,20,-0.850189745426178
huihui-ai--Huihui-Qwen3-0.6B-abliterated-v2,x8_drive_gap_curve,21,-2.5985006888707476
huihui-ai--Huihui-Qwen3-0.6B-abliterated-v2,x8_drive_gap_curve,22,-4.236565142869949
huihui-ai--Huihui-Qwen3-0.6B-abliterated-v2,x8_drive_gap_curve,23,-3.0836551388104754
huihui-ai--Huihui-Qwen3-0.6B-abliterated-v2,x8_drive_gap_curve,24,-3.143580456574758
huihui-ai--Huihui-Qwen3-0.6B-abliterated-v2,x8_drive_gap_curve,25,-3.630358000596364
huihui-ai--Huihui-Qwen3-0.6B-abliterated-v2,x8_drive_gap_curve,26,-2.993389129638672
huihui-ai--Huihui-Qwen3-0.6B-abliterated-v2,x8_drive_gap_curve,27,-1.8736140529314678
huihui-ai--Huihui-Qwen3-0.6B-abliterated-v2,x8_drive_gap_curve,28,-1.3602884610493975
huihui-ai--Huihui-Qwen3-0.6B-abliterated-v2,x10_scar_curve,0,2.193273153273676
huihui-ai--Huihui-Qwen3-0.6B-abliterated-v2,x10_scar_curve,1,2.187484715808697
huihui-ai--Huihui-Qwen3-0.6B-abliterated-v2,x10_scar_curve,2,2.1798758411490664
huihui-ai--Huihui-Qwen3-0.6B-abliterated-v2,x10_scar_curve,3,2.1823499483688455
huihui-ai--Huihui-Qwen3-0.6B-abliterated-v2,x10_scar_curve,4,2.1781083737583673
huihui-ai--Huihui-Qwen3-0.6B-abliterated-v2,x10_scar_curve,5,2.184745965596548
huihui-ai--Huihui-Qwen3-0.6B-abliterated-v2,x10_scar_curve,6,2.177620232617577
huihui-ai--Huihui-Qwen3-0.6B-abliterated-v2,x10_scar_curve,7,2.1897022411732237
huihui-ai--Huihui-Qwen3-0.6B-abliterated-v2,x10_scar_curve,8,2.1794259589951857
huihui-ai--Huihui-Qwen3-0.6B-abliterated-v2,x10_scar_curve,9,2.199493710849071
huihui-ai--Huihui-Qwen3-0.6B-abliterated-v2,x10_scar_curve,10,2.1920566872106324
huihui-ai--Huihui-Qwen3-0.6B-abliterated-v2,x10_scar_curve,11,2.1916842109932073
huihui-ai--Huihui-Qwen3-0.6B-abliterated-v2,x10_scar_curve,12,2.2025464458515684
huihui-ai--Huihui-Qwen3-0.6B-abliterated-v2,x10_scar_curve,13,2.1864761920772033
huihui-ai--Huihui-Qwen3-0.6B-abliterated-v2,x10_scar_curve,14,2.195680150422468
huihui-ai--Huihui-Qwen3-0.6B-abliterated-v2,x10_scar_curve,15,2.178663408603443
huihui-ai--Huihui-Qwen3-0.6B-abliterated-v2,x10_scar_curve,16,2.1909681470845745
huihui-ai--Huihui-Qwen3-0.6B-abliterated-v2,x10_scar_curve,17,2.186026289326867
huihui-ai--Huihui-Qwen3-0.6B-abliterated-v2,x10_scar_curve,18,2.181870844915651
huihui-ai--Huihui-Qwen3-0.6B-abliterated-v2,x10_scar_curve,19,2.185697932924239
huihui-ai--Huihui-Qwen3-0.6B-abliterated-v2,x10_scar_curve,20,2.197298511395875
huihui-ai--Huihui-Qwen3-0.6B-abliterated-v2,x10_scar_curve,21,2.182113273972522
huihui-ai--Huihui-Qwen3-0.6B-abliterated-v2,x10_scar_curve,22,2.187586313491636
huihui-ai--Huihui-Qwen3-0.6B-abliterated-v2,x10_scar_curve,23,2.186477917130828
huihui-ai--Huihui-Qwen3-0.6B-abliterated-v2,x10_scar_curve,24,2.2053958680965144
huihui-ai--Huihui-Qwen3-0.6B-abliterated-v2,x10_scar_curve,25,2.2001033200037496
huihui-ai--Huihui-Qwen3-0.6B-abliterated-v2,x10_scar_curve,26,2.20246270079645
huihui-ai--Huihui-Qwen3-0.6B-abliterated-v2,x10_scar_curve,27,2.159433994238259
huihui-ai--Huihui-Qwen3-0.6B-abliterated-v2,x10_z_curve,0,0.7443730955386002
huihui-ai--Huihui-Qwen3-0.6B-abliterated-v2,x10_z_curve,1,0.059556046333195126
huihui-ai--Huihui-Qwen3-0.6B-abliterated-v2,x10_z_curve,2,-0.8406328429323133
huihui-ai--Huihui-Qwen3-0.6B-abliterated-v2,x10_z_curve,3,-0.5479267688116451
huihui-ai--Huihui-Qwen3-0.6B-abliterated-v2,x10_z_curve,4,-1.0497379443328982
huihui-ai--Huihui-Qwen3-0.6B-abliterated-v2,x10_z_curve,5,-0.2644593464463063
huihui-ai--Huihui-Qwen3-0.6B-abliterated-v2,x10_z_curve,6,-1.107488827477852
huihui-ai--Huihui-Qwen3-0.6B-abliterated-v2,x10_z_curve,7,0.321906496840949
huihui-ai--Huihui-Qwen3-0.6B-abliterated-v2,x10_z_curve,8,-0.8938573911760799
huihui-ai--Huihui-Qwen3-0.6B-abliterated-v2,x10_z_curve,9,1.480313305477446
huihui-ai--Huihui-Qwen3-0.6B-abliterated-v2,x10_z_curve,10,0.6004557249541912
huihui-ai--Huihui-Qwen3-0.6B-abliterated-v2,x10_z_curve,11,0.5563888993800165
huihui-ai--Huihui-Qwen3-0.6B-abliterated-v2,x10_z_curve,12,1.8414755343284321
huihui-ai--Huihui-Qwen3-0.6B-abliterated-v2,x10_z_curve,13,-0.0597601335571183
huihui-ai--Huihui-Qwen3-0.6B-abliterated-v2,x10_z_curve,14,1.029139527732866
huihui-ai--Huihui-Qwen3-0.6B-abliterated-v2,x10_z_curve,15,-0.9840730171205896
huihui-ai--Huihui-Qwen3-0.6B-abliterated-v2,x10_z_curve,16,0.47167298495246435
huihui-ai--Huihui-Qwen3-0.6B-abliterated-v2,x10_z_curve,17,-0.11298711852134154
huihui-ai--Huihui-Qwen3-0.6B-abliterated-v2,x10_z_curve,18,-0.6046084234145902
huihui-ai--Huihui-Qwen3-0.6B-abliterated-v2,x10_z_curve,19,-0.15183422779666045
huihui-ai--Huihui-Qwen3-0.6B-abliterated-v2,x10_z_curve,20,1.220604183447466
huihui-ai--Huihui-Qwen3-0.6B-abliterated-v2,x10_z_curve,21,-0.5759271856241682
huihui-ai--Huihui-Qwen3-0.6B-abliterated-v2,x10_z_curve,22,0.07157584025116835
huihui-ai--Huihui-Qwen3-0.6B-abliterated-v2,x10_z_curve,23,-0.059556046333195126
huihui-ai--Huihui-Qwen3-0.6B-abliterated-v2,x10_z_curve,24,2.178584286997889
huihui-ai--Huihui-Qwen3-0.6B-abliterated-v2,x10_z_curve,25,1.5524347968127765
huihui-ai--Huihui-Qwen3-0.6B-abliterated-v2,x10_z_curve,26,1.831567844752652
huihui-ai--Huihui-Qwen3-0.6B-abliterated-v2,x10_z_curve,27,-3.259061886428743
huihui-ai--Huihui-Qwen3-0.6B-abliterated-v2,x10_sigma_min_curve,0,0.006604103837162256
huihui-ai--Huihui-Qwen3-0.6B-abliterated-v2,x10_sigma_min_curve,1,0.006280647125095129
huihui-ai--Huihui-Qwen3-0.6B-abliterated-v2,x10_sigma_min_curve,2,0.006409207358956337
huihui-ai--Huihui-Qwen3-0.6B-abliterated-v2,x10_sigma_min_curve,3,0.006660447921603918
huihui-ai--Huihui-Qwen3-0.6B-abliterated-v2,x10_sigma_min_curve,4,0.006652421317994595
huihui-ai--Huihui-Qwen3-0.6B-abliterated-v2,x10_sigma_min_curve,5,0.006725875660777092
huihui-ai--Huihui-Qwen3-0.6B-abliterated-v2,x10_sigma_min_curve,6,0.006597232539206743
huihui-ai--Huihui-Qwen3-0.6B-abliterated-v2,x10_sigma_min_curve,7,0.006368017755448818
huihui-ai--Huihui-Qwen3-0.6B-abliterated-v2,x10_sigma_min_curve,8,0.006517848931252956
huihui-ai--Huihui-Qwen3-0.6B-abliterated-v2,x10_sigma_min_curve,9,0.00616475660353899
huihui-ai--Huihui-Qwen3-0.6B-abliterated-v2,x10_sigma_min_curve,10,0.006101893726736307
huihui-ai--Huihui-Qwen3-0.6B-abliterated-v2,x10_sigma_min_curve,11,0.006197524257004261
huihui-ai--Huihui-Qwen3-0.6B-abliterated-v2,x10_sigma_min_curve,12,0.006024997681379318
huihui-ai--Huihui-Qwen3-0.6B-abliterated-v2,x10_sigma_min_curve,13,0.006029197014868259
huihui-ai--Huihui-Qwen3-0.6B-abliterated-v2,x10_sigma_min_curve,14,0.0057814340107142925
huihui-ai--Huihui-Qwen3-0.6B-abliterated-v2,x10_sigma_min_curve,15,0.0061228349804878235
huihui-ai--Huihui-Qwen3-0.6B-abliterated-v2,x10_sigma_min_curve,16,0.005974572151899338
huihui-ai--Huihui-Qwen3-0.6B-abliterated-v2,x10_sigma_min_curve,17,0.006076791789382696
huihui-ai--Huihui-Qwen3-0.6B-abliterated-v2,x10_sigma_min_curve,18,0.006212625652551651
huihui-ai--Huihui-Qwen3-0.6B-abliterated-v2,x10_sigma_min_curve,19,0.006506458390504122
huihui-ai--Huihui-Qwen3-0.6B-abliterated-v2,x10_sigma_min_curve,20,0.006710061337798834
huihui-ai--Huihui-Qwen3-0.6B-abliterated-v2,x10_sigma_min_curve,21,0.00742398900911212
huihui-ai--Huihui-Qwen3-0.6B-abliterated-v2,x10_sigma_min_curve,22,0.007616749498993158
huihui-ai--Huihui-Qwen3-0.6B-abliterated-v2,x10_sigma_min_curve,23,0.007813035510480404
huihui-ai--Huihui-Qwen3-0.6B-abliterated-v2,x10_sigma_min_curve,24,0.00757124088704586
huihui-ai--Huihui-Qwen3-0.6B-abliterated-v2,x10_sigma_min_curve,25,0.007755340076982975
huihui-ai--Huihui-Qwen3-0.6B-abliterated-v2,x10_sigma_min_curve,26,0.007465624716132879
huihui-ai--Huihui-Qwen3-0.6B-abliterated-v2,x10_sigma_min_curve,27,0.007625606842339039
huihui-ai--Huihui-Qwen3-0.6B-abliterated-v2,x10_sigma_mp_curve,0,1.0305926631911178
huihui-ai--Huihui-Qwen3-0.6B-abliterated-v2,x10_sigma_mp_curve,1,0.967139473590809
huihui-ai--Huihui-Qwen3-0.6B-abliterated-v2,x10_sigma_mp_curve,2,0.9697954982704032
huihui-ai--Huihui-Qwen3-0.6B-abliterated-v2,x10_sigma_mp_curve,3,1.0135691541789187
huihui-ai--Huihui-Qwen3-0.6B-abliterated-v2,x10_sigma_mp_curve,4,1.0025086310874203
huihui-ai--Huihui-Qwen3-0.6B-abliterated-v2,x10_sigma_mp_curve,5,1.0291882041452178
huihui-ai--Huihui-Qwen3-0.6B-abliterated-v2,x10_sigma_mp_curve,6,0.9930749451708859
huihui-ai--Huihui-Qwen3-0.6B-abliterated-v2,x10_sigma_mp_curve,7,0.9856131899887572
huihui-ai--Huihui-Qwen3-0.6B-abliterated-v2,x10_sigma_mp_curve,8,0.9852132620676121
huihui-ai--Huihui-Qwen3-0.6B-abliterated-v2,x10_sigma_mp_curve,9,0.9759097239726463
huihui-ai--Huihui-Qwen3-0.6B-abliterated-v2,x10_sigma_mp_curve,10,0.9495576275904767
huihui-ai--Huihui-Qwen3-0.6B-abliterated-v2,x10_sigma_mp_curve,11,0.9636125470792022
huihui-ai--Huihui-Qwen3-0.6B-abliterated-v2,x10_sigma_mp_curve,12,0.9605131831254413
huihui-ai--Huihui-Qwen3-0.6B-abliterated-v2,x10_sigma_mp_curve,13,0.9262658818916807
huihui-ai--Huihui-Qwen3-0.6B-abliterated-v2,x10_sigma_mp_curve,14,0.9072264915562979
huihui-ai--Huihui-Qwen3-0.6B-abliterated-v2,x10_sigma_mp_curve,15,0.9238808459004283
huihui-ai--Huihui-Qwen3-0.6B-abliterated-v2,x10_sigma_mp_curve,16,0.9274167968697975
huihui-ai--Huihui-Qwen3-0.6B-abliterated-v2,x10_sigma_mp_curve,17,0.93261124052415
huihui-ai--Huihui-Qwen3-0.6B-abliterated-v2,x10_sigma_mp_curve,18,0.9443783679259865
huihui-ai--Huihui-Qwen3-0.6B-abliterated-v2,x10_sigma_mp_curve,19,0.9977979094721998
huihui-ai--Huihui-Qwen3-0.6B-abliterated-v2,x10_sigma_mp_curve,20,1.056878350023007
huihui-ai--Huihui-Qwen3-0.6B-abliterated-v2,x10_sigma_mp_curve,21,1.1291472839903502
huihui-ai--Huihui-Qwen3-0.6B-abliterated-v2,x10_sigma_mp_curve,22,1.1731565944380593
huihui-ai--Huihui-Qwen3-0.6B-abliterated-v2,x10_sigma_mp_curve,23,1.2003218596661944
huihui-ai--Huihui-Qwen3-0.6B-abliterated-v2,x10_sigma_mp_curve,24,1.2149626635522845
huihui-ai--Huihui-Qwen3-0.6B-abliterated-v2,x10_sigma_mp_curve,25,1.2294310199857115
huihui-ai--Huihui-Qwen3-0.6B-abliterated-v2,x10_sigma_mp_curve,26,1.1899503900918562
huihui-ai--Huihui-Qwen3-0.6B-abliterated-v2,x10_sigma_mp_curve,27,1.1007999586822903
huihui-ai--Huihui-Qwen3-1.7B-abliterated-v2,x1_g_curve,0,0.0
huihui-ai--Huihui-Qwen3-1.7B-abliterated-v2,x1_g_curve,1,0.053517185371068955
huihui-ai--Huihui-Qwen3-1.7B-abliterated-v2,x1_g_curve,2,0.05901715000682392
huihui-ai--Huihui-Qwen3-1.7B-abliterated-v2,x1_g_curve,3,0.07749017166034944
huihui-ai--Huihui-Qwen3-1.7B-abliterated-v2,x1_g_curve,4,0.09417029377653724
huihui-ai--Huihui-Qwen3-1.7B-abliterated-v2,x1_g_curve,5,0.09908792234490467
huihui-ai--Huihui-Qwen3-1.7B-abliterated-v2,x1_g_curve,6,0.11404193520364969
huihui-ai--Huihui-Qwen3-1.7B-abliterated-v2,x1_g_curve,7,0.14130193920968265
huihui-ai--Huihui-Qwen3-1.7B-abliterated-v2,x1_g_curve,8,0.16958781152594835
huihui-ai--Huihui-Qwen3-1.7B-abliterated-v2,x1_g_curve,9,0.1837424172859944
huihui-ai--Huihui-Qwen3-1.7B-abliterated-v2,x1_g_curve,10,0.2117129034585073
huihui-ai--Huihui-Qwen3-1.7B-abliterated-v2,x1_g_curve,11,0.19678101966310005
huihui-ai--Huihui-Qwen3-1.7B-abliterated-v2,x1_g_curve,12,0.21654169390893233
huihui-ai--Huihui-Qwen3-1.7B-abliterated-v2,x1_g_curve,13,0.22697936662707124
huihui-ai--Huihui-Qwen3-1.7B-abliterated-v2,x1_g_curve,14,0.2393620712664884
huihui-ai--Huihui-Qwen3-1.7B-abliterated-v2,x1_g_curve,15,0.2565446130841169
huihui-ai--Huihui-Qwen3-1.7B-abliterated-v2,x1_g_curve,16,0.27045087861076345
huihui-ai--Huihui-Qwen3-1.7B-abliterated-v2,x1_g_curve,17,0.26496046192400724
huihui-ai--Huihui-Qwen3-1.7B-abliterated-v2,x1_g_curve,18,0.30952363933879457
huihui-ai--Huihui-Qwen3-1.7B-abliterated-v2,x1_g_curve,19,0.32981377544609736
huihui-ai--Huihui-Qwen3-1.7B-abliterated-v2,x1_g_curve,20,0.35985334493701915
huihui-ai--Huihui-Qwen3-1.7B-abliterated-v2,x1_g_curve,21,0.3729793339401335
huihui-ai--Huihui-Qwen3-1.7B-abliterated-v2,x1_g_curve,22,0.38481176454420624
huihui-ai--Huihui-Qwen3-1.7B-abliterated-v2,x1_g_curve,23,0.3601249480503587
huihui-ai--Huihui-Qwen3-1.7B-abliterated-v2,x1_g_curve,24,0.34290674603613347
huihui-ai--Huihui-Qwen3-1.7B-abliterated-v2,x1_g_curve,25,0.3076801995275208
huihui-ai--Huihui-Qwen3-1.7B-abliterated-v2,x1_g_curve,26,0.27680124315434207
huihui-ai--Huihui-Qwen3-1.7B-abliterated-v2,x1_g_curve,27,0.23503092410447654
huihui-ai--Huihui-Qwen3-1.7B-abliterated-v2,x1_g_curve,28,0.33436254952897554
huihui-ai--Huihui-Qwen3-1.7B-abliterated-v2,auroc_by_layer,0,0.5
huihui-ai--Huihui-Qwen3-1.7B-abliterated-v2,auroc_by_layer,1,0.8407118055555556
huihui-ai--Huihui-Qwen3-1.7B-abliterated-v2,auroc_by_layer,2,0.99609375
huihui-ai--Huihui-Qwen3-1.7B-abliterated-v2,auroc_by_layer,3,0.9830729166666666
huihui-ai--Huihui-Qwen3-1.7B-abliterated-v2,auroc_by_layer,4,0.9800347222222222
huihui-ai--Huihui-Qwen3-1.7B-abliterated-v2,auroc_by_layer,5,0.98046875
huihui-ai--Huihui-Qwen3-1.7B-abliterated-v2,auroc_by_layer,6,0.9778645833333334
huihui-ai--Huihui-Qwen3-1.7B-abliterated-v2,auroc_by_layer,7,0.9796006944444444
huihui-ai--Huihui-Qwen3-1.7B-abliterated-v2,auroc_by_layer,8,0.9769965277777778
huihui-ai--Huihui-Qwen3-1.7B-abliterated-v2,auroc_by_layer,9,0.9782986111111112
huihui-ai--Huihui-Qwen3-1.7B-abliterated-v2,auroc_by_layer,10,0.9709201388888888
huihui-ai--Huihui-Qwen3-1.7B-abliterated-v2,auroc_by_layer,11,0.9713541666666666
huihui-ai--Huihui-Qwen3-1.7B-abliterated-v2,auroc_by_layer,12,0.9691840277777778
huihui-ai--Huihui-Qwen3-1.7B-abliterated-v2,auroc_by_layer,13,0.9739583333333334
huihui-ai--Huihui-Qwen3-1.7B-abliterated-v2,auroc_by_layer,14,0.9730902777777778
huihui-ai--Huihui-Qwen3-1.7B-abliterated-v2,auroc_by_layer,15,0.9691840277777778
huihui-ai--Huihui-Qwen3-1.7B-abliterated-v2,auroc_by_layer,16,0.9800347222222222
huihui-ai--Huihui-Qwen3-1.7B-abliterated-v2,auroc_by_layer,17,0.9765625
huihui-ai--Huihui-Qwen3-1.7B-abliterated-v2,auroc_by_layer,18,0.9761284722222222
huihui-ai--Huihui-Qwen3-1.7B-abliterated-v2,auroc_by_layer,19,0.9713541666666666
huihui-ai--Huihui-Qwen3-1.7B-abliterated-v2,auroc_by_layer,20,0.9578993055555556
huihui-ai--Huihui-Qwen3-1.7B-abliterated-v2,auroc_by_layer,21,0.9665798611111112
huihui-ai--Huihui-Qwen3-1.7B-abliterated-v2,auroc_by_layer,22,0.9440104166666666
huihui-ai--Huihui-Qwen3-1.7B-abliterated-v2,auroc_by_layer,23,0.9518229166666666
huihui-ai--Huihui-Qwen3-1.7B-abliterated-v2,auroc_by_layer,24,0.9583333333333334
huihui-ai--Huihui-Qwen3-1.7B-abliterated-v2,auroc_by_layer,25,0.9596354166666666
huihui-ai--Huihui-Qwen3-1.7B-abliterated-v2,auroc_by_layer,26,0.9635416666666666
huihui-ai--Huihui-Qwen3-1.7B-abliterated-v2,auroc_by_layer,27,0.9657118055555556
huihui-ai--Huihui-Qwen3-1.7B-abliterated-v2,auroc_by_layer,28,0.9765625
huihui-ai--Huihui-Qwen3-1.7B-abliterated-v2,cohen_by_layer,0,
huihui-ai--Huihui-Qwen3-1.7B-abliterated-v2,cohen_by_layer,1,3.649615245958149
huihui-ai--Huihui-Qwen3-1.7B-abliterated-v2,cohen_by_layer,2,4.384666056441513
huihui-ai--Huihui-Qwen3-1.7B-abliterated-v2,cohen_by_layer,3,4.296174716888102
huihui-ai--Huihui-Qwen3-1.7B-abliterated-v2,cohen_by_layer,4,4.4126289057454695
huihui-ai--Huihui-Qwen3-1.7B-abliterated-v2,cohen_by_layer,5,4.274432982729805
huihui-ai--Huihui-Qwen3-1.7B-abliterated-v2,cohen_by_layer,6,4.080519053738229
huihui-ai--Huihui-Qwen3-1.7B-abliterated-v2,cohen_by_layer,7,3.8040853562988133
huihui-ai--Huihui-Qwen3-1.7B-abliterated-v2,cohen_by_layer,8,3.495714384404745
huihui-ai--Huihui-Qwen3-1.7B-abliterated-v2,cohen_by_layer,9,3.5968493530348837
huihui-ai--Huihui-Qwen3-1.7B-abliterated-v2,cohen_by_layer,10,3.5080227981213645
huihui-ai--Huihui-Qwen3-1.7B-abliterated-v2,cohen_by_layer,11,3.329603637731202
huihui-ai--Huihui-Qwen3-1.7B-abliterated-v2,cohen_by_layer,12,3.2543093614373353
huihui-ai--Huihui-Qwen3-1.7B-abliterated-v2,cohen_by_layer,13,3.3377217986695173
huihui-ai--Huihui-Qwen3-1.7B-abliterated-v2,cohen_by_layer,14,3.324522193440999
huihui-ai--Huihui-Qwen3-1.7B-abliterated-v2,cohen_by_layer,15,3.1982713616492346
huihui-ai--Huihui-Qwen3-1.7B-abliterated-v2,cohen_by_layer,16,3.8985077643380155
huihui-ai--Huihui-Qwen3-1.7B-abliterated-v2,cohen_by_layer,17,3.507222673332114
huihui-ai--Huihui-Qwen3-1.7B-abliterated-v2,cohen_by_layer,18,3.613557144435986
huihui-ai--Huihui-Qwen3-1.7B-abliterated-v2,cohen_by_layer,19,3.4135128456809154
huihui-ai--Huihui-Qwen3-1.7B-abliterated-v2,cohen_by_layer,20,3.0231875857236608
huihui-ai--Huihui-Qwen3-1.7B-abliterated-v2,cohen_by_layer,21,3.244443043993419
huihui-ai--Huihui-Qwen3-1.7B-abliterated-v2,cohen_by_layer,22,2.9024381602614504
huihui-ai--Huihui-Qwen3-1.7B-abliterated-v2,cohen_by_layer,23,3.0486519154330436
huihui-ai--Huihui-Qwen3-1.7B-abliterated-v2,cohen_by_layer,24,3.2346227251212825
huihui-ai--Huihui-Qwen3-1.7B-abliterated-v2,cohen_by_layer,25,3.2666292459762123
huihui-ai--Huihui-Qwen3-1.7B-abliterated-v2,cohen_by_layer,26,3.268725611976112
huihui-ai--Huihui-Qwen3-1.7B-abliterated-v2,cohen_by_layer,27,3.3293063802270204
huihui-ai--Huihui-Qwen3-1.7B-abliterated-v2,cohen_by_layer,28,3.3003569474701724
huihui-ai--Huihui-Qwen3-1.7B-abliterated-v2,x2_wm_curve,0,0.935012229090641
huihui-ai--Huihui-Qwen3-1.7B-abliterated-v2,x2_wm_curve,1,1.0222745378027187
huihui-ai--Huihui-Qwen3-1.7B-abliterated-v2,x2_wm_curve,2,1.031951057341529
huihui-ai--Huihui-Qwen3-1.7B-abliterated-v2,x2_wm_curve,3,1.106183202448282
huihui-ai--Huihui-Qwen3-1.7B-abliterated-v2,x2_wm_curve,4,1.0529742721530675
huihui-ai--Huihui-Qwen3-1.7B-abliterated-v2,x2_wm_curve,5,1.0544473487222121
huihui-ai--Huihui-Qwen3-1.7B-abliterated-v2,x2_wm_curve,6,1.0279279570485806
huihui-ai--Huihui-Qwen3-1.7B-abliterated-v2,x2_wm_curve,7,1.0164421956679819
huihui-ai--Huihui-Qwen3-1.7B-abliterated-v2,x2_wm_curve,8,0.9855157614872507
huihui-ai--Huihui-Qwen3-1.7B-abliterated-v2,x2_wm_curve,9,0.9876952611311318
huihui-ai--Huihui-Qwen3-1.7B-abliterated-v2,x2_wm_curve,10,0.9463349009238514
huihui-ai--Huihui-Qwen3-1.7B-abliterated-v2,x2_wm_curve,11,0.933936779841786
huihui-ai--Huihui-Qwen3-1.7B-abliterated-v2,x2_wm_curve,12,0.9575443545431693
huihui-ai--Huihui-Qwen3-1.7B-abliterated-v2,x2_wm_curve,13,0.9197065305113059
huihui-ai--Huihui-Qwen3-1.7B-abliterated-v2,x2_wm_curve,14,0.9424591758649086
huihui-ai--Huihui-Qwen3-1.7B-abliterated-v2,x2_wm_curve,15,0.9521624666193266
huihui-ai--Huihui-Qwen3-1.7B-abliterated-v2,x2_wm_curve,16,0.948710732523708
huihui-ai--Huihui-Qwen3-1.7B-abliterated-v2,x2_wm_curve,17,0.9887809890535599
huihui-ai--Huihui-Qwen3-1.7B-abliterated-v2,x2_wm_curve,18,0.9712653235233581
huihui-ai--Huihui-Qwen3-1.7B-abliterated-v2,x2_wm_curve,19,0.9182530589348409
huihui-ai--Huihui-Qwen3-1.7B-abliterated-v2,x2_wm_curve,20,0.9381916607067956
huihui-ai--Huihui-Qwen3-1.7B-abliterated-v2,x2_wm_curve,21,0.9283819549562982
huihui-ai--Huihui-Qwen3-1.7B-abliterated-v2,x2_wm_curve,22,0.9292267798436172
huihui-ai--Huihui-Qwen3-1.7B-abliterated-v2,x2_wm_curve,23,0.9111826061068955
huihui-ai--Huihui-Qwen3-1.7B-abliterated-v2,x2_wm_curve,24,0.9257701987337246
huihui-ai--Huihui-Qwen3-1.7B-abliterated-v2,x2_wm_curve,25,0.9431553607894319
huihui-ai--Huihui-Qwen3-1.7B-abliterated-v2,x2_wm_curve,26,0.9517781477768262
huihui-ai--Huihui-Qwen3-1.7B-abliterated-v2,x2_wm_curve,27,0.9673919336271003
huihui-ai--Huihui-Qwen3-1.7B-abliterated-v2,x8_drive_gap_curve,0,0.0
huihui-ai--Huihui-Qwen3-1.7B-abliterated-v2,x8_drive_gap_curve,1,-0.14958441754182195
huihui-ai--Huihui-Qwen3-1.7B-abliterated-v2,x8_drive_gap_curve,2,0.008527755737304688
huihui-ai--Huihui-Qwen3-1.7B-abliterated-v2,x8_drive_gap_curve,3,0.15995376308759054
huihui-ai--Huihui-Qwen3-1.7B-abliterated-v2,x8_drive_gap_curve,4,0.11290316780408223
huihui-ai--Huihui-Qwen3-1.7B-abliterated-v2,x8_drive_gap_curve,5,-0.20390871167182922
huihui-ai--Huihui-Qwen3-1.7B-abliterated-v2,x8_drive_gap_curve,6,-0.10137580831845605
huihui-ai--Huihui-Qwen3-1.7B-abliterated-v2,x8_drive_gap_curve,7,0.007231752077738445
huihui-ai--Huihui-Qwen3-1.7B-abliterated-v2,x8_drive_gap_curve,8,0.4369720617930094
huihui-ai--Huihui-Qwen3-1.7B-abliterated-v2,x8_drive_gap_curve,9,0.13552124301592508
huihui-ai--Huihui-Qwen3-1.7B-abliterated-v2,x8_drive_gap_curve,10,0.239729106426239
huihui-ai--Huihui-Qwen3-1.7B-abliterated-v2,x8_drive_gap_curve,11,-0.5028401116530101
huihui-ai--Huihui-Qwen3-1.7B-abliterated-v2,x8_drive_gap_curve,12,-0.019006500641504998
huihui-ai--Huihui-Qwen3-1.7B-abliterated-v2,x8_drive_gap_curve,13,0.31751219431559247
huihui-ai--Huihui-Qwen3-1.7B-abliterated-v2,x8_drive_gap_curve,14,0.3258301218350728
huihui-ai--Huihui-Qwen3-1.7B-abliterated-v2,x8_drive_gap_curve,15,0.12304870287577313
huihui-ai--Huihui-Qwen3-1.7B-abliterated-v2,x8_drive_gap_curve,16,0.7138823668162029
huihui-ai--Huihui-Qwen3-1.7B-abliterated-v2,x8_drive_gap_curve,17,0.21267856160799647
huihui-ai--Huihui-Qwen3-1.7B-abliterated-v2,x8_drive_gap_curve,18,-0.12129473686218262
huihui-ai--Huihui-Qwen3-1.7B-abliterated-v2,x8_drive_gap_curve,19,-1.4716713627179465
huihui-ai--Huihui-Qwen3-1.7B-abliterated-v2,x8_drive_gap_curve,20,-3.9606991807619734
huihui-ai--Huihui-Qwen3-1.7B-abliterated-v2,x8_drive_gap_curve,21,-3.297635515530904
huihui-ai--Huihui-Qwen3-1.7B-abliterated-v2,x8_drive_gap_curve,22,-8.57553764184316
huihui-ai--Huihui-Qwen3-1.7B-abliterated-v2,x8_drive_gap_curve,23,-5.760946094989777
huihui-ai--Huihui-Qwen3-1.7B-abliterated-v2,x8_drive_gap_curve,24,-3.3049420913060508
huihui-ai--Huihui-Qwen3-1.7B-abliterated-v2,x8_drive_gap_curve,25,-2.014700174331665
huihui-ai--Huihui-Qwen3-1.7B-abliterated-v2,x8_drive_gap_curve,26,-0.30020991961161303
huihui-ai--Huihui-Qwen3-1.7B-abliterated-v2,x8_drive_gap_curve,27,-0.8167452613512676
huihui-ai--Huihui-Qwen3-1.7B-abliterated-v2,x8_drive_gap_curve,28,-0.8285621404647827
huihui-ai--Huihui-Qwen3-1.7B-abliterated-v2,x10_scar_curve,0,1.9908193084199532
huihui-ai--Huihui-Qwen3-1.7B-abliterated-v2,x10_scar_curve,1,2.0045685098482506
huihui-ai--Huihui-Qwen3-1.7B-abliterated-v2,x10_scar_curve,2,1.9937737398412032
huihui-ai--Huihui-Qwen3-1.7B-abliterated-v2,x10_scar_curve,3,1.998365374607158
huihui-ai--Huihui-Qwen3-1.7B-abliterated-v2,x10_scar_curve,4,1.9840023818381438
huihui-ai--Huihui-Qwen3-1.7B-abliterated-v2,x10_scar_curve,5,1.979685936338654
huihui-ai--Huihui-Qwen3-1.7B-abliterated-v2,x10_scar_curve,6,1.9872924030514982
huihui-ai--Huihui-Qwen3-1.7B-abliterated-v2,x10_scar_curve,7,2.001968404961789
huihui-ai--Huihui-Qwen3-1.7B-abliterated-v2,x10_scar_curve,8,2.003275952519081
huihui-ai--Huihui-Qwen3-1.7B-abliterated-v2,x10_scar_curve,9,1.997501857033683
huihui-ai--Huihui-Qwen3-1.7B-abliterated-v2,x10_scar_curve,10,1.9891981172831477
huihui-ai--Huihui-Qwen3-1.7B-abliterated-v2,x10_scar_curve,11,2.0014902154062066
huihui-ai--Huihui-Qwen3-1.7B-abliterated-v2,x10_scar_curve,12,2.0035953722697033
huihui-ai--Huihui-Qwen3-1.7B-abliterated-v2,x10_scar_curve,13,2.015258924805868
huihui-ai--Huihui-Qwen3-1.7B-abliterated-v2,x10_scar_curve,14,2.004675384051511
huihui-ai--Huihui-Qwen3-1.7B-abliterated-v2,x10_scar_curve,15,2.005230785187385
huihui-ai--Huihui-Qwen3-1.7B-abliterated-v2,x10_scar_curve,16,1.9966064683682967
huihui-ai--Huihui-Qwen3-1.7B-abliterated-v2,x10_scar_curve,17,1.9943761969898235
huihui-ai--Huihui-Qwen3-1.7B-abliterated-v2,x10_scar_curve,18,2.004380019837777
huihui-ai--Huihui-Qwen3-1.7B-abliterated-v2,x10_scar_curve,19,1.9933413059767657
huihui-ai--Huihui-Qwen3-1.7B-abliterated-v2,x10_scar_curve,20,1.995898862036186
huihui-ai--Huihui-Qwen3-1.7B-abliterated-v2,x10_scar_curve,21,1.992798169869523
huihui-ai--Huihui-Qwen3-1.7B-abliterated-v2,x10_scar_curve,22,1.9963782583583123
huihui-ai--Huihui-Qwen3-1.7B-abliterated-v2,x10_scar_curve,23,1.99673062999685
huihui-ai--Huihui-Qwen3-1.7B-abliterated-v2,x10_scar_curve,24,1.9975901862530177
huihui-ai--Huihui-Qwen3-1.7B-abliterated-v2,x10_scar_curve,25,1.9982826801857032
huihui-ai--Huihui-Qwen3-1.7B-abliterated-v2,x10_scar_curve,26,1.995875370603617
huihui-ai--Huihui-Qwen3-1.7B-abliterated-v2,x10_scar_curve,27,1.9877779525213004
huihui-ai--Huihui-Qwen3-1.7B-abliterated-v2,x10_z_curve,0,-0.7795781787028606
huihui-ai--Huihui-Qwen3-1.7B-abliterated-v2,x10_z_curve,1,1.0528951016908266
huihui-ai--Huihui-Qwen3-1.7B-abliterated-v2,x10_z_curve,2,-0.38581591793230763
huihui-ai--Huihui-Qwen3-1.7B-abliterated-v2,x10_z_curve,3,0.22615038904328605
huihui-ai--Huihui-Qwen3-1.7B-abliterated-v2,x10_z_curve,4,-1.6881280956356124
huihui-ai--Huihui-Qwen3-1.7B-abliterated-v2,x10_z_curve,5,-2.2634175831989642
huihui-ai--Huihui-Qwen3-1.7B-abliterated-v2,x10_z_curve,6,-1.2496389225122702
huihui-ai--Huihui-Qwen3-1.7B-abliterated-v2,x10_z_curve,7,0.7063569586932595
huihui-ai--Huihui-Qwen3-1.7B-abliterated-v2,x10_z_curve,8,0.8806249679355784
huihui-ai--Huihui-Qwen3-1.7B-abliterated-v2,x10_z_curve,9,0.11106204090938855
huihui-ai--Huihui-Qwen3-1.7B-abliterated-v2,x10_z_curve,10,-0.9956481414639773
huihui-ai--Huihui-Qwen3-1.7B-abliterated-v2,x10_z_curve,11,0.6426245602599309
huihui-ai--Huihui-Qwen3-1.7B-abliterated-v2,x10_z_curve,12,0.9231967610173909
huihui-ai--Huihui-Qwen3-1.7B-abliterated-v2,x10_z_curve,13,2.4776978342943963
huihui-ai--Huihui-Qwen3-1.7B-abliterated-v2,x10_z_curve,14,1.0671391378160482
huihui-ai--Huihui-Qwen3-1.7B-abliterated-v2,x10_z_curve,15,1.1411621817504425
huihui-ai--Huihui-Qwen3-1.7B-abliterated-v2,x10_z_curve,16,-0.008274039330956197
huihui-ai--Huihui-Qwen3-1.7B-abliterated-v2,x10_z_curve,17,-0.30552131804691274
huihui-ai--Huihui-Qwen3-1.7B-abliterated-v2,x10_z_curve,18,1.0277734311985218
huihui-ai--Huihui-Qwen3-1.7B-abliterated-v2,x10_z_curve,19,-0.44345006535909304
huihui-ai--Huihui-Qwen3-1.7B-abliterated-v2,x10_z_curve,20,-0.10258276725181201
huihui-ai--Huihui-Qwen3-1.7B-abliterated-v2,x10_z_curve,21,-0.5158384443736745
huihui-ai--Huihui-Qwen3-1.7B-abliterated-v2,x10_z_curve,22,-0.038689532754023405
huihui-ai--Huihui-Qwen3-1.7B-abliterated-v2,x10_z_curve,23,0.008274039330956197
huihui-ai--Huihui-Qwen3-1.7B-abliterated-v2,x10_z_curve,24,0.12283442893881011
huihui-ai--Huihui-Qwen3-1.7B-abliterated-v2,x10_z_curve,25,0.21512899856154696
huihui-ai--Huihui-Qwen3-1.7B-abliterated-v2,x10_z_curve,26,-0.10571367072466434
huihui-ai--Huihui-Qwen3-1.7B-abliterated-v2,x10_z_curve,27,-1.1849256055707797
huihui-ai--Huihui-Qwen3-1.7B-abliterated-v2,x10_sigma_min_curve,0,0.015256170183420181
huihui-ai--Huihui-Qwen3-1.7B-abliterated-v2,x10_sigma_min_curve,1,0.0134147759526968
huihui-ai--Huihui-Qwen3-1.7B-abliterated-v2,x10_sigma_min_curve,2,0.014134958386421204
huihui-ai--Huihui-Qwen3-1.7B-abliterated-v2,x10_sigma_min_curve,3,0.014167658053338528
huihui-ai--Huihui-Qwen3-1.7B-abliterated-v2,x10_sigma_min_curve,4,0.014565632678568363
huihui-ai--Huihui-Qwen3-1.7B-abliterated-v2,x10_sigma_min_curve,5,0.015439473092556
huihui-ai--Huihui-Qwen3-1.7B-abliterated-v2,x10_sigma_min_curve,6,0.014885001815855503
huihui-ai--Huihui-Qwen3-1.7B-abliterated-v2,x10_sigma_min_curve,7,0.014234483242034912
huihui-ai--Huihui-Qwen3-1.7B-abliterated-v2,x10_sigma_min_curve,8,0.01443335972726345
huihui-ai--Huihui-Qwen3-1.7B-abliterated-v2,x10_sigma_min_curve,9,0.014810948632657528
huihui-ai--Huihui-Qwen3-1.7B-abliterated-v2,x10_sigma_min_curve,10,0.014910928905010223
huihui-ai--Huihui-Qwen3-1.7B-abliterated-v2,x10_sigma_min_curve,11,0.014708399772644043
huihui-ai--Huihui-Qwen3-1.7B-abliterated-v2,x10_sigma_min_curve,12,0.014632279984652996
huihui-ai--Huihui-Qwen3-1.7B-abliterated-v2,x10_sigma_min_curve,13,0.013881812803447247
huihui-ai--Huihui-Qwen3-1.7B-abliterated-v2,x10_sigma_min_curve,14,0.01414788793772459
huihui-ai--Huihui-Qwen3-1.7B-abliterated-v2,x10_sigma_min_curve,15,0.01424498576670885
huihui-ai--Huihui-Qwen3-1.7B-abliterated-v2,x10_sigma_min_curve,16,0.014638138003647327
huihui-ai--Huihui-Qwen3-1.7B-abliterated-v2,x10_sigma_min_curve,17,0.015122677199542522
huihui-ai--Huihui-Qwen3-1.7B-abliterated-v2,x10_sigma_min_curve,18,0.014912689104676247
huihui-ai--Huihui-Qwen3-1.7B-abliterated-v2,x10_sigma_min_curve,19,0.015797369182109833
huihui-ai--Huihui-Qwen3-1.7B-abliterated-v2,x10_sigma_min_curve,20,0.01616419292986393
huihui-ai--Huihui-Qwen3-1.7B-abliterated-v2,x10_sigma_min_curve,21,0.016679884865880013
huihui-ai--Huihui-Qwen3-1.7B-abliterated-v2,x10_sigma_min_curve,22,0.016744887456297874
huihui-ai--Huihui-Qwen3-1.7B-abliterated-v2,x10_sigma_min_curve,23,0.016891133040189743
huihui-ai--Huihui-Qwen3-1.7B-abliterated-v2,x10_sigma_min_curve,24,0.01697242632508278
huihui-ai--Huihui-Qwen3-1.7B-abliterated-v2,x10_sigma_min_curve,25,0.017002534121274948
huihui-ai--Huihui-Qwen3-1.7B-abliterated-v2,x10_sigma_min_curve,26,0.016844699159264565
huihui-ai--Huihui-Qwen3-1.7B-abliterated-v2,x10_sigma_min_curve,27,0.01624091900885105
huihui-ai--Huihui-Qwen3-1.7B-abliterated-v2,x10_sigma_mp_curve,0,1.4937049942118739
huihui-ai--Huihui-Qwen3-1.7B-abliterated-v2,x10_sigma_mp_curve,1,1.3556635946051754
huihui-ai--Huihui-Qwen3-1.7B-abliterated-v2,x10_sigma_mp_curve,2,1.3933758340507765
huihui-ai--Huihui-Qwen3-1.7B-abliterated-v2,x10_sigma_mp_curve,3,1.4114433142845086
huihui-ai--Huihui-Qwen3-1.7B-abliterated-v2,x10_sigma_mp_curve,4,1.4038856517332967
huihui-ai--Huihui-Qwen3-1.7B-abliterated-v2,x10_sigma_mp_curve,5,1.4733923522769723
huihui-ai--Huihui-Qwen3-1.7B-abliterated-v2,x10_sigma_mp_curve,6,1.4455772173337456
huihui-ai--Huihui-Qwen3-1.7B-abliterated-v2,x10_sigma_mp_curve,7,1.4299146326890508
huihui-ai--Huihui-Qwen3-1.7B-abliterated-v2,x10_sigma_mp_curve,8,1.454264451899956
huihui-ai--Huihui-Qwen3-1.7B-abliterated-v2,x10_sigma_mp_curve,9,1.472599785072885
huihui-ai--Huihui-Qwen3-1.7B-abliterated-v2,x10_sigma_mp_curve,10,1.454463465708646
huihui-ai--Huihui-Qwen3-1.7B-abliterated-v2,x10_sigma_mp_curve,11,1.4758956096105913
huihui-ai--Huihui-Qwen3-1.7B-abliterated-v2,x10_sigma_mp_curve,12,1.4753918323947932
huihui-ai--Huihui-Qwen3-1.7B-abliterated-v2,x10_sigma_mp_curve,13,1.4378219470595965
huihui-ai--Huihui-Qwen3-1.7B-abliterated-v2,x10_sigma_mp_curve,14,1.4301019382546367
huihui-ai--Huihui-Qwen3-1.7B-abliterated-v2,x10_sigma_mp_curve,15,1.4417594438697707
huihui-ai--Huihui-Qwen3-1.7B-abliterated-v2,x10_sigma_mp_curve,16,1.4524202843619771
huihui-ai--Huihui-Qwen3-1.7B-abliterated-v2,x10_sigma_mp_curve,17,1.4928111803035062
huihui-ai--Huihui-Qwen3-1.7B-abliterated-v2,x10_sigma_mp_curve,18,1.5063850043520575
huihui-ai--Huihui-Qwen3-1.7B-abliterated-v2,x10_sigma_mp_curve,19,1.5557007949721124
huihui-ai--Huihui-Qwen3-1.7B-abliterated-v2,x10_sigma_mp_curve,20,1.6012269366532443
huihui-ai--Huihui-Qwen3-1.7B-abliterated-v2,x10_sigma_mp_curve,21,1.6405566003062484
huihui-ai--Huihui-Qwen3-1.7B-abliterated-v2,x10_sigma_mp_curve,22,1.6605826319346197
huihui-ai--Huihui-Qwen3-1.7B-abliterated-v2,x10_sigma_mp_curve,23,1.6764453964650465
huihui-ai--Huihui-Qwen3-1.7B-abliterated-v2,x10_sigma_mp_curve,24,1.6878510506411832
huihui-ai--Huihui-Qwen3-1.7B-abliterated-v2,x10_sigma_mp_curve,25,1.6935434178834798
huihui-ai--Huihui-Qwen3-1.7B-abliterated-v2,x10_sigma_mp_curve,26,1.6685477114135736
huihui-ai--Huihui-Qwen3-1.7B-abliterated-v2,x10_sigma_mp_curve,27,1.5790233531871836
ibm-granite--granite-3.2-2b-instruct,x1_g_curve,0,0.0
ibm-granite--granite-3.2-2b-instruct,x1_g_curve,1,0.01567966418913903
ibm-granite--granite-3.2-2b-instruct,x1_g_curve,2,0.0476497087355589
ibm-granite--granite-3.2-2b-instruct,x1_g_curve,3,0.051693328980861146
ibm-granite--granite-3.2-2b-instruct,x1_g_curve,4,0.08722133197083991
ibm-granite--granite-3.2-2b-instruct,x1_g_curve,5,0.1441933745520732
ibm-granite--granite-3.2-2b-instruct,x1_g_curve,6,0.18429325937262386
ibm-granite--granite-3.2-2b-instruct,x1_g_curve,7,0.22682554586450474
ibm-granite--granite-3.2-2b-instruct,x1_g_curve,8,0.26592395613258696
ibm-granite--granite-3.2-2b-instruct,x1_g_curve,9,0.24588136829579818
ibm-granite--granite-3.2-2b-instruct,x1_g_curve,10,0.27504199961723996
ibm-granite--granite-3.2-2b-instruct,x1_g_curve,11,0.2901969605988216
ibm-granite--granite-3.2-2b-instruct,x1_g_curve,12,0.3141558798087929
ibm-granite--granite-3.2-2b-instruct,x1_g_curve,13,0.33732692215122956
ibm-granite--granite-3.2-2b-instruct,x1_g_curve,14,0.3816102760326324
ibm-granite--granite-3.2-2b-instruct,x1_g_curve,15,0.4022450379001696
ibm-granite--granite-3.2-2b-instruct,x1_g_curve,16,0.45283660001851395
ibm-granite--granite-3.2-2b-instruct,x1_g_curve,17,0.44480482049154124
ibm-granite--granite-3.2-2b-instruct,x1_g_curve,18,0.4941110244566745
ibm-granite--granite-3.2-2b-instruct,x1_g_curve,19,0.4769650967051557
ibm-granite--granite-3.2-2b-instruct,x1_g_curve,20,0.4939870911483201
ibm-granite--granite-3.2-2b-instruct,x1_g_curve,21,0.5443421512652165
ibm-granite--granite-3.2-2b-instruct,x1_g_curve,22,0.5895269379856102
ibm-granite--granite-3.2-2b-instruct,x1_g_curve,23,0.604642362902599
ibm-granite--granite-3.2-2b-instruct,x1_g_curve,24,0.6243454806747475
ibm-granite--granite-3.2-2b-instruct,x1_g_curve,25,0.6057658945357539
ibm-granite--granite-3.2-2b-instruct,x1_g_curve,26,0.6543016597744196
ibm-granite--granite-3.2-2b-instruct,x1_g_curve,27,0.6553854651517527
ibm-granite--granite-3.2-2b-instruct,x1_g_curve,28,0.6687213648329583
ibm-granite--granite-3.2-2b-instruct,x1_g_curve,29,0.7198977011914444
ibm-granite--granite-3.2-2b-instruct,x1_g_curve,30,0.734958930043676
ibm-granite--granite-3.2-2b-instruct,x1_g_curve,31,0.7879393723465425
ibm-granite--granite-3.2-2b-instruct,x1_g_curve,32,0.8159944153662412
ibm-granite--granite-3.2-2b-instruct,x1_g_curve,33,0.8212841745283532
ibm-granite--granite-3.2-2b-instruct,x1_g_curve,34,0.7879199931048534
ibm-granite--granite-3.2-2b-instruct,x1_g_curve,35,0.7269738252834764
ibm-granite--granite-3.2-2b-instruct,x1_g_curve,36,0.6888992552846861
ibm-granite--granite-3.2-2b-instruct,x1_g_curve,37,0.6788004099445154
ibm-granite--granite-3.2-2b-instruct,x1_g_curve,38,0.6411491068378566
ibm-granite--granite-3.2-2b-instruct,x1_g_curve,39,0.6105192305768914
ibm-granite--granite-3.2-2b-instruct,x1_g_curve,40,0.8136435243345964
ibm-granite--granite-3.2-2b-instruct,auroc_by_layer,0,0.5
ibm-granite--granite-3.2-2b-instruct,auroc_by_layer,1,0.6106770833333334
ibm-granite--granite-3.2-2b-instruct,auroc_by_layer,2,0.9874131944444444
ibm-granite--granite-3.2-2b-instruct,auroc_by_layer,3,0.9796006944444444
ibm-granite--granite-3.2-2b-instruct,auroc_by_layer,4,0.9956597222222222
ibm-granite--granite-3.2-2b-instruct,auroc_by_layer,5,0.9874131944444444
ibm-granite--granite-3.2-2b-instruct,auroc_by_layer,6,0.9986979166666666
ibm-granite--granite-3.2-2b-instruct,auroc_by_layer,7,0.9895833333333334
ibm-granite--granite-3.2-2b-instruct,auroc_by_layer,8,0.9995659722222222
ibm-granite--granite-3.2-2b-instruct,auroc_by_layer,9,0.9852430555555556
ibm-granite--granite-3.2-2b-instruct,auroc_by_layer,10,0.9908854166666666
ibm-granite--granite-3.2-2b-instruct,auroc_by_layer,11,0.9926215277777778
ibm-granite--granite-3.2-2b-instruct,auroc_by_layer,12,0.9934895833333334
ibm-granite--granite-3.2-2b-instruct,auroc_by_layer,13,0.9978298611111112
ibm-granite--granite-3.2-2b-instruct,auroc_by_layer,14,0.9991319444444444
ibm-granite--granite-3.2-2b-instruct,auroc_by_layer,15,0.9991319444444444
ibm-granite--granite-3.2-2b-instruct,auroc_by_layer,16,0.9991319444444444
ibm-granite--granite-3.2-2b-instruct,auroc_by_layer,17,0.9995659722222222
ibm-granite--granite-3.2-2b-instruct,auroc_by_layer,18,0.9995659722222222
ibm-granite--granite-3.2-2b-instruct,auroc_by_layer,19,0.9995659722222222
ibm-granite--granite-3.2-2b-instruct,auroc_by_layer,20,1.0
ibm-granite--granite-3.2-2b-instruct,auroc_by_layer,21,0.9995659722222222
ibm-granite--granite-3.2-2b-instruct,auroc_by_layer,22,1.0
ibm-granite--granite-3.2-2b-instruct,auroc_by_layer,23,1.0
ibm-granite--granite-3.2-2b-instruct,auroc_by_layer,24,1.0
ibm-granite--granite-3.2-2b-instruct,auroc_by_layer,25,1.0
ibm-granite--granite-3.2-2b-instruct,auroc_by_layer,26,1.0
ibm-granite--granite-3.2-2b-instruct,auroc_by_layer,27,1.0
ibm-granite--granite-3.2-2b-instruct,auroc_by_layer,28,1.0
ibm-granite--granite-3.2-2b-instruct,auroc_by_layer,29,1.0
ibm-granite--granite-3.2-2b-instruct,auroc_by_layer,30,1.0
ibm-granite--granite-3.2-2b-instruct,auroc_by_layer,31,1.0
ibm-granite--granite-3.2-2b-instruct,auroc_by_layer,32,1.0
ibm-granite--granite-3.2-2b-instruct,auroc_by_layer,33,1.0
ibm-granite--granite-3.2-2b-instruct,auroc_by_layer,34,1.0
ibm-granite--granite-3.2-2b-instruct,auroc_by_layer,35,1.0
ibm-granite--granite-3.2-2b-instruct,auroc_by_layer,36,1.0
ibm-granite--granite-3.2-2b-instruct,auroc_by_layer,37,1.0
ibm-granite--granite-3.2-2b-instruct,auroc_by_layer,38,1.0
ibm-granite--granite-3.2-2b-instruct,auroc_by_layer,39,1.0
ibm-granite--granite-3.2-2b-instruct,auroc_by_layer,40,1.0
ibm-granite--granite-3.2-2b-instruct,cohen_by_layer,0,
ibm-granite--granite-3.2-2b-instruct,cohen_by_layer,1,1.7678339907237854
ibm-granite--granite-3.2-2b-instruct,cohen_by_layer,2,5.516456938470856
ibm-granite--granite-3.2-2b-instruct,cohen_by_layer,3,4.626274399556368
ibm-granite--granite-3.2-2b-instruct,cohen_by_layer,4,4.712746991007558
ibm-granite--granite-3.2-2b-instruct,cohen_by_layer,5,4.080491535293245
ibm-granite--granite-3.2-2b-instruct,cohen_by_layer,6,4.47026654025075
ibm-granite--granite-3.2-2b-instruct,cohen_by_layer,7,4.171088221452331
ibm-granite--granite-3.2-2b-instruct,cohen_by_layer,8,5.09105052697546
ibm-granite--granite-3.2-2b-instruct,cohen_by_layer,9,4.429783197539738
ibm-granite--granite-3.2-2b-instruct,cohen_by_layer,10,5.112979236221901
ibm-granite--granite-3.2-2b-instruct,cohen_by_layer,11,5.251994034160124
ibm-granite--granite-3.2-2b-instruct,cohen_by_layer,12,5.16303269865497
ibm-granite--granite-3.2-2b-instruct,cohen_by_layer,13,5.6249287079525265
ibm-granite--granite-3.2-2b-instruct,cohen_by_layer,14,6.291389574022432
ibm-granite--granite-3.2-2b-instruct,cohen_by_layer,15,6.650790844530366
ibm-granite--granite-3.2-2b-instruct,cohen_by_layer,16,5.704729295444523
ibm-granite--granite-3.2-2b-instruct,cohen_by_layer,17,6.477039480163089
ibm-granite--granite-3.2-2b-instruct,cohen_by_layer,18,6.661078344041933
ibm-granite--granite-3.2-2b-instruct,cohen_by_layer,19,7.033356627820094
ibm-granite--granite-3.2-2b-instruct,cohen_by_layer,20,7.218692364249139
ibm-granite--granite-3.2-2b-instruct,cohen_by_layer,21,6.807155520078636
ibm-granite--granite-3.2-2b-instruct,cohen_by_layer,22,6.83264905578098
ibm-granite--granite-3.2-2b-instruct,cohen_by_layer,23,7.179964977584858
ibm-granite--granite-3.2-2b-instruct,cohen_by_layer,24,7.022710867498283
ibm-granite--granite-3.2-2b-instruct,cohen_by_layer,25,7.374457251648609
ibm-granite--granite-3.2-2b-instruct,cohen_by_layer,26,7.226200727763403
ibm-granite--granite-3.2-2b-instruct,cohen_by_layer,27,7.12762751467811
ibm-granite--granite-3.2-2b-instruct,cohen_by_layer,28,7.178670108612408
ibm-granite--granite-3.2-2b-instruct,cohen_by_layer,29,7.027027944486046
ibm-granite--granite-3.2-2b-instruct,cohen_by_layer,30,7.111848523039746
ibm-granite--granite-3.2-2b-instruct,cohen_by_layer,31,7.171358257616352
ibm-granite--granite-3.2-2b-instruct,cohen_by_layer,32,7.4182236310931735
ibm-granite--granite-3.2-2b-instruct,cohen_by_layer,33,7.344392351891831
ibm-granite--granite-3.2-2b-instruct,cohen_by_layer,34,7.617218335753526
ibm-granite--granite-3.2-2b-instruct,cohen_by_layer,35,7.7019400671041005
ibm-granite--granite-3.2-2b-instruct,cohen_by_layer,36,7.614635196663123
ibm-granite--granite-3.2-2b-instruct,cohen_by_layer,37,7.957484126828027
ibm-granite--granite-3.2-2b-instruct,cohen_by_layer,38,8.703272970952991
ibm-granite--granite-3.2-2b-instruct,cohen_by_layer,39,8.877752769715867
ibm-granite--granite-3.2-2b-instruct,cohen_by_layer,40,8.890056430648846
ibm-granite--granite-3.2-2b-instruct,x2_wm_curve,0,0.8649993584846967
ibm-granite--granite-3.2-2b-instruct,x2_wm_curve,1,0.9307680992360701
ibm-granite--granite-3.2-2b-instruct,x2_wm_curve,2,0.9628499879961094
ibm-granite--granite-3.2-2b-instruct,x2_wm_curve,3,1.000185472456179
ibm-granite--granite-3.2-2b-instruct,x2_wm_curve,4,0.9868417894725962
ibm-granite--granite-3.2-2b-instruct,x2_wm_curve,5,0.994934864788148
ibm-granite--granite-3.2-2b-instruct,x2_wm_curve,6,0.9864453076305956
ibm-granite--granite-3.2-2b-instruct,x2_wm_curve,7,1.0003026374021233
ibm-granite--granite-3.2-2b-instruct,x2_wm_curve,8,1.0054921928390943
ibm-granite--granite-3.2-2b-instruct,x2_wm_curve,9,1.0329922722991973
ibm-granite--granite-3.2-2b-instruct,x2_wm_curve,10,1.0577280916743457
ibm-granite--granite-3.2-2b-instruct,x2_wm_curve,11,1.0212528792471942
ibm-granite--granite-3.2-2b-instruct,x2_wm_curve,12,0.997735211326076
ibm-granite--granite-3.2-2b-instruct,x2_wm_curve,13,1.0294016008954254
ibm-granite--granite-3.2-2b-instruct,x2_wm_curve,14,1.0247185670797134
ibm-granite--granite-3.2-2b-instruct,x2_wm_curve,15,1.0473025914963168
ibm-granite--granite-3.2-2b-instruct,x2_wm_curve,16,1.0337111752488326
ibm-granite--granite-3.2-2b-instruct,x2_wm_curve,17,1.0120634526743557
ibm-granite--granite-3.2-2b-instruct,x2_wm_curve,18,1.0709912469185663
ibm-granite--granite-3.2-2b-instruct,x2_wm_curve,19,1.0728181060244573
ibm-granite--granite-3.2-2b-instruct,x2_wm_curve,20,1.064564028318394
ibm-granite--granite-3.2-2b-instruct,x2_wm_curve,21,1.0848478326307651
ibm-granite--granite-3.2-2b-instruct,x2_wm_curve,22,1.0757468742329246
ibm-granite--granite-3.2-2b-instruct,x2_wm_curve,23,1.0636201856875518
ibm-granite--granite-3.2-2b-instruct,x2_wm_curve,24,1.0603960623472968
ibm-granite--granite-3.2-2b-instruct,x2_wm_curve,25,1.02578775196633
ibm-granite--granite-3.2-2b-instruct,x2_wm_curve,26,1.0096454313723773
ibm-granite--granite-3.2-2b-instruct,x2_wm_curve,27,1.0356023320274208
ibm-granite--granite-3.2-2b-instruct,x2_wm_curve,28,1.0260447420183787
ibm-granite--granite-3.2-2b-instruct,x2_wm_curve,29,1.0322556851511697
ibm-granite--granite-3.2-2b-instruct,x2_wm_curve,30,1.0382976668376942
ibm-granite--granite-3.2-2b-instruct,x2_wm_curve,31,1.051716478273519
ibm-granite--granite-3.2-2b-instruct,x2_wm_curve,32,1.0655656782273764
ibm-granite--granite-3.2-2b-instruct,x2_wm_curve,33,0.980434509539236
ibm-granite--granite-3.2-2b-instruct,x2_wm_curve,34,0.9433114359773409
ibm-granite--granite-3.2-2b-instruct,x2_wm_curve,35,0.9296279489532532
ibm-granite--granite-3.2-2b-instruct,x2_wm_curve,36,0.9611576761229016
ibm-granite--granite-3.2-2b-instruct,x2_wm_curve,37,0.9164189253095616
ibm-granite--granite-3.2-2b-instruct,x2_wm_curve,38,0.911851918592329
ibm-granite--granite-3.2-2b-instruct,x2_wm_curve,39,1.1080785174365568
ibm-granite--granite-3.2-2b-instruct,x8_drive_gap_curve,0,0.0
ibm-granite--granite-3.2-2b-instruct,x8_drive_gap_curve,1,-0.29992997646331787
ibm-granite--granite-3.2-2b-instruct,x8_drive_gap_curve,2,-0.057531118392944336
ibm-granite--granite-3.2-2b-instruct,x8_drive_gap_curve,3,0.09833693504333496
ibm-granite--granite-3.2-2b-instruct,x8_drive_gap_curve,4,-0.07440539201100727
ibm-granite--granite-3.2-2b-instruct,x8_drive_gap_curve,5,2.0400394201278687
ibm-granite--granite-3.2-2b-instruct,x8_drive_gap_curve,6,-2.8914246559143066
ibm-granite--granite-3.2-2b-instruct,x8_drive_gap_curve,7,1.1648528178532924
ibm-granite--granite-3.2-2b-instruct,x8_drive_gap_curve,8,2.459114233652751
ibm-granite--granite-3.2-2b-instruct,x8_drive_gap_curve,9,0.2885395288467407
ibm-granite--granite-3.2-2b-instruct,x8_drive_gap_curve,10,1.8099686702092488
ibm-granite--granite-3.2-2b-instruct,x8_drive_gap_curve,11,10.33285927772522
ibm-granite--granite-3.2-2b-instruct,x8_drive_gap_curve,12,2.4500222603480024
ibm-granite--granite-3.2-2b-instruct,x8_drive_gap_curve,13,14.277439037958782
ibm-granite--granite-3.2-2b-instruct,x8_drive_gap_curve,14,10.271271546681723
ibm-granite--granite-3.2-2b-instruct,x8_drive_gap_curve,15,14.060845017433167
ibm-granite--granite-3.2-2b-instruct,x8_drive_gap_curve,16,11.750302990277609
ibm-granite--granite-3.2-2b-instruct,x8_drive_gap_curve,17,11.11459477742513
ibm-granite--granite-3.2-2b-instruct,x8_drive_gap_curve,18,8.005230148633322
ibm-granite--granite-3.2-2b-instruct,x8_drive_gap_curve,19,6.960132201512655
ibm-granite--granite-3.2-2b-instruct,x8_drive_gap_curve,20,14.263345281283062
ibm-granite--granite-3.2-2b-instruct,x8_drive_gap_curve,21,11.98111116886139
ibm-granite--granite-3.2-2b-instruct,x8_drive_gap_curve,22,12.997936288515726
ibm-granite--granite-3.2-2b-instruct,x8_drive_gap_curve,23,15.067282636960346
ibm-granite--granite-3.2-2b-instruct,x8_drive_gap_curve,24,18.975944757461548
ibm-granite--granite-3.2-2b-instruct,x8_drive_gap_curve,25,20.74036415417989
ibm-granite--granite-3.2-2b-instruct,x8_drive_gap_curve,26,19.46374038855235
ibm-granite--granite-3.2-2b-instruct,x8_drive_gap_curve,27,16.519311626752216
ibm-granite--granite-3.2-2b-instruct,x8_drive_gap_curve,28,16.85144094626109
ibm-granite--granite-3.2-2b-instruct,x8_drive_gap_curve,29,20.666139562924702
ibm-granite--granite-3.2-2b-instruct,x8_drive_gap_curve,30,22.241836428642273
ibm-granite--granite-3.2-2b-instruct,x8_drive_gap_curve,31,35.769030253092446
ibm-granite--granite-3.2-2b-instruct,x8_drive_gap_curve,32,26.820897102355953
ibm-granite--granite-3.2-2b-instruct,x8_drive_gap_curve,33,57.82332587242127
ibm-granite--granite-3.2-2b-instruct,x8_drive_gap_curve,34,55.06558116277059
ibm-granite--granite-3.2-2b-instruct,x8_drive_gap_curve,35,55.84686120351156
ibm-granite--granite-3.2-2b-instruct,x8_drive_gap_curve,36,53.46990863482158
ibm-granite--granite-3.2-2b-instruct,x8_drive_gap_curve,37,34.965372840563454
ibm-granite--granite-3.2-2b-instruct,x8_drive_gap_curve,38,33.192459404468536
ibm-granite--granite-3.2-2b-instruct,x8_drive_gap_curve,39,31.76138563950856
ibm-granite--granite-3.2-2b-instruct,x8_drive_gap_curve,40,33.70429595311483
ibm-granite--granite-3.2-2b-instruct,x10_scar_curve,0,0.16874281075506317
ibm-granite--granite-3.2-2b-instruct,x10_scar_curve,1,0.3355645013624967
ibm-granite--granite-3.2-2b-instruct,x10_scar_curve,2,0.3327158086448298
ibm-granite--granite-3.2-2b-instruct,x10_scar_curve,3,0.28246169025266143
ibm-granite--granite-3.2-2b-instruct,x10_scar_curve,4,0.3492044182304765
ibm-granite--granite-3.2-2b-instruct,x10_scar_curve,5,0.24483495998158983
ibm-granite--granite-3.2-2b-instruct,x10_scar_curve,6,0.23767941530900744
ibm-granite--granite-3.2-2b-instruct,x10_scar_curve,7,0.34514966377045164
ibm-granite--granite-3.2-2b-instruct,x10_scar_curve,8,0.25616823622498214
ibm-granite--granite-3.2-2b-instruct,x10_scar_curve,9,0.30474492772080597
ibm-granite--granite-3.2-2b-instruct,x10_scar_curve,10,0.2638235499625348
ibm-granite--granite-3.2-2b-instruct,x10_scar_curve,11,0.32971520733633314
ibm-granite--granite-3.2-2b-instruct,x10_scar_curve,12,0.3717366111030477
ibm-granite--granite-3.2-2b-instruct,x10_scar_curve,13,0.5721950549284888
ibm-granite--granite-3.2-2b-instruct,x10_scar_curve,14,0.46698533954284493
ibm-granite--granite-3.2-2b-instruct,x10_scar_curve,15,0.34442579930128614
ibm-granite--granite-3.2-2b-instruct,x10_scar_curve,16,0.24198477162926865
ibm-granite--granite-3.2-2b-instruct,x10_scar_curve,17,0.2755503423098925
ibm-granite--granite-3.2-2b-instruct,x10_scar_curve,18,0.313065552302653
ibm-granite--granite-3.2-2b-instruct,x10_scar_curve,19,0.3656776842202355
ibm-granite--granite-3.2-2b-instruct,x10_scar_curve,20,0.3636151420623957
ibm-granite--granite-3.2-2b-instruct,x10_scar_curve,21,0.3504814544969946
ibm-granite--granite-3.2-2b-instruct,x10_scar_curve,22,0.31985428924797255
ibm-granite--granite-3.2-2b-instruct,x10_scar_curve,23,0.36754160162467786
ibm-granite--granite-3.2-2b-instruct,x10_scar_curve,24,0.34534730696150323
ibm-granite--granite-3.2-2b-instruct,x10_scar_curve,25,0.3212318916379438
ibm-granite--granite-3.2-2b-instruct,x10_scar_curve,26,0.3407406882925344
ibm-granite--granite-3.2-2b-instruct,x10_scar_curve,27,0.4224591858289379
ibm-granite--granite-3.2-2b-instruct,x10_scar_curve,28,0.4087288108258545
ibm-granite--granite-3.2-2b-instruct,x10_scar_curve,29,0.36498708339836355
ibm-granite--granite-3.2-2b-instruct,x10_scar_curve,30,0.2803661539330659
ibm-granite--granite-3.2-2b-instruct,x10_scar_curve,31,0.28581508977468195
ibm-granite--granite-3.2-2b-instruct,x10_scar_curve,32,0.16690361007658713
ibm-granite--granite-3.2-2b-instruct,x10_scar_curve,33,0.6769097454435602
ibm-granite--granite-3.2-2b-instruct,x10_scar_curve,34,0.6551285860015394
ibm-granite--granite-3.2-2b-instruct,x10_scar_curve,35,0.3775974094842732
ibm-granite--granite-3.2-2b-instruct,x10_scar_curve,36,0.3308860057249419
ibm-granite--granite-3.2-2b-instruct,x10_scar_curve,37,0.37682292115886445
ibm-granite--granite-3.2-2b-instruct,x10_scar_curve,38,0.25745328454441585
ibm-granite--granite-3.2-2b-instruct,x10_scar_curve,39,0.11389992749238877
ibm-granite--granite-3.2-2b-instruct,x10_z_curve,0,-2.590177701705156
ibm-granite--granite-3.2-2b-instruct,x10_z_curve,1,0.02230574012488503
ibm-granite--granite-3.2-2b-instruct,x10_z_curve,2,-0.02230574012488416
ibm-granite--granite-3.2-2b-instruct,x10_z_curve,3,-0.8093020336239996
ibm-granite--granite-3.2-2b-instruct,x10_z_curve,4,0.23591139797299934
ibm-granite--granite-3.2-2b-instruct,x10_z_curve,5,-1.3985492079299982
ibm-granite--granite-3.2-2b-instruct,x10_z_curve,6,-1.510607429533728
ibm-granite--granite-3.2-2b-instruct,x10_z_curve,7,0.17241258766284057
ibm-granite--granite-3.2-2b-instruct,x10_z_curve,8,-1.221066313351127
ibm-granite--granite-3.2-2b-instruct,x10_z_curve,9,-0.4603390857967562
ibm-granite--granite-3.2-2b-instruct,x10_z_curve,10,-1.101181541121878
ibm-granite--granite-3.2-2b-instruct,x10_z_curve,11,-0.06929615968865631
ibm-granite--granite-3.2-2b-instruct,x10_z_curve,12,0.5887730706570076
ibm-granite--granite-3.2-2b-instruct,x10_z_curve,13,3.7280193123303706
ibm-granite--granite-3.2-2b-instruct,x10_z_curve,14,2.0803999987757207
ibm-granite--granite-3.2-2b-instruct,x10_z_curve,15,0.16107662809464457
ibm-granite--granite-3.2-2b-instruct,x10_z_curve,16,-1.4431841103184295
ibm-granite--granite-3.2-2b-instruct,x10_z_curve,17,-0.9175360528061873
ibm-granite--granite-3.2-2b-instruct,x10_z_curve,18,-0.33003532333871816
ibm-granite--granite-3.2-2b-instruct,x10_z_curve,19,0.4938882502300625
ibm-granite--granite-3.2-2b-instruct,x10_z_curve,20,0.4615881505499027
ibm-granite--granite-3.2-2b-instruct,x10_z_curve,21,0.255910212807851
ibm-granite--granite-3.2-2b-instruct,x10_z_curve,22,-0.22372143336428746
ibm-granite--granite-3.2-2b-instruct,x10_z_curve,23,0.5230778198736369
ibm-granite--granite-3.2-2b-instruct,x10_z_curve,24,0.17550774610496295
ibm-granite--granite-3.2-2b-instruct,x10_z_curve,25,-0.2021477194178528
ibm-granite--granite-3.2-2b-instruct,x10_z_curve,26,0.10336655779974173
ibm-granite--granite-3.2-2b-instruct,x10_z_curve,27,1.3831055469427405
ibm-granite--granite-3.2-2b-instruct,x10_z_curve,28,1.1680832844596023
ibm-granite--granite-3.2-2b-instruct,x10_z_curve,29,0.4830732104982071
ibm-granite--granite-3.2-2b-instruct,x10_z_curve,30,-0.842118832906891
ibm-granite--granite-3.2-2b-instruct,x10_z_curve,31,-0.7567866760993288
ibm-granite--granite-3.2-2b-instruct,x10_z_curve,32,-2.6189801991575297
ibm-granite--granite-3.2-2b-instruct,x10_z_curve,33,5.367886370929711
ibm-granite--granite-3.2-2b-instruct,x10_z_curve,34,5.026786132831515
ibm-granite--granite-3.2-2b-instruct,x10_z_curve,35,0.6805551325166168
ibm-granite--granite-3.2-2b-instruct,x10_z_curve,36,-0.05096106553618494
ibm-granite--granite-3.2-2b-instruct,x10_z_curve,37,0.6684263864365736
ibm-granite--granite-3.2-2b-instruct,x10_z_curve,38,-1.200942027089263
ibm-granite--granite-3.2-2b-instruct,x10_z_curve,39,-3.4490355870572094
ibm-granite--granite-3.2-2b-instruct,x10_sigma_min_curve,0,0.55121910572052
ibm-granite--granite-3.2-2b-instruct,x10_sigma_min_curve,1,0.3599242866039276
ibm-granite--granite-3.2-2b-instruct,x10_sigma_min_curve,2,0.3437209129333496
ibm-granite--granite-3.2-2b-instruct,x10_sigma_min_curve,3,0.38424450159072876
ibm-granite--granite-3.2-2b-instruct,x10_sigma_min_curve,4,0.32967716455459595
ibm-granite--granite-3.2-2b-instruct,x10_sigma_min_curve,5,0.42189690470695496
ibm-granite--granite-3.2-2b-instruct,x10_sigma_min_curve,6,0.43310317397117615
ibm-granite--granite-3.2-2b-instruct,x10_sigma_min_curve,7,0.3392942249774933
ibm-granite--granite-3.2-2b-instruct,x10_sigma_min_curve,8,0.40632033348083496
ibm-granite--granite-3.2-2b-instruct,x10_sigma_min_curve,9,0.3647850751876831
ibm-granite--granite-3.2-2b-instruct,x10_sigma_min_curve,10,0.4102666676044464
ibm-granite--granite-3.2-2b-instruct,x10_sigma_min_curve,11,0.35414424538612366
ibm-granite--granite-3.2-2b-instruct,x10_sigma_min_curve,12,0.31466495990753174
ibm-granite--granite-3.2-2b-instruct,x10_sigma_min_curve,13,0.20082791149616241
ibm-granite--granite-3.2-2b-instruct,x10_sigma_min_curve,14,0.2528730034828186
ibm-granite--granite-3.2-2b-instruct,x10_sigma_min_curve,15,0.33493363857269287
ibm-granite--granite-3.2-2b-instruct,x10_sigma_min_curve,16,0.4337642192840576
ibm-granite--granite-3.2-2b-instruct,x10_sigma_min_curve,17,0.40679651498794556
ibm-granite--granite-3.2-2b-instruct,x10_sigma_min_curve,18,0.3697569668292999
ibm-granite--granite-3.2-2b-instruct,x10_sigma_min_curve,19,0.3258191645145416
ibm-granite--granite-3.2-2b-instruct,x10_sigma_min_curve,20,0.3248923420906067
ibm-granite--granite-3.2-2b-instruct,x10_sigma_min_curve,21,0.3311431407928467
ibm-granite--granite-3.2-2b-instruct,x10_sigma_min_curve,22,0.35864078998565674
ibm-granite--granite-3.2-2b-instruct,x10_sigma_min_curve,23,0.3193102478981018
ibm-granite--granite-3.2-2b-instruct,x10_sigma_min_curve,24,0.3371312618255615
ibm-granite--granite-3.2-2b-instruct,x10_sigma_min_curve,25,0.3567157983779907
ibm-granite--granite-3.2-2b-instruct,x10_sigma_min_curve,26,0.3440364599227905
ibm-granite--granite-3.2-2b-instruct,x10_sigma_min_curve,27,0.2841566801071167
ibm-granite--granite-3.2-2b-instruct,x10_sigma_min_curve,28,0.29598289728164673
ibm-granite--granite-3.2-2b-instruct,x10_sigma_min_curve,29,0.3304005265235901
ibm-granite--granite-3.2-2b-instruct,x10_sigma_min_curve,30,0.4065931737422943
ibm-granite--granite-3.2-2b-instruct,x10_sigma_min_curve,31,0.40121209621429443
ibm-granite--granite-3.2-2b-instruct,x10_sigma_min_curve,32,0.5353597402572632
ibm-granite--granite-3.2-2b-instruct,x10_sigma_min_curve,33,0.16856113076210022
ibm-granite--granite-3.2-2b-instruct,x10_sigma_min_curve,34,0.17899136245250702
ibm-granite--granite-3.2-2b-instruct,x10_sigma_min_curve,35,0.3437458574771881
ibm-granite--granite-3.2-2b-instruct,x10_sigma_min_curve,36,0.38466963171958923
ibm-granite--granite-3.2-2b-instruct,x10_sigma_min_curve,37,0.34666404128074646
ibm-granite--granite-3.2-2b-instruct,x10_sigma_min_curve,38,0.45993572473526
ibm-granite--granite-3.2-2b-instruct,x10_sigma_min_curve,39,0.6042435169219971
ibm-granite--granite-3.2-2b-instruct,x10_sigma_mp_curve,0,0.812956060320207
ibm-granite--granite-3.2-2b-instruct,x10_sigma_mp_curve,1,0.7794273730183503
ibm-granite--granite-3.2-2b-instruct,x10_sigma_mp_curve,2,0.7394720529873565
ibm-granite--granite-3.2-2b-instruct,x10_sigma_mp_curve,3,0.7363246707347586
ibm-granite--granite-3.2-2b-instruct,x10_sigma_mp_curve,4,0.7367044353386771
ibm-granite--granite-3.2-2b-instruct,x10_sigma_mp_curve,5,0.7413807393661982
ibm-granite--granite-3.2-2b-instruct,x10_sigma_mp_curve,6,0.7486361281733448
ibm-granite--granite-3.2-2b-instruct,x10_sigma_mp_curve,7,0.7511490658586729
ibm-granite--granite-3.2-2b-instruct,x10_sigma_mp_curve,8,0.7328866190725497
ibm-granite--granite-3.2-2b-instruct,x10_sigma_mp_curve,9,0.7358376224993863
ibm-granite--granite-3.2-2b-instruct,x10_sigma_mp_curve,10,0.7531643997941933
ibm-granite--granite-3.2-2b-instruct,x10_sigma_mp_curve,11,0.7566506274102515
ibm-granite--granite-3.2-2b-instruct,x10_sigma_mp_curve,12,0.7406021952945849
ibm-granite--granite-3.2-2b-instruct,x10_sigma_mp_curve,13,0.74992723617912
ibm-granite--granite-3.2-2b-instruct,x10_sigma_mp_curve,14,0.7411187594827017
ibm-granite--granite-3.2-2b-instruct,x10_sigma_mp_curve,15,0.7402604838804375
ibm-granite--granite-3.2-2b-instruct,x10_sigma_mp_curve,16,0.7572486300698082
ibm-granite--granite-3.2-2b-instruct,x10_sigma_mp_curve,17,0.7672335152868671
ibm-granite--granite-3.2-2b-instruct,x10_sigma_mp_curve,18,0.7602946209273246
ibm-granite--granite-3.2-2b-instruct,x10_sigma_mp_curve,19,0.7562307102453544
ibm-granite--granite-3.2-2b-instruct,x10_sigma_mp_curve,20,0.7505067747738804
ibm-granite--granite-3.2-2b-instruct,x10_sigma_mp_curve,21,0.742159443805887
ibm-granite--granite-3.2-2b-instruct,x10_sigma_mp_curve,22,0.7490554560700832
ibm-granite--granite-3.2-2b-instruct,x10_sigma_mp_curve,23,0.7443110363278553
ibm-granite--granite-3.2-2b-instruct,x10_sigma_mp_curve,24,0.7467003123866026
ibm-granite--granite-3.2-2b-instruct,x10_sigma_mp_curve,25,0.7474019655083209
ibm-granite--granite-3.2-2b-instruct,x10_sigma_mp_curve,26,0.7539545361778074
ibm-granite--granite-3.2-2b-instruct,x10_sigma_mp_curve,27,0.751652412926821
ibm-granite--granite-3.2-2b-instruct,x10_sigma_mp_curve,28,0.7585695889658745
ibm-granite--granite-3.2-2b-instruct,x10_sigma_mp_curve,29,0.7656456406671317
ibm-granite--granite-3.2-2b-instruct,x10_sigma_mp_curve,30,0.7754007861094475
ibm-granite--granite-3.2-2b-instruct,x10_sigma_mp_curve,31,0.7747991006544066
ibm-granite--granite-3.2-2b-instruct,x10_sigma_mp_curve,32,0.7862294706035294
ibm-granite--granite-3.2-2b-instruct,x10_sigma_mp_curve,33,0.8010639383167756
ibm-granite--granite-3.2-2b-instruct,x10_sigma_mp_curve,34,0.8090226112868394
ibm-granite--granite-3.2-2b-instruct,x10_sigma_mp_curve,35,0.820039708564393
ibm-granite--granite-3.2-2b-instruct,x10_sigma_mp_curve,36,0.8240886019297486
ibm-granite--granite-3.2-2b-instruct,x10_sigma_mp_curve,37,0.8255278262650644
ibm-granite--granite-3.2-2b-instruct,x10_sigma_mp_curve,38,0.832051922743915
ibm-granite--granite-3.2-2b-instruct,x10_sigma_mp_curve,39,0.7854380326491469
lunahr--Phi-4-mini-instruct-abliterated,x1_g_curve,0,0.0
lunahr--Phi-4-mini-instruct-abliterated,x1_g_curve,1,0.1703534327384526
lunahr--Phi-4-mini-instruct-abliterated,x1_g_curve,2,0.2156962623445802
lunahr--Phi-4-mini-instruct-abliterated,x1_g_curve,3,0.21338563921085438
lunahr--Phi-4-mini-instruct-abliterated,x1_g_curve,4,0.17267512225100035
lunahr--Phi-4-mini-instruct-abliterated,x1_g_curve,5,0.15294552051967153
lunahr--Phi-4-mini-instruct-abliterated,x1_g_curve,6,0.14632484097467965
lunahr--Phi-4-mini-instruct-abliterated,x1_g_curve,7,0.16145621010478658
lunahr--Phi-4-mini-instruct-abliterated,x1_g_curve,8,0.15908451866326792
lunahr--Phi-4-mini-instruct-abliterated,x1_g_curve,9,0.18835092165286668
lunahr--Phi-4-mini-instruct-abliterated,x1_g_curve,10,0.21194676828019696
lunahr--Phi-4-mini-instruct-abliterated,x1_g_curve,11,0.2659885343615829
lunahr--Phi-4-mini-instruct-abliterated,x1_g_curve,12,0.2774409242561216
lunahr--Phi-4-mini-instruct-abliterated,x1_g_curve,13,0.2838592422566643
lunahr--Phi-4-mini-instruct-abliterated,x1_g_curve,14,0.3705645906639883
lunahr--Phi-4-mini-instruct-abliterated,x1_g_curve,15,0.4280019379962343
lunahr--Phi-4-mini-instruct-abliterated,x1_g_curve,16,0.42218978886818725
lunahr--Phi-4-mini-instruct-abliterated,x1_g_curve,17,0.4760517567343028
lunahr--Phi-4-mini-instruct-abliterated,x1_g_curve,18,0.4738208823857188
lunahr--Phi-4-mini-instruct-abliterated,x1_g_curve,19,0.474254212117042
lunahr--Phi-4-mini-instruct-abliterated,x1_g_curve,20,0.458178098089098
lunahr--Phi-4-mini-instruct-abliterated,x1_g_curve,21,0.4420231418296122
lunahr--Phi-4-mini-instruct-abliterated,x1_g_curve,22,0.4037683831876306
lunahr--Phi-4-mini-instruct-abliterated,x1_g_curve,23,0.3863348221104641
lunahr--Phi-4-mini-instruct-abliterated,x1_g_curve,24,0.3665204100858299
lunahr--Phi-4-mini-instruct-abliterated,x1_g_curve,25,0.3486101040747039
lunahr--Phi-4-mini-instruct-abliterated,x1_g_curve,26,0.3324373151107518
lunahr--Phi-4-mini-instruct-abliterated,x1_g_curve,27,0.3357878483834882
lunahr--Phi-4-mini-instruct-abliterated,x1_g_curve,28,0.3265060439306916
lunahr--Phi-4-mini-instruct-abliterated,x1_g_curve,29,0.34068789915939884
lunahr--Phi-4-mini-instruct-abliterated,x1_g_curve,30,0.3588133590553797
lunahr--Phi-4-mini-instruct-abliterated,x1_g_curve,31,0.3607357343273773
lunahr--Phi-4-mini-instruct-abliterated,x1_g_curve,32,0.2864896856036079
lunahr--Phi-4-mini-instruct-abliterated,auroc_by_layer,0,0.5
lunahr--Phi-4-mini-instruct-abliterated,auroc_by_layer,1,0.9913194444444444
lunahr--Phi-4-mini-instruct-abliterated,auroc_by_layer,2,0.9986979166666666
lunahr--Phi-4-mini-instruct-abliterated,auroc_by_layer,3,0.9969618055555556
lunahr--Phi-4-mini-instruct-abliterated,auroc_by_layer,4,1.0
lunahr--Phi-4-mini-instruct-abliterated,auroc_by_layer,5,1.0
lunahr--Phi-4-mini-instruct-abliterated,auroc_by_layer,6,0.9986979166666666
lunahr--Phi-4-mini-instruct-abliterated,auroc_by_layer,7,0.9943576388888888
lunahr--Phi-4-mini-instruct-abliterated,auroc_by_layer,8,0.9956597222222222
lunahr--Phi-4-mini-instruct-abliterated,auroc_by_layer,9,0.9878472222222222
lunahr--Phi-4-mini-instruct-abliterated,auroc_by_layer,10,0.9982638888888888
lunahr--Phi-4-mini-instruct-abliterated,auroc_by_layer,11,1.0
lunahr--Phi-4-mini-instruct-abliterated,auroc_by_layer,12,1.0
lunahr--Phi-4-mini-instruct-abliterated,auroc_by_layer,13,1.0
lunahr--Phi-4-mini-instruct-abliterated,auroc_by_layer,14,1.0
lunahr--Phi-4-mini-instruct-abliterated,auroc_by_layer,15,1.0
lunahr--Phi-4-mini-instruct-abliterated,auroc_by_layer,16,1.0
lunahr--Phi-4-mini-instruct-abliterated,auroc_by_layer,17,1.0
lunahr--Phi-4-mini-instruct-abliterated,auroc_by_layer,18,1.0
lunahr--Phi-4-mini-instruct-abliterated,auroc_by_layer,19,1.0
lunahr--Phi-4-mini-instruct-abliterated,auroc_by_layer,20,1.0
lunahr--Phi-4-mini-instruct-abliterated,auroc_by_layer,21,1.0
lunahr--Phi-4-mini-instruct-abliterated,auroc_by_layer,22,1.0
lunahr--Phi-4-mini-instruct-abliterated,auroc_by_layer,23,1.0
lunahr--Phi-4-mini-instruct-abliterated,auroc_by_layer,24,1.0
lunahr--Phi-4-mini-instruct-abliterated,auroc_by_layer,25,1.0
lunahr--Phi-4-mini-instruct-abliterated,auroc_by_layer,26,1.0
lunahr--Phi-4-mini-instruct-abliterated,auroc_by_layer,27,1.0
lunahr--Phi-4-mini-instruct-abliterated,auroc_by_layer,28,0.9995659722222222
lunahr--Phi-4-mini-instruct-abliterated,auroc_by_layer,29,1.0
lunahr--Phi-4-mini-instruct-abliterated,auroc_by_layer,30,1.0
lunahr--Phi-4-mini-instruct-abliterated,auroc_by_layer,31,0.9995659722222222
lunahr--Phi-4-mini-instruct-abliterated,auroc_by_layer,32,0.9982638888888888
lunahr--Phi-4-mini-instruct-abliterated,cohen_by_layer,0,
lunahr--Phi-4-mini-instruct-abliterated,cohen_by_layer,1,4.45256018706931
lunahr--Phi-4-mini-instruct-abliterated,cohen_by_layer,2,4.511739009594168
lunahr--Phi-4-mini-instruct-abliterated,cohen_by_layer,3,4.920516563702403
lunahr--Phi-4-mini-instruct-abliterated,cohen_by_layer,4,5.051311304885255
lunahr--Phi-4-mini-instruct-abliterated,cohen_by_layer,5,4.755710160951458
lunahr--Phi-4-mini-instruct-abliterated,cohen_by_layer,6,4.746648964963209
lunahr--Phi-4-mini-instruct-abliterated,cohen_by_layer,7,4.874185263824976
lunahr--Phi-4-mini-instruct-abliterated,cohen_by_layer,8,5.147460816611443
lunahr--Phi-4-mini-instruct-abliterated,cohen_by_layer,9,5.114815515517967
lunahr--Phi-4-mini-instruct-abliterated,cohen_by_layer,10,5.769577312575165
lunahr--Phi-4-mini-instruct-abliterated,cohen_by_layer,11,5.596599357982557
lunahr--Phi-4-mini-instruct-abliterated,cohen_by_layer,12,4.961500918036837
lunahr--Phi-4-mini-instruct-abliterated,cohen_by_layer,13,5.674666048584884
lunahr--Phi-4-mini-instruct-abliterated,cohen_by_layer,14,6.607982079705896
lunahr--Phi-4-mini-instruct-abliterated,cohen_by_layer,15,6.716202318475365
lunahr--Phi-4-mini-instruct-abliterated,cohen_by_layer,16,6.62555205831436
lunahr--Phi-4-mini-instruct-abliterated,cohen_by_layer,17,6.966257330473382
lunahr--Phi-4-mini-instruct-abliterated,cohen_by_layer,18,6.782890427415022
lunahr--Phi-4-mini-instruct-abliterated,cohen_by_layer,19,6.671970764080152
lunahr--Phi-4-mini-instruct-abliterated,cohen_by_layer,20,6.53743379092721
lunahr--Phi-4-mini-instruct-abliterated,cohen_by_layer,21,6.446953130862498
lunahr--Phi-4-mini-instruct-abliterated,cohen_by_layer,22,6.473586291894445
lunahr--Phi-4-mini-instruct-abliterated,cohen_by_layer,23,6.473262015603473
lunahr--Phi-4-mini-instruct-abliterated,cohen_by_layer,24,6.422067724932964
lunahr--Phi-4-mini-instruct-abliterated,cohen_by_layer,25,6.210550726088132
lunahr--Phi-4-mini-instruct-abliterated,cohen_by_layer,26,6.192770643188508
lunahr--Phi-4-mini-instruct-abliterated,cohen_by_layer,27,6.16173783445364
lunahr--Phi-4-mini-instruct-abliterated,cohen_by_layer,28,6.0454160700883355
lunahr--Phi-4-mini-instruct-abliterated,cohen_by_layer,29,5.998056807877132
lunahr--Phi-4-mini-instruct-abliterated,cohen_by_layer,30,6.028300223578667
lunahr--Phi-4-mini-instruct-abliterated,cohen_by_layer,31,5.994209833703748
lunahr--Phi-4-mini-instruct-abliterated,cohen_by_layer,32,4.944530935061133
lunahr--Phi-4-mini-instruct-abliterated,x2_wm_curve,0,1.1734201621060372
lunahr--Phi-4-mini-instruct-abliterated,x2_wm_curve,1,1.1482884036662442
lunahr--Phi-4-mini-instruct-abliterated,x2_wm_curve,2,1.1847616842869317
lunahr--Phi-4-mini-instruct-abliterated,x2_wm_curve,3,1.2457819877370155
lunahr--Phi-4-mini-instruct-abliterated,x2_wm_curve,4,1.277923952379652
lunahr--Phi-4-mini-instruct-abliterated,x2_wm_curve,5,1.268076080819641
lunahr--Phi-4-mini-instruct-abliterated,x2_wm_curve,6,1.2849437549425993
lunahr--Phi-4-mini-instruct-abliterated,x2_wm_curve,7,1.3211661412451092
lunahr--Phi-4-mini-instruct-abliterated,x2_wm_curve,8,1.4289296469890507
lunahr--Phi-4-mini-instruct-abliterated,x2_wm_curve,9,1.4072728526800227
lunahr--Phi-4-mini-instruct-abliterated,x2_wm_curve,10,1.4634576300540283
lunahr--Phi-4-mini-instruct-abliterated,x2_wm_curve,11,1.4178169224175512
lunahr--Phi-4-mini-instruct-abliterated,x2_wm_curve,12,1.4877050247741757
lunahr--Phi-4-mini-instruct-abliterated,x2_wm_curve,13,1.6190968044792213
lunahr--Phi-4-mini-instruct-abliterated,x2_wm_curve,14,1.4743825134353008
lunahr--Phi-4-mini-instruct-abliterated,x2_wm_curve,15,1.3243457133951233
lunahr--Phi-4-mini-instruct-abliterated,x2_wm_curve,16,1.3523919617213518
lunahr--Phi-4-mini-instruct-abliterated,x2_wm_curve,17,1.1652749385642396
lunahr--Phi-4-mini-instruct-abliterated,x2_wm_curve,18,1.180142534526333
lunahr--Phi-4-mini-instruct-abliterated,x2_wm_curve,19,1.0786728126497307
lunahr--Phi-4-mini-instruct-abliterated,x2_wm_curve,20,1.0751875952057282
lunahr--Phi-4-mini-instruct-abliterated,x2_wm_curve,21,1.0801284993731037
lunahr--Phi-4-mini-instruct-abliterated,x2_wm_curve,22,1.0670091064993343
lunahr--Phi-4-mini-instruct-abliterated,x2_wm_curve,23,1.0551566913804222
lunahr--Phi-4-mini-instruct-abliterated,x2_wm_curve,24,0.9750736555976902
lunahr--Phi-4-mini-instruct-abliterated,x2_wm_curve,25,1.0589339977894043
lunahr--Phi-4-mini-instruct-abliterated,x2_wm_curve,26,1.025388431676759
lunahr--Phi-4-mini-instruct-abliterated,x2_wm_curve,27,1.0710110090942795
lunahr--Phi-4-mini-instruct-abliterated,x2_wm_curve,28,0.985042077904455
lunahr--Phi-4-mini-instruct-abliterated,x2_wm_curve,29,1.007346289773138
lunahr--Phi-4-mini-instruct-abliterated,x2_wm_curve,30,1.3121619207855724
lunahr--Phi-4-mini-instruct-abliterated,x2_wm_curve,31,1.1394093237659342
lunahr--Phi-4-mini-instruct-abliterated,x8_drive_gap_curve,0,0.0
lunahr--Phi-4-mini-instruct-abliterated,x8_drive_gap_curve,1,1.9569661375135188
lunahr--Phi-4-mini-instruct-abliterated,x8_drive_gap_curve,2,3.173218548918764
lunahr--Phi-4-mini-instruct-abliterated,x8_drive_gap_curve,3,-0.2966883749856304
lunahr--Phi-4-mini-instruct-abliterated,x8_drive_gap_curve,4,-1.609074540125827
lunahr--Phi-4-mini-instruct-abliterated,x8_drive_gap_curve,5,0.2049239190916219
lunahr--Phi-4-mini-instruct-abliterated,x8_drive_gap_curve,6,-0.8401959935824077
lunahr--Phi-4-mini-instruct-abliterated,x8_drive_gap_curve,7,0.472042640050252
lunahr--Phi-4-mini-instruct-abliterated,x8_drive_gap_curve,8,-0.022198299566904722
lunahr--Phi-4-mini-instruct-abliterated,x8_drive_gap_curve,9,-0.10554786523183202
lunahr--Phi-4-mini-instruct-abliterated,x8_drive_gap_curve,10,0.38924078146616625
lunahr--Phi-4-mini-instruct-abliterated,x8_drive_gap_curve,11,0.27533646424611424
lunahr--Phi-4-mini-instruct-abliterated,x8_drive_gap_curve,12,-0.4105529387791951
lunahr--Phi-4-mini-instruct-abliterated,x8_drive_gap_curve,13,-1.6276834408442182
lunahr--Phi-4-mini-instruct-abliterated,x8_drive_gap_curve,14,1.0055413246154785
lunahr--Phi-4-mini-instruct-abliterated,x8_drive_gap_curve,15,2.606525421142578
lunahr--Phi-4-mini-instruct-abliterated,x8_drive_gap_curve,16,3.539235572020213
lunahr--Phi-4-mini-instruct-abliterated,x8_drive_gap_curve,17,5.409511009852091
lunahr--Phi-4-mini-instruct-abliterated,x8_drive_gap_curve,18,6.076755603154501
lunahr--Phi-4-mini-instruct-abliterated,x8_drive_gap_curve,19,8.302418768405914
lunahr--Phi-4-mini-instruct-abliterated,x8_drive_gap_curve,20,8.118245551983515
lunahr--Phi-4-mini-instruct-abliterated,x8_drive_gap_curve,21,8.192566812038422
lunahr--Phi-4-mini-instruct-abliterated,x8_drive_gap_curve,22,8.351085364818573
lunahr--Phi-4-mini-instruct-abliterated,x8_drive_gap_curve,23,9.334250311056772
lunahr--Phi-4-mini-instruct-abliterated,x8_drive_gap_curve,24,8.637158930301666
lunahr--Phi-4-mini-instruct-abliterated,x8_drive_gap_curve,25,8.008585631847382
lunahr--Phi-4-mini-instruct-abliterated,x8_drive_gap_curve,26,7.056723962227504
lunahr--Phi-4-mini-instruct-abliterated,x8_drive_gap_curve,27,7.595473309357961
lunahr--Phi-4-mini-instruct-abliterated,x8_drive_gap_curve,28,6.946268995602926
lunahr--Phi-4-mini-instruct-abliterated,x8_drive_gap_curve,29,7.711139559745789
lunahr--Phi-4-mini-instruct-abliterated,x8_drive_gap_curve,30,7.017123818397522
lunahr--Phi-4-mini-instruct-abliterated,x8_drive_gap_curve,31,3.2337243954340615
lunahr--Phi-4-mini-instruct-abliterated,x8_drive_gap_curve,32,0.2551443179448445
lunahr--Phi-4-mini-instruct-abliterated,x10_scar_curve,0,0.08187027117431289
lunahr--Phi-4-mini-instruct-abliterated,x10_scar_curve,1,0.07582079081124037
lunahr--Phi-4-mini-instruct-abliterated,x10_scar_curve,2,0.14993421960400133
lunahr--Phi-4-mini-instruct-abliterated,x10_scar_curve,3,0.2684171052212699
lunahr--Phi-4-mini-instruct-abliterated,x10_scar_curve,4,0.2247156098746886
lunahr--Phi-4-mini-instruct-abliterated,x10_scar_curve,5,0.2774011909676864
lunahr--Phi-4-mini-instruct-abliterated,x10_scar_curve,6,0.27466646717378623
lunahr--Phi-4-mini-instruct-abliterated,x10_scar_curve,7,0.3224184326068433
lunahr--Phi-4-mini-instruct-abliterated,x10_scar_curve,8,0.3973315157403995
lunahr--Phi-4-mini-instruct-abliterated,x10_scar_curve,9,0.4319690466453077
lunahr--Phi-4-mini-instruct-abliterated,x10_scar_curve,10,0.42578806375330813
lunahr--Phi-4-mini-instruct-abliterated,x10_scar_curve,11,0.32595834701512283
lunahr--Phi-4-mini-instruct-abliterated,x10_scar_curve,12,0.3840097465521757
lunahr--Phi-4-mini-instruct-abliterated,x10_scar_curve,13,0.3964008104173444
lunahr--Phi-4-mini-instruct-abliterated,x10_scar_curve,14,0.39848973151336053
lunahr--Phi-4-mini-instruct-abliterated,x10_scar_curve,15,0.3586786565838079
lunahr--Phi-4-mini-instruct-abliterated,x10_scar_curve,16,0.3593038739259953
lunahr--Phi-4-mini-instruct-abliterated,x10_scar_curve,17,0.344545362325584
lunahr--Phi-4-mini-instruct-abliterated,x10_scar_curve,18,0.26885825659845786
lunahr--Phi-4-mini-instruct-abliterated,x10_scar_curve,19,0.2602084332243819
lunahr--Phi-4-mini-instruct-abliterated,x10_scar_curve,20,0.3748368004457812
lunahr--Phi-4-mini-instruct-abliterated,x10_scar_curve,21,0.3212003834751356
lunahr--Phi-4-mini-instruct-abliterated,x10_scar_curve,22,0.36883657923724594
lunahr--Phi-4-mini-instruct-abliterated,x10_scar_curve,23,0.355426148345629
lunahr--Phi-4-mini-instruct-abliterated,x10_scar_curve,24,0.3989139970508342
lunahr--Phi-4-mini-instruct-abliterated,x10_scar_curve,25,0.3722634404224739
lunahr--Phi-4-mini-instruct-abliterated,x10_scar_curve,26,0.3262574287073486
lunahr--Phi-4-mini-instruct-abliterated,x10_scar_curve,27,0.4734942489626769
lunahr--Phi-4-mini-instruct-abliterated,x10_scar_curve,28,0.2695852118842242
lunahr--Phi-4-mini-instruct-abliterated,x10_scar_curve,29,0.16422751238006517
lunahr--Phi-4-mini-instruct-abliterated,x10_scar_curve,30,0.08465495555802559
lunahr--Phi-4-mini-instruct-abliterated,x10_scar_curve,31,0.2706632218578996
lunahr--Phi-4-mini-instruct-abliterated,x10_z_curve,0,-2.866459411070276
lunahr--Phi-4-mini-instruct-abliterated,x10_z_curve,1,-2.9374582611001716
lunahr--Phi-4-mini-instruct-abliterated,x10_z_curve,2,-2.0676367392089814
lunahr--Phi-4-mini-instruct-abliterated,x10_z_curve,3,-0.6770795140959708
lunahr--Phi-4-mini-instruct-abliterated,x10_z_curve,4,-1.1899757841845702
lunahr--Phi-4-mini-instruct-abliterated,x10_z_curve,5,-0.5716390930543221
lunahr--Phi-4-mini-instruct-abliterated,x10_z_curve,6,-0.6037347827438893
lunahr--Phi-4-mini-instruct-abliterated,x10_z_curve,7,-0.04330075718529577
lunahr--Phi-4-mini-instruct-abliterated,x10_z_curve,8,0.8359057920488121
lunahr--Phi-4-mini-instruct-abliterated,x10_z_curve,9,1.2424241563591032
lunahr--Phi-4-mini-instruct-abliterated,x10_z_curve,10,1.16988194594625
lunahr--Phi-4-mini-instruct-abliterated,x10_z_curve,11,-0.0017550644798055882
lunahr--Phi-4-mini-instruct-abliterated,x10_z_curve,12,0.6795567775944192
lunahr--Phi-4-mini-instruct-abliterated,x10_z_curve,13,0.8249827038349916
lunahr--Phi-4-mini-instruct-abliterated,x10_z_curve,14,0.8494990237036638
lunahr--Phi-4-mini-instruct-abliterated,x10_z_curve,15,0.38226210932236543
lunahr--Phi-4-mini-instruct-abliterated,x10_z_curve,16,0.3895998820978618
lunahr--Phi-4-mini-instruct-abliterated,x10_z_curve,17,0.21638874843118697
lunahr--Phi-4-mini-instruct-abliterated,x10_z_curve,18,-0.6719020048572197
lunahr--Phi-4-mini-instruct-abliterated,x10_z_curve,19,-0.7734194039829179
lunahr--Phi-4-mini-instruct-abliterated,x10_z_curve,20,0.5718998242938153
lunahr--Phi-4-mini-instruct-abliterated,x10_z_curve,21,-0.057596214388373104
lunahr--Phi-4-mini-instruct-abliterated,x10_z_curve,22,0.5014790971960869
lunahr--Phi-4-mini-instruct-abliterated,x10_z_curve,23,0.344089517502235
lunahr--Phi-4-mini-instruct-abliterated,x10_z_curve,24,0.8544783547304773
lunahr--Phi-4-mini-instruct-abliterated,x10_z_curve,25,0.5416979571246936
lunahr--Phi-4-mini-instruct-abliterated,x10_z_curve,26,0.0017550644798062396
lunahr--Phi-4-mini-instruct-abliterated,x10_z_curve,27,1.7297786785406708
lunahr--Phi-4-mini-instruct-abliterated,x10_z_curve,28,-0.6633701994433826
lunahr--Phi-4-mini-instruct-abliterated,x10_z_curve,29,-1.899885578888538
lunahr--Phi-4-mini-instruct-abliterated,x10_z_curve,30,-2.8337773661550334
lunahr--Phi-4-mini-instruct-abliterated,x10_z_curve,31,-0.6507182915342479
lunahr--Phi-4-mini-instruct-abliterated,x10_sigma_min_curve,0,1.271989345550537
lunahr--Phi-4-mini-instruct-abliterated,x10_sigma_min_curve,1,1.3133329153060913
lunahr--Phi-4-mini-instruct-abliterated,x10_sigma_min_curve,2,1.109898328781128
lunahr--Phi-4-mini-instruct-abliterated,x10_sigma_min_curve,3,0.8326553702354431
lunahr--Phi-4-mini-instruct-abliterated,x10_sigma_min_curve,4,0.9281837940216064
lunahr--Phi-4-mini-instruct-abliterated,x10_sigma_min_curve,5,0.8041027188301086
lunahr--Phi-4-mini-instruct-abliterated,x10_sigma_min_curve,6,0.8201403617858887
lunahr--Phi-4-mini-instruct-abliterated,x10_sigma_min_curve,7,0.727715253829956
lunahr--Phi-4-mini-instruct-abliterated,x10_sigma_min_curve,8,0.6229222416877747
lunahr--Phi-4-mini-instruct-abliterated,x10_sigma_min_curve,9,0.5802391171455383
lunahr--Phi-4-mini-instruct-abliterated,x10_sigma_min_curve,10,0.5923152565956116
lunahr--Phi-4-mini-instruct-abliterated,x10_sigma_min_curve,11,0.7455331087112427
lunahr--Phi-4-mini-instruct-abliterated,x10_sigma_min_curve,12,0.6605584025382996
lunahr--Phi-4-mini-instruct-abliterated,x10_sigma_min_curve,13,0.6405501961708069
lunahr--Phi-4-mini-instruct-abliterated,x10_sigma_min_curve,14,0.6416557431221008
lunahr--Phi-4-mini-instruct-abliterated,x10_sigma_min_curve,15,0.6992098689079285
lunahr--Phi-4-mini-instruct-abliterated,x10_sigma_min_curve,16,0.7036356329917908
lunahr--Phi-4-mini-instruct-abliterated,x10_sigma_min_curve,17,0.7297606468200684
lunahr--Phi-4-mini-instruct-abliterated,x10_sigma_min_curve,18,0.8725147843360901
lunahr--Phi-4-mini-instruct-abliterated,x10_sigma_min_curve,19,0.8966068029403687
lunahr--Phi-4-mini-instruct-abliterated,x10_sigma_min_curve,20,0.6918254494667053
lunahr--Phi-4-mini-instruct-abliterated,x10_sigma_min_curve,21,0.7877435088157654
lunahr--Phi-4-mini-instruct-abliterated,x10_sigma_min_curve,22,0.7188380360603333
lunahr--Phi-4-mini-instruct-abliterated,x10_sigma_min_curve,23,0.745476245880127
lunahr--Phi-4-mini-instruct-abliterated,x10_sigma_min_curve,24,0.6794717311859131
lunahr--Phi-4-mini-instruct-abliterated,x10_sigma_min_curve,25,0.734265148639679
lunahr--Phi-4-mini-instruct-abliterated,x10_sigma_min_curve,26,0.8071967363357544
lunahr--Phi-4-mini-instruct-abliterated,x10_sigma_min_curve,27,0.5716003179550171
lunahr--Phi-4-mini-instruct-abliterated,x10_sigma_min_curve,28,0.9201133847236633
lunahr--Phi-4-mini-instruct-abliterated,x10_sigma_min_curve,29,1.131156325340271
lunahr--Phi-4-mini-instruct-abliterated,x10_sigma_min_curve,30,1.2537480592727661
lunahr--Phi-4-mini-instruct-abliterated,x10_sigma_min_curve,31,0.6265876889228821
lunahr--Phi-4-mini-instruct-abliterated,x10_sigma_mp_curve,0,1.5358674796112206
lunahr--Phi-4-mini-instruct-abliterated,x10_sigma_mp_curve,1,1.5638518913409423
lunahr--Phi-4-mini-instruct-abliterated,x10_sigma_mp_curve,2,1.567535615417478
lunahr--Phi-4-mini-instruct-abliterated,x10_sigma_mp_curve,3,1.5448360397199428
lunahr--Phi-4-mini-instruct-abliterated,x10_sigma_mp_curve,4,1.5572186317025873
lunahr--Phi-4-mini-instruct-abliterated,x10_sigma_mp_curve,5,1.5230449519522586
lunahr--Phi-4-mini-instruct-abliterated,x10_sigma_mp_curve,6,1.5436706702741119
lunahr--Phi-4-mini-instruct-abliterated,x10_sigma_mp_curve,7,1.5289029230990479
lunahr--Phi-4-mini-instruct-abliterated,x10_sigma_mp_curve,8,1.5551251806797461
lunahr--Phi-4-mini-instruct-abliterated,x10_sigma_mp_curve,9,1.5688305951597636
lunahr--Phi-4-mini-instruct-abliterated,x10_sigma_mp_curve,10,1.5788504051927164
lunahr--Phi-4-mini-instruct-abliterated,x10_sigma_mp_curve,11,1.579156899056588
lunahr--Phi-4-mini-instruct-abliterated,x10_sigma_mp_curve,12,1.5992669703824864
lunahr--Phi-4-mini-instruct-abliterated,x10_sigma_mp_curve,13,1.5957100450547885
lunahr--Phi-4-mini-instruct-abliterated,x10_sigma_mp_curve,14,1.6061711367530693
lunahr--Phi-4-mini-instruct-abliterated,x10_sigma_mp_curve,15,1.5969312002028186
lunahr--Phi-4-mini-instruct-abliterated,x10_sigma_mp_curve,16,1.6093544250865066
lunahr--Phi-4-mini-instruct-abliterated,x10_sigma_mp_curve,17,1.613339630859742
lunahr--Phi-4-mini-instruct-abliterated,x10_sigma_mp_curve,18,1.6204328963567087
lunahr--Phi-4-mini-instruct-abliterated,x10_sigma_mp_curve,19,1.6323393983747794
lunahr--Phi-4-mini-instruct-abliterated,x10_sigma_mp_curve,20,1.639960298275525
lunahr--Phi-4-mini-instruct-abliterated,x10_sigma_mp_curve,21,1.6503848057324877
lunahr--Phi-4-mini-instruct-abliterated,x10_sigma_mp_curve,22,1.6806126502143517
lunahr--Phi-4-mini-instruct-abliterated,x10_sigma_mp_curve,23,1.6898959216500016
lunahr--Phi-4-mini-instruct-abliterated,x10_sigma_mp_curve,24,1.7024932161003203
lunahr--Phi-4-mini-instruct-abliterated,x10_sigma_mp_curve,25,1.7302798715949417
lunahr--Phi-4-mini-instruct-abliterated,x10_sigma_mp_curve,26,1.7109480612746273
lunahr--Phi-4-mini-instruct-abliterated,x10_sigma_mp_curve,27,1.7005394471984907
lunahr--Phi-4-mini-instruct-abliterated,x10_sigma_mp_curve,28,1.7116957022495636
lunahr--Phi-4-mini-instruct-abliterated,x10_sigma_mp_curve,29,1.6510116613879584
lunahr--Phi-4-mini-instruct-abliterated,x10_sigma_mp_curve,30,1.5235798816781743
lunahr--Phi-4-mini-instruct-abliterated,x10_sigma_mp_curve,31,1.1685440261607438
microsoft--Phi-4-mini-instruct,x1_g_curve,0,0.0
microsoft--Phi-4-mini-instruct,x1_g_curve,1,0.1703534327384526
microsoft--Phi-4-mini-instruct,x1_g_curve,2,0.2156962623445802
microsoft--Phi-4-mini-instruct,x1_g_curve,3,0.21338563921085438
microsoft--Phi-4-mini-instruct,x1_g_curve,4,0.19739945481237814
microsoft--Phi-4-mini-instruct,x1_g_curve,5,0.186253428851349
microsoft--Phi-4-mini-instruct,x1_g_curve,6,0.18495181877560046
microsoft--Phi-4-mini-instruct,x1_g_curve,7,0.20010792932433338
microsoft--Phi-4-mini-instruct,x1_g_curve,8,0.2058984951441796
microsoft--Phi-4-mini-instruct,x1_g_curve,9,0.2349448948898758
microsoft--Phi-4-mini-instruct,x1_g_curve,10,0.24905190638212996
microsoft--Phi-4-mini-instruct,x1_g_curve,11,0.29499119833167287
microsoft--Phi-4-mini-instruct,x1_g_curve,12,0.28583331338326057
microsoft--Phi-4-mini-instruct,x1_g_curve,13,0.29776182780487304
microsoft--Phi-4-mini-instruct,x1_g_curve,14,0.5293762260630986
microsoft--Phi-4-mini-instruct,x1_g_curve,15,0.6011176276079719
microsoft--Phi-4-mini-instruct,x1_g_curve,16,0.6022425886898234
microsoft--Phi-4-mini-instruct,x1_g_curve,17,0.6167712485166766
microsoft--Phi-4-mini-instruct,x1_g_curve,18,0.5992225792391798
microsoft--Phi-4-mini-instruct,x1_g_curve,19,0.5810357309548442
microsoft--Phi-4-mini-instruct,x1_g_curve,20,0.5753282584624791
microsoft--Phi-4-mini-instruct,x1_g_curve,21,0.5708053419845357
microsoft--Phi-4-mini-instruct,x1_g_curve,22,0.5405887491523513
microsoft--Phi-4-mini-instruct,x1_g_curve,23,0.5577977954064315
microsoft--Phi-4-mini-instruct,x1_g_curve,24,0.5519211723706552
microsoft--Phi-4-mini-instruct,x1_g_curve,25,0.5805988648267469
microsoft--Phi-4-mini-instruct,x1_g_curve,26,0.5726940918450473
microsoft--Phi-4-mini-instruct,x1_g_curve,27,0.5809406218675496
microsoft--Phi-4-mini-instruct,x1_g_curve,28,0.5517378562644858
microsoft--Phi-4-mini-instruct,x1_g_curve,29,0.5727746954657283
microsoft--Phi-4-mini-instruct,x1_g_curve,30,0.5792974020979121
microsoft--Phi-4-mini-instruct,x1_g_curve,31,0.5449675852416885
microsoft--Phi-4-mini-instruct,x1_g_curve,32,0.44826879203688047
microsoft--Phi-4-mini-instruct,auroc_by_layer,0,0.5
microsoft--Phi-4-mini-instruct,auroc_by_layer,1,0.9913194444444444
microsoft--Phi-4-mini-instruct,auroc_by_layer,2,0.9986979166666666
microsoft--Phi-4-mini-instruct,auroc_by_layer,3,0.9969618055555556
microsoft--Phi-4-mini-instruct,auroc_by_layer,4,1.0
microsoft--Phi-4-mini-instruct,auroc_by_layer,5,1.0
microsoft--Phi-4-mini-instruct,auroc_by_layer,6,1.0
microsoft--Phi-4-mini-instruct,auroc_by_layer,7,0.9995659722222222
microsoft--Phi-4-mini-instruct,auroc_by_layer,8,1.0
microsoft--Phi-4-mini-instruct,auroc_by_layer,9,0.9969618055555556
microsoft--Phi-4-mini-instruct,auroc_by_layer,10,1.0
microsoft--Phi-4-mini-instruct,auroc_by_layer,11,1.0
microsoft--Phi-4-mini-instruct,auroc_by_layer,12,1.0
microsoft--Phi-4-mini-instruct,auroc_by_layer,13,1.0
microsoft--Phi-4-mini-instruct,auroc_by_layer,14,0.9995659722222222
microsoft--Phi-4-mini-instruct,auroc_by_layer,15,0.9995659722222222
microsoft--Phi-4-mini-instruct,auroc_by_layer,16,0.9995659722222222
microsoft--Phi-4-mini-instruct,auroc_by_layer,17,0.9995659722222222
microsoft--Phi-4-mini-instruct,auroc_by_layer,18,0.9995659722222222
microsoft--Phi-4-mini-instruct,auroc_by_layer,19,0.9995659722222222
microsoft--Phi-4-mini-instruct,auroc_by_layer,20,0.9995659722222222
microsoft--Phi-4-mini-instruct,auroc_by_layer,21,0.9995659722222222
microsoft--Phi-4-mini-instruct,auroc_by_layer,22,0.9995659722222222
microsoft--Phi-4-mini-instruct,auroc_by_layer,23,0.9995659722222222
microsoft--Phi-4-mini-instruct,auroc_by_layer,24,0.9995659722222222
microsoft--Phi-4-mini-instruct,auroc_by_layer,25,0.9995659722222222
microsoft--Phi-4-mini-instruct,auroc_by_layer,26,0.9995659722222222
microsoft--Phi-4-mini-instruct,auroc_by_layer,27,0.9995659722222222
microsoft--Phi-4-mini-instruct,auroc_by_layer,28,0.9995659722222222
microsoft--Phi-4-mini-instruct,auroc_by_layer,29,0.9995659722222222
microsoft--Phi-4-mini-instruct,auroc_by_layer,30,0.9995659722222222
microsoft--Phi-4-mini-instruct,auroc_by_layer,31,0.9995659722222222
microsoft--Phi-4-mini-instruct,auroc_by_layer,32,0.9995659722222222
microsoft--Phi-4-mini-instruct,cohen_by_layer,0,
microsoft--Phi-4-mini-instruct,cohen_by_layer,1,4.45256018706931
microsoft--Phi-4-mini-instruct,cohen_by_layer,2,4.511739009594168
microsoft--Phi-4-mini-instruct,cohen_by_layer,3,4.920516563702403
microsoft--Phi-4-mini-instruct,cohen_by_layer,4,5.1057563533520725
microsoft--Phi-4-mini-instruct,cohen_by_layer,5,5.232218073019711
microsoft--Phi-4-mini-instruct,cohen_by_layer,6,5.4867742095469865
microsoft--Phi-4-mini-instruct,cohen_by_layer,7,5.709536837816076
microsoft--Phi-4-mini-instruct,cohen_by_layer,8,5.933284506198386
microsoft--Phi-4-mini-instruct,cohen_by_layer,9,5.76557150427271
microsoft--Phi-4-mini-instruct,cohen_by_layer,10,6.455181603164566
microsoft--Phi-4-mini-instruct,cohen_by_layer,11,7.336690814939742
microsoft--Phi-4-mini-instruct,cohen_by_layer,12,6.771449543616777
microsoft--Phi-4-mini-instruct,cohen_by_layer,13,6.87460475701011
microsoft--Phi-4-mini-instruct,cohen_by_layer,14,5.874100319791521
microsoft--Phi-4-mini-instruct,cohen_by_layer,15,6.839410055377345
microsoft--Phi-4-mini-instruct,cohen_by_layer,16,7.134576268996316
microsoft--Phi-4-mini-instruct,cohen_by_layer,17,8.02102868669506
microsoft--Phi-4-mini-instruct,cohen_by_layer,18,8.295587349818312
microsoft--Phi-4-mini-instruct,cohen_by_layer,19,8.352770844958886
microsoft--Phi-4-mini-instruct,cohen_by_layer,20,8.360041688253279
microsoft--Phi-4-mini-instruct,cohen_by_layer,21,8.331530598235425
microsoft--Phi-4-mini-instruct,cohen_by_layer,22,8.566298881323364
microsoft--Phi-4-mini-instruct,cohen_by_layer,23,8.699635629304169
microsoft--Phi-4-mini-instruct,cohen_by_layer,24,8.773670619046808
microsoft--Phi-4-mini-instruct,cohen_by_layer,25,8.509318529303263
microsoft--Phi-4-mini-instruct,cohen_by_layer,26,8.339612780298577
microsoft--Phi-4-mini-instruct,cohen_by_layer,27,8.353598384436767
microsoft--Phi-4-mini-instruct,cohen_by_layer,28,8.401246312851102
microsoft--Phi-4-mini-instruct,cohen_by_layer,29,8.511454117554834
microsoft--Phi-4-mini-instruct,cohen_by_layer,30,8.569821269032067
microsoft--Phi-4-mini-instruct,cohen_by_layer,31,8.394173032595912
microsoft--Phi-4-mini-instruct,cohen_by_layer,32,7.825860374842841
microsoft--Phi-4-mini-instruct,x2_wm_curve,0,1.9109493862386084
microsoft--Phi-4-mini-instruct,x2_wm_curve,1,1.658797580234219
microsoft--Phi-4-mini-instruct,x2_wm_curve,2,1.8333148625792377
microsoft--Phi-4-mini-instruct,x2_wm_curve,3,2.0575295445525725
microsoft--Phi-4-mini-instruct,x2_wm_curve,4,1.9257431236456524
microsoft--Phi-4-mini-instruct,x2_wm_curve,5,1.8461047945043052
microsoft--Phi-4-mini-instruct,x2_wm_curve,6,2.0146571508601085
microsoft--Phi-4-mini-instruct,x2_wm_curve,7,2.101288508068475
microsoft--Phi-4-mini-instruct,x2_wm_curve,8,2.156575521966159
microsoft--Phi-4-mini-instruct,x2_wm_curve,9,1.9817490329785452
microsoft--Phi-4-mini-instruct,x2_wm_curve,10,1.8931684016321577
microsoft--Phi-4-mini-instruct,x2_wm_curve,11,1.8379797548031418
microsoft--Phi-4-mini-instruct,x2_wm_curve,12,1.9286106879266036
microsoft--Phi-4-mini-instruct,x2_wm_curve,13,1.954795341844853
microsoft--Phi-4-mini-instruct,x2_wm_curve,14,1.8139197942815717
microsoft--Phi-4-mini-instruct,x2_wm_curve,15,1.8585686658505607
microsoft--Phi-4-mini-instruct,x2_wm_curve,16,1.8994749983013646
microsoft--Phi-4-mini-instruct,x2_wm_curve,17,1.7131008950096966
microsoft--Phi-4-mini-instruct,x2_wm_curve,18,1.7015255931191704
microsoft--Phi-4-mini-instruct,x2_wm_curve,19,1.6167586717954239
microsoft--Phi-4-mini-instruct,x2_wm_curve,20,1.5870046744956574
microsoft--Phi-4-mini-instruct,x2_wm_curve,21,1.7398997843236794
microsoft--Phi-4-mini-instruct,x2_wm_curve,22,1.7023851574858295
microsoft--Phi-4-mini-instruct,x2_wm_curve,23,1.5978604715024438
microsoft--Phi-4-mini-instruct,x2_wm_curve,24,1.2904524822610262
microsoft--Phi-4-mini-instruct,x2_wm_curve,25,1.6387500377866406
microsoft--Phi-4-mini-instruct,x2_wm_curve,26,1.4116877478557066
microsoft--Phi-4-mini-instruct,x2_wm_curve,27,1.4368662594693986
microsoft--Phi-4-mini-instruct,x2_wm_curve,28,1.182988725633155
microsoft--Phi-4-mini-instruct,x2_wm_curve,29,1.2601858694010406
microsoft--Phi-4-mini-instruct,x2_wm_curve,30,2.68724463430766
microsoft--Phi-4-mini-instruct,x2_wm_curve,31,2.489088639812594
microsoft--Phi-4-mini-instruct,x8_drive_gap_curve,0,0.0
microsoft--Phi-4-mini-instruct,x8_drive_gap_curve,1,1.9569661375135188
microsoft--Phi-4-mini-instruct,x8_drive_gap_curve,2,3.173218548918764
microsoft--Phi-4-mini-instruct,x8_drive_gap_curve,3,-0.2966883749856304
microsoft--Phi-4-mini-instruct,x8_drive_gap_curve,4,-1.8301865588873625
microsoft--Phi-4-mini-instruct,x8_drive_gap_curve,5,0.20968388207256794
microsoft--Phi-4-mini-instruct,x8_drive_gap_curve,6,-0.6815926929314932
microsoft--Phi-4-mini-instruct,x8_drive_gap_curve,7,1.1290229956309004
microsoft--Phi-4-mini-instruct,x8_drive_gap_curve,8,0.43510274092356366
microsoft--Phi-4-mini-instruct,x8_drive_gap_curve,9,-0.08602033058802294
microsoft--Phi-4-mini-instruct,x8_drive_gap_curve,10,0.387886106967926
microsoft--Phi-4-mini-instruct,x8_drive_gap_curve,11,1.592959463596344
microsoft--Phi-4-mini-instruct,x8_drive_gap_curve,12,0.01817444960276271
microsoft--Phi-4-mini-instruct,x8_drive_gap_curve,13,-1.0685468514760332
microsoft--Phi-4-mini-instruct,x8_drive_gap_curve,14,-0.23752983411153128
microsoft--Phi-4-mini-instruct,x8_drive_gap_curve,15,-0.13825170199076342
microsoft--Phi-4-mini-instruct,x8_drive_gap_curve,16,1.3140441179275513
microsoft--Phi-4-mini-instruct,x8_drive_gap_curve,17,1.500940203666687
microsoft--Phi-4-mini-instruct,x8_drive_gap_curve,18,2.7062030521531897
microsoft--Phi-4-mini-instruct,x8_drive_gap_curve,19,1.2453303535779319
microsoft--Phi-4-mini-instruct,x8_drive_gap_curve,20,2.558746849497159
microsoft--Phi-4-mini-instruct,x8_drive_gap_curve,21,2.5628655354181924
microsoft--Phi-4-mini-instruct,x8_drive_gap_curve,22,4.859203631679216
microsoft--Phi-4-mini-instruct,x8_drive_gap_curve,23,9.731526931126913
microsoft--Phi-4-mini-instruct,x8_drive_gap_curve,24,12.828033556540806
microsoft--Phi-4-mini-instruct,x8_drive_gap_curve,25,22.361399044593174
microsoft--Phi-4-mini-instruct,x8_drive_gap_curve,26,21.172415783007942
microsoft--Phi-4-mini-instruct,x8_drive_gap_curve,27,20.111435035864513
microsoft--Phi-4-mini-instruct,x8_drive_gap_curve,28,18.084810833136242
microsoft--Phi-4-mini-instruct,x8_drive_gap_curve,29,18.36448945601781
microsoft--Phi-4-mini-instruct,x8_drive_gap_curve,30,21.633342146873474
microsoft--Phi-4-mini-instruct,x8_drive_gap_curve,31,8.05216630299886
microsoft--Phi-4-mini-instruct,x8_drive_gap_curve,32,6.408214648564656
microsoft--Phi-4-mini-instruct,x10_scar_curve,0,0.08187027117431289
microsoft--Phi-4-mini-instruct,x10_scar_curve,1,0.07582079081124037
microsoft--Phi-4-mini-instruct,x10_scar_curve,2,0.14993421960400133
microsoft--Phi-4-mini-instruct,x10_scar_curve,3,0.27247453772318975
microsoft--Phi-4-mini-instruct,x10_scar_curve,4,0.22477152286235025
microsoft--Phi-4-mini-instruct,x10_scar_curve,5,0.2775029634347396
microsoft--Phi-4-mini-instruct,x10_scar_curve,6,0.27639573186794064
microsoft--Phi-4-mini-instruct,x10_scar_curve,7,0.32279740160070775
microsoft--Phi-4-mini-instruct,x10_scar_curve,8,0.39745038279828154
microsoft--Phi-4-mini-instruct,x10_scar_curve,9,0.43209755664154115
microsoft--Phi-4-mini-instruct,x10_scar_curve,10,0.4258865157195183
microsoft--Phi-4-mini-instruct,x10_scar_curve,11,0.32619657633232185
microsoft--Phi-4-mini-instruct,x10_scar_curve,12,0.3841248084597411
microsoft--Phi-4-mini-instruct,x10_scar_curve,13,0.3966042920073371
microsoft--Phi-4-mini-instruct,x10_scar_curve,14,0.3991844490730346
microsoft--Phi-4-mini-instruct,x10_scar_curve,15,0.35870329947062557
microsoft--Phi-4-mini-instruct,x10_scar_curve,16,0.35931077322777766
microsoft--Phi-4-mini-instruct,x10_scar_curve,17,0.34436209083475233
microsoft--Phi-4-mini-instruct,x10_scar_curve,18,0.2689059810410339
microsoft--Phi-4-mini-instruct,x10_scar_curve,19,0.26029064654572565
microsoft--Phi-4-mini-instruct,x10_scar_curve,20,0.37502342921286336
microsoft--Phi-4-mini-instruct,x10_scar_curve,21,0.3211356051206582
microsoft--Phi-4-mini-instruct,x10_scar_curve,22,0.3691010610046855
microsoft--Phi-4-mini-instruct,x10_scar_curve,23,0.35605357663133436
microsoft--Phi-4-mini-instruct,x10_scar_curve,24,0.3990452617832468
microsoft--Phi-4-mini-instruct,x10_scar_curve,25,0.37217623992157467
microsoft--Phi-4-mini-instruct,x10_scar_curve,26,0.32601445966161574
microsoft--Phi-4-mini-instruct,x10_scar_curve,27,0.47354277111280396
microsoft--Phi-4-mini-instruct,x10_scar_curve,28,0.26982627788531016
microsoft--Phi-4-mini-instruct,x10_scar_curve,29,0.1637330733439353
microsoft--Phi-4-mini-instruct,x10_scar_curve,30,0.07191920869253159
microsoft--Phi-4-mini-instruct,x10_scar_curve,31,0.2685180417980672
microsoft--Phi-4-mini-instruct,x10_z_curve,0,-2.8702622812940737
microsoft--Phi-4-mini-instruct,x10_z_curve,1,-2.9413560138058443
microsoft--Phi-4-mini-instruct,x10_z_curve,2,-2.0703720671042456
microsoft--Phi-4-mini-instruct,x10_z_curve,3,-0.630273401530901
microsoft--Phi-4-mini-instruct,x10_z_curve,4,-1.1908811190504724
microsoft--Phi-4-mini-instruct,x10_z_curve,5,-0.5711791436712607
microsoft--Phi-4-mini-instruct,x10_z_curve,6,-0.5841913728404146
microsoft--Phi-4-mini-instruct,x10_z_curve,7,-0.03887711474017181
microsoft--Phi-4-mini-instruct,x10_z_curve,8,0.8384476731645818
microsoft--Phi-4-mini-instruct,x10_z_curve,9,1.2456226306266256
microsoft--Phi-4-mini-instruct,x10_z_curve,10,1.1726302320356028
microsoft--Phi-4-mini-instruct,x10_z_curve,11,0.001070121158847652
microsoft--Phi-4-mini-instruct,x10_z_curve,12,0.681844996449925
microsoft--Phi-4-mini-instruct,x10_z_curve,13,0.8285043807225967
microsoft--Phi-4-mini-instruct,x10_z_curve,14,0.8588264886158251
microsoft--Phi-4-mini-instruct,x10_z_curve,15,0.3830904172715194
microsoft--Phi-4-mini-instruct,x10_z_curve,16,0.3902294728939689
microsoft--Phi-4-mini-instruct,x10_z_curve,17,0.21455196612157096
microsoft--Phi-4-mini-instruct,x10_z_curve,18,-0.6722112208125267
microsoft--Phi-4-mini-instruct,x10_z_curve,19,-0.7734589725777367
microsoft--Phi-4-mini-instruct,x10_z_curve,20,0.5748852275389513
microsoft--Phi-4-mini-instruct,x10_z_curve,21,-0.05840661270545493
microsoft--Phi-4-mini-instruct,x10_z_curve,22,0.5052853220993763
microsoft--Phi-4-mini-instruct,x10_z_curve,23,0.35195076965536903
microsoft--Phi-4-mini-instruct,x10_z_curve,24,0.8571907540807376
microsoft--Phi-4-mini-instruct,x10_z_curve,25,0.5414249463682147
microsoft--Phi-4-mini-instruct,x10_z_curve,26,-0.001070121158847652
microsoft--Phi-4-mini-instruct,x10_z_curve,27,1.732688430442928
microsoft--Phi-4-mini-instruct,x10_z_curve,28,-0.6613958558965934
microsoft--Phi-4-mini-instruct,x10_z_curve,29,-1.9082073921440215
microsoft--Phi-4-mini-instruct,x10_z_curve,30,-2.9872075611905373
microsoft--Phi-4-mini-instruct,x10_z_curve,31,-0.6767702981406638
microsoft--Phi-4-mini-instruct,x10_sigma_min_curve,0,1.271989345550537
microsoft--Phi-4-mini-instruct,x10_sigma_min_curve,1,1.3133329153060913
microsoft--Phi-4-mini-instruct,x10_sigma_min_curve,2,1.109898328781128
microsoft--Phi-4-mini-instruct,x10_sigma_min_curve,3,0.8251118659973145
microsoft--Phi-4-mini-instruct,x10_sigma_min_curve,4,0.9282163381576538
microsoft--Phi-4-mini-instruct,x10_sigma_min_curve,5,0.8040598630905151
microsoft--Phi-4-mini-instruct,x10_sigma_min_curve,6,0.8170521855354309
microsoft--Phi-4-mini-instruct,x10_sigma_min_curve,7,0.727279782295227
microsoft--Phi-4-mini-instruct,x10_sigma_min_curve,8,0.6228896379470825
microsoft--Phi-4-mini-instruct,x10_sigma_min_curve,9,0.5802320837974548
microsoft--Phi-4-mini-instruct,x10_sigma_min_curve,10,0.5923616886138916
microsoft--Phi-4-mini-instruct,x10_sigma_min_curve,11,0.7452828884124756
microsoft--Phi-4-mini-instruct,x10_sigma_min_curve,12,0.6605498194694519
microsoft--Phi-4-mini-instruct,x10_sigma_min_curve,13,0.6404969692230225
microsoft--Phi-4-mini-instruct,x10_sigma_min_curve,14,0.6408082246780396
microsoft--Phi-4-mini-instruct,x10_sigma_min_curve,15,0.699336588382721
microsoft--Phi-4-mini-instruct,x10_sigma_min_curve,16,0.7037623524665833
microsoft--Phi-4-mini-instruct,x10_sigma_min_curve,17,0.7302114963531494
microsoft--Phi-4-mini-instruct,x10_sigma_min_curve,18,0.8725897669792175
microsoft--Phi-4-mini-instruct,x10_sigma_min_curve,19,0.8966192603111267
microsoft--Phi-4-mini-instruct,x10_sigma_min_curve,20,0.6916614174842834
microsoft--Phi-4-mini-instruct,x10_sigma_min_curve,21,0.7880129218101501
microsoft--Phi-4-mini-instruct,x10_sigma_min_curve,22,0.7185395956039429
microsoft--Phi-4-mini-instruct,x10_sigma_min_curve,23,0.7445386648178101
microsoft--Phi-4-mini-instruct,x10_sigma_min_curve,24,0.6793927550315857
microsoft--Phi-4-mini-instruct,x10_sigma_min_curve,25,0.734540581703186
microsoft--Phi-4-mini-instruct,x10_sigma_min_curve,26,0.8077886700630188
microsoft--Phi-4-mini-instruct,x10_sigma_min_curve,27,0.571631133556366
microsoft--Phi-4-mini-instruct,x10_sigma_min_curve,28,0.9197598695755005
microsoft--Phi-4-mini-instruct,x10_sigma_min_curve,29,1.1326344013214111
microsoft--Phi-4-mini-instruct,x10_sigma_min_curve,30,1.2912744283676147
microsoft--Phi-4-mini-instruct,x10_sigma_min_curve,31,0.6298198103904724
microsoft--Phi-4-mini-instruct,x10_sigma_mp_curve,0,1.5358674796112206
microsoft--Phi-4-mini-instruct,x10_sigma_mp_curve,1,1.5638518913409423
microsoft--Phi-4-mini-instruct,x10_sigma_mp_curve,2,1.567535615417478
microsoft--Phi-4-mini-instruct,x10_sigma_mp_curve,3,1.5452095034426283
microsoft--Phi-4-mini-instruct,x10_sigma_mp_curve,4,1.5574737342965987
microsoft--Phi-4-mini-instruct,x10_sigma_mp_curve,5,1.5233207120111356
microsoft--Phi-4-mini-instruct,x10_sigma_mp_curve,6,1.5439937140584679
microsoft--Phi-4-mini-instruct,x10_sigma_mp_curve,7,1.529321930474333
microsoft--Phi-4-mini-instruct,x10_sigma_mp_curve,8,1.5554694615435785
microsoft--Phi-4-mini-instruct,x10_sigma_mp_curve,9,1.569275866830544
microsoft--Phi-4-mini-instruct,x10_sigma_mp_curve,10,1.579332157002683
microsoft--Phi-4-mini-instruct,x10_sigma_mp_curve,11,1.5794930756482022
microsoft--Phi-4-mini-instruct,x10_sigma_mp_curve,12,1.599669950208867
microsoft--Phi-4-mini-instruct,x10_sigma_mp_curve,13,1.5963252053872548
microsoft--Phi-4-mini-instruct,x10_sigma_mp_curve,14,1.6066176224716757
microsoft--Phi-4-mini-instruct,x10_sigma_mp_curve,15,1.5973112484716243
microsoft--Phi-4-mini-instruct,x10_sigma_mp_curve,16,1.6096698290712195
microsoft--Phi-4-mini-instruct,x10_sigma_mp_curve,17,1.6136552562923314
microsoft--Phi-4-mini-instruct,x10_sigma_mp_curve,18,1.6207502477821565
microsoft--Phi-4-mini-instruct,x10_sigma_mp_curve,19,1.6326711185083713
microsoft--Phi-4-mini-instruct,x10_sigma_mp_curve,20,1.6402761854759296
microsoft--Phi-4-mini-instruct,x10_sigma_mp_curve,21,1.6507030138287169
microsoft--Phi-4-mini-instruct,x10_sigma_mp_curve,22,1.680938275105555
microsoft--Phi-4-mini-instruct,x10_sigma_mp_curve,23,1.6902106456956656
microsoft--Phi-4-mini-instruct,x10_sigma_mp_curve,24,1.7028099259108462
microsoft--Phi-4-mini-instruct,x10_sigma_mp_curve,25,1.7305814112271698
microsoft--Phi-4-mini-instruct,x10_sigma_mp_curve,26,1.7112450984303562
microsoft--Phi-4-mini-instruct,x10_sigma_mp_curve,27,1.7008211411223242
microsoft--Phi-4-mini-instruct,x10_sigma_mp_curve,28,1.7119880727050145
microsoft--Phi-4-mini-instruct,x10_sigma_mp_curve,29,1.6512879875331605
microsoft--Phi-4-mini-instruct,x10_sigma_mp_curve,30,1.5238343505551863
microsoft--Phi-4-mini-instruct,x10_sigma_mp_curve,31,1.1687842715991623
mlabonne--Qwen3-4B-abliterated,x1_g_curve,0,0.0
mlabonne--Qwen3-4B-abliterated,x1_g_curve,1,0.03891579406465884
mlabonne--Qwen3-4B-abliterated,x1_g_curve,2,0.056171676111001496
mlabonne--Qwen3-4B-abliterated,x1_g_curve,3,0.06015557261036883
mlabonne--Qwen3-4B-abliterated,x1_g_curve,4,0.092078721875131
mlabonne--Qwen3-4B-abliterated,x1_g_curve,5,0.11348326588327934
mlabonne--Qwen3-4B-abliterated,x1_g_curve,6,0.11071120149062369
mlabonne--Qwen3-4B-abliterated,x1_g_curve,7,0.1280291266567982
mlabonne--Qwen3-4B-abliterated,x1_g_curve,8,0.13449506271150038
mlabonne--Qwen3-4B-abliterated,x1_g_curve,9,0.1777731025085105
mlabonne--Qwen3-4B-abliterated,x1_g_curve,10,0.22126535454949262
mlabonne--Qwen3-4B-abliterated,x1_g_curve,11,0.2138828515027738
mlabonne--Qwen3-4B-abliterated,x1_g_curve,12,0.24155975408220698
mlabonne--Qwen3-4B-abliterated,x1_g_curve,13,0.2745646323529363
mlabonne--Qwen3-4B-abliterated,x1_g_curve,14,0.3040645147391753
mlabonne--Qwen3-4B-abliterated,x1_g_curve,15,0.2808961020595497
mlabonne--Qwen3-4B-abliterated,x1_g_curve,16,0.2899718885771003
mlabonne--Qwen3-4B-abliterated,x1_g_curve,17,0.29233826600218105
mlabonne--Qwen3-4B-abliterated,x1_g_curve,18,0.2997491118090828
mlabonne--Qwen3-4B-abliterated,x1_g_curve,19,0.3182154049447305
mlabonne--Qwen3-4B-abliterated,x1_g_curve,20,0.35031827400537624
mlabonne--Qwen3-4B-abliterated,x1_g_curve,21,0.3645776774332378
mlabonne--Qwen3-4B-abliterated,x1_g_curve,22,0.37706010501534554
mlabonne--Qwen3-4B-abliterated,x1_g_curve,23,0.4178061286742354
mlabonne--Qwen3-4B-abliterated,x1_g_curve,24,0.40646748514408804
mlabonne--Qwen3-4B-abliterated,x1_g_curve,25,0.42195618619300584
mlabonne--Qwen3-4B-abliterated,x1_g_curve,26,0.4256089820282674
mlabonne--Qwen3-4B-abliterated,x1_g_curve,27,0.41478568854121894
mlabonne--Qwen3-4B-abliterated,x1_g_curve,28,0.4230953557500241
mlabonne--Qwen3-4B-abliterated,x1_g_curve,29,0.4139293922058103
mlabonne--Qwen3-4B-abliterated,x1_g_curve,30,0.3840561187021682
mlabonne--Qwen3-4B-abliterated,x1_g_curve,31,0.3614922243969999
mlabonne--Qwen3-4B-abliterated,x1_g_curve,32,0.35729822653314103
mlabonne--Qwen3-4B-abliterated,x1_g_curve,33,0.3368554658436119
mlabonne--Qwen3-4B-abliterated,x1_g_curve,34,0.3014870158991692
mlabonne--Qwen3-4B-abliterated,x1_g_curve,35,0.2535091025326255
mlabonne--Qwen3-4B-abliterated,x1_g_curve,36,0.3948227092956015
mlabonne--Qwen3-4B-abliterated,auroc_by_layer,0,0.5
mlabonne--Qwen3-4B-abliterated,auroc_by_layer,1,0.6579861111111112
mlabonne--Qwen3-4B-abliterated,auroc_by_layer,2,0.7699652777777778
mlabonne--Qwen3-4B-abliterated,auroc_by_layer,3,0.7721354166666666
mlabonne--Qwen3-4B-abliterated,auroc_by_layer,4,0.9496527777777778
mlabonne--Qwen3-4B-abliterated,auroc_by_layer,5,0.9809027777777778
mlabonne--Qwen3-4B-abliterated,auroc_by_layer,6,0.9752604166666666
mlabonne--Qwen3-4B-abliterated,auroc_by_layer,7,0.9787326388888888
mlabonne--Qwen3-4B-abliterated,auroc_by_layer,8,0.9782986111111112
mlabonne--Qwen3-4B-abliterated,auroc_by_layer,9,0.9778645833333334
mlabonne--Qwen3-4B-abliterated,auroc_by_layer,10,0.9782986111111112
mlabonne--Qwen3-4B-abliterated,auroc_by_layer,11,0.9769965277777778
mlabonne--Qwen3-4B-abliterated,auroc_by_layer,12,0.9787326388888888
mlabonne--Qwen3-4B-abliterated,auroc_by_layer,13,0.9800347222222222
mlabonne--Qwen3-4B-abliterated,auroc_by_layer,14,0.9769965277777778
mlabonne--Qwen3-4B-abliterated,auroc_by_layer,15,0.9774305555555556
mlabonne--Qwen3-4B-abliterated,auroc_by_layer,16,0.9800347222222222
mlabonne--Qwen3-4B-abliterated,auroc_by_layer,17,0.9787326388888888
mlabonne--Qwen3-4B-abliterated,auroc_by_layer,18,0.9826388888888888
mlabonne--Qwen3-4B-abliterated,auroc_by_layer,19,0.9917534722222222
mlabonne--Qwen3-4B-abliterated,auroc_by_layer,20,0.9978298611111112
mlabonne--Qwen3-4B-abliterated,auroc_by_layer,21,0.9952256944444444
mlabonne--Qwen3-4B-abliterated,auroc_by_layer,22,0.9930555555555556
mlabonne--Qwen3-4B-abliterated,auroc_by_layer,23,0.9921875
mlabonne--Qwen3-4B-abliterated,auroc_by_layer,24,0.9904513888888888
mlabonne--Qwen3-4B-abliterated,auroc_by_layer,25,0.9874131944444444
mlabonne--Qwen3-4B-abliterated,auroc_by_layer,26,0.9861111111111112
mlabonne--Qwen3-4B-abliterated,auroc_by_layer,27,0.9865451388888888
mlabonne--Qwen3-4B-abliterated,auroc_by_layer,28,0.9874131944444444
mlabonne--Qwen3-4B-abliterated,auroc_by_layer,29,0.9874131944444444
mlabonne--Qwen3-4B-abliterated,auroc_by_layer,30,0.9856770833333334
mlabonne--Qwen3-4B-abliterated,auroc_by_layer,31,0.98828125
mlabonne--Qwen3-4B-abliterated,auroc_by_layer,32,0.9895833333333334
mlabonne--Qwen3-4B-abliterated,auroc_by_layer,33,0.9900173611111112
mlabonne--Qwen3-4B-abliterated,auroc_by_layer,34,0.9904513888888888
mlabonne--Qwen3-4B-abliterated,auroc_by_layer,35,0.9891493055555556
mlabonne--Qwen3-4B-abliterated,auroc_by_layer,36,0.9917534722222222
mlabonne--Qwen3-4B-abliterated,cohen_by_layer,0,
mlabonne--Qwen3-4B-abliterated,cohen_by_layer,1,3.0232189602328234
mlabonne--Qwen3-4B-abliterated,cohen_by_layer,2,5.179238437935461
mlabonne--Qwen3-4B-abliterated,cohen_by_layer,3,5.604799191633467
mlabonne--Qwen3-4B-abliterated,cohen_by_layer,4,4.634858454348325
mlabonne--Qwen3-4B-abliterated,cohen_by_layer,5,4.63267420857168
mlabonne--Qwen3-4B-abliterated,cohen_by_layer,6,4.684105871336331
mlabonne--Qwen3-4B-abliterated,cohen_by_layer,7,4.490314252361998
mlabonne--Qwen3-4B-abliterated,cohen_by_layer,8,4.353087547757321
mlabonne--Qwen3-4B-abliterated,cohen_by_layer,9,4.2142248594981435
mlabonne--Qwen3-4B-abliterated,cohen_by_layer,10,4.107340686209391
mlabonne--Qwen3-4B-abliterated,cohen_by_layer,11,3.9724990076367988
mlabonne--Qwen3-4B-abliterated,cohen_by_layer,12,3.963060742303925
mlabonne--Qwen3-4B-abliterated,cohen_by_layer,13,3.960723854856069
mlabonne--Qwen3-4B-abliterated,cohen_by_layer,14,3.6967766013617305
mlabonne--Qwen3-4B-abliterated,cohen_by_layer,15,3.7307460897369986
mlabonne--Qwen3-4B-abliterated,cohen_by_layer,16,3.6634705208153626
mlabonne--Qwen3-4B-abliterated,cohen_by_layer,17,3.632758586429101
mlabonne--Qwen3-4B-abliterated,cohen_by_layer,18,3.9653932137872214
mlabonne--Qwen3-4B-abliterated,cohen_by_layer,19,4.8159897338290225
mlabonne--Qwen3-4B-abliterated,cohen_by_layer,20,5.5662330549754815
mlabonne--Qwen3-4B-abliterated,cohen_by_layer,21,5.527068009989759
mlabonne--Qwen3-4B-abliterated,cohen_by_layer,22,5.372413309824922
mlabonne--Qwen3-4B-abliterated,cohen_by_layer,23,5.136515160091892
mlabonne--Qwen3-4B-abliterated,cohen_by_layer,24,4.9681521865145655
mlabonne--Qwen3-4B-abliterated,cohen_by_layer,25,4.670458215110664
mlabonne--Qwen3-4B-abliterated,cohen_by_layer,26,4.7335252056609045
mlabonne--Qwen3-4B-abliterated,cohen_by_layer,27,4.644997605122375
mlabonne--Qwen3-4B-abliterated,cohen_by_layer,28,4.567397990776724
mlabonne--Qwen3-4B-abliterated,cohen_by_layer,29,4.411610786211192
mlabonne--Qwen3-4B-abliterated,cohen_by_layer,30,4.296884018611763
mlabonne--Qwen3-4B-abliterated,cohen_by_layer,31,4.385741558333862
mlabonne--Qwen3-4B-abliterated,cohen_by_layer,32,4.437261653205539
mlabonne--Qwen3-4B-abliterated,cohen_by_layer,33,4.38250631696325
mlabonne--Qwen3-4B-abliterated,cohen_by_layer,34,4.36225756492718
mlabonne--Qwen3-4B-abliterated,cohen_by_layer,35,4.382062133230912
mlabonne--Qwen3-4B-abliterated,cohen_by_layer,36,4.107471068841063
mlabonne--Qwen3-4B-abliterated,x2_wm_curve,0,1.1437208858897392
mlabonne--Qwen3-4B-abliterated,x2_wm_curve,1,1.5621074735485807
mlabonne--Qwen3-4B-abliterated,x2_wm_curve,2,1.5367648973809496
mlabonne--Qwen3-4B-abliterated,x2_wm_curve,3,1.1604082291348583
mlabonne--Qwen3-4B-abliterated,x2_wm_curve,4,1.0845611535894961
mlabonne--Qwen3-4B-abliterated,x2_wm_curve,5,1.0681345076332287
mlabonne--Qwen3-4B-abliterated,x2_wm_curve,6,1.146705243997628
mlabonne--Qwen3-4B-abliterated,x2_wm_curve,7,1.037085330440774
mlabonne--Qwen3-4B-abliterated,x2_wm_curve,8,1.0437355487828448
mlabonne--Qwen3-4B-abliterated,x2_wm_curve,9,1.0356508385329328
mlabonne--Qwen3-4B-abliterated,x2_wm_curve,10,1.0400908886779758
mlabonne--Qwen3-4B-abliterated,x2_wm_curve,11,1.0076505527740351
mlabonne--Qwen3-4B-abliterated,x2_wm_curve,12,1.0169605285858496
mlabonne--Qwen3-4B-abliterated,x2_wm_curve,13,0.9906679536276132
mlabonne--Qwen3-4B-abliterated,x2_wm_curve,14,1.0078931171887753
mlabonne--Qwen3-4B-abliterated,x2_wm_curve,15,0.9926888385481654
mlabonne--Qwen3-4B-abliterated,x2_wm_curve,16,0.9787241861919239
mlabonne--Qwen3-4B-abliterated,x2_wm_curve,17,1.0359607577981484
mlabonne--Qwen3-4B-abliterated,x2_wm_curve,18,0.9967740768231657
mlabonne--Qwen3-4B-abliterated,x2_wm_curve,19,0.9904401867925485
mlabonne--Qwen3-4B-abliterated,x2_wm_curve,20,0.9983913827932425
mlabonne--Qwen3-4B-abliterated,x2_wm_curve,21,0.9977617004157131
mlabonne--Qwen3-4B-abliterated,x2_wm_curve,22,1.0322941697069186
mlabonne--Qwen3-4B-abliterated,x2_wm_curve,23,0.9989656494624907
mlabonne--Qwen3-4B-abliterated,x2_wm_curve,24,0.9835037407258929
mlabonne--Qwen3-4B-abliterated,x2_wm_curve,25,0.9908565171961414
mlabonne--Qwen3-4B-abliterated,x2_wm_curve,26,0.9760590082864657
mlabonne--Qwen3-4B-abliterated,x2_wm_curve,27,1.0025527614420584
mlabonne--Qwen3-4B-abliterated,x2_wm_curve,28,0.9893545411294775
mlabonne--Qwen3-4B-abliterated,x2_wm_curve,29,0.9610291681325004
mlabonne--Qwen3-4B-abliterated,x2_wm_curve,30,0.9517162805624261
mlabonne--Qwen3-4B-abliterated,x2_wm_curve,31,0.9471209559392508
mlabonne--Qwen3-4B-abliterated,x2_wm_curve,32,0.9436118659182798
mlabonne--Qwen3-4B-abliterated,x2_wm_curve,33,0.964127937720362
mlabonne--Qwen3-4B-abliterated,x2_wm_curve,34,1.0067341969291712
mlabonne--Qwen3-4B-abliterated,x2_wm_curve,35,1.0664428550930505
mlabonne--Qwen3-4B-abliterated,x8_drive_gap_curve,0,0.0
mlabonne--Qwen3-4B-abliterated,x8_drive_gap_curve,1,-0.09098049998283386
mlabonne--Qwen3-4B-abliterated,x8_drive_gap_curve,2,-0.18262422084808347
mlabonne--Qwen3-4B-abliterated,x8_drive_gap_curve,3,-0.10455137491226196
mlabonne--Qwen3-4B-abliterated,x8_drive_gap_curve,4,-0.41039810578028346
mlabonne--Qwen3-4B-abliterated,x8_drive_gap_curve,5,-0.43848296999931347
mlabonne--Qwen3-4B-abliterated,x8_drive_gap_curve,6,-0.3906705379486083
mlabonne--Qwen3-4B-abliterated,x8_drive_gap_curve,7,-0.023483534653981453
mlabonne--Qwen3-4B-abliterated,x8_drive_gap_curve,8,0.1276519000530243
mlabonne--Qwen3-4B-abliterated,x8_drive_gap_curve,9,0.3876871168613434
mlabonne--Qwen3-4B-abliterated,x8_drive_gap_curve,10,0.22791277368863416
mlabonne--Qwen3-4B-abliterated,x8_drive_gap_curve,11,-0.13337711493174234
mlabonne--Qwen3-4B-abliterated,x8_drive_gap_curve,12,0.19147903720537818
mlabonne--Qwen3-4B-abliterated,x8_drive_gap_curve,13,-0.3986473182837168
mlabonne--Qwen3-4B-abliterated,x8_drive_gap_curve,14,-0.22965382536252343
mlabonne--Qwen3-4B-abliterated,x8_drive_gap_curve,15,1.2947681744893391
mlabonne--Qwen3-4B-abliterated,x8_drive_gap_curve,16,0.00824979941050219
mlabonne--Qwen3-4B-abliterated,x8_drive_gap_curve,17,0.18748414516448975
mlabonne--Qwen3-4B-abliterated,x8_drive_gap_curve,18,-0.4808708329995473
mlabonne--Qwen3-4B-abliterated,x8_drive_gap_curve,19,-0.2870242695013683
mlabonne--Qwen3-4B-abliterated,x8_drive_gap_curve,20,1.0962153275807698
mlabonne--Qwen3-4B-abliterated,x8_drive_gap_curve,21,1.9166873296101887
mlabonne--Qwen3-4B-abliterated,x8_drive_gap_curve,22,0.004359851280848204
mlabonne--Qwen3-4B-abliterated,x8_drive_gap_curve,23,-0.12490487098693848
mlabonne--Qwen3-4B-abliterated,x8_drive_gap_curve,24,-0.8404797911643982
mlabonne--Qwen3-4B-abliterated,x8_drive_gap_curve,25,-2.4522129396597543
mlabonne--Qwen3-4B-abliterated,x8_drive_gap_curve,26,-3.929929753144582
mlabonne--Qwen3-4B-abliterated,x8_drive_gap_curve,27,-4.392466366291046
mlabonne--Qwen3-4B-abliterated,x8_drive_gap_curve,28,-4.7483310004075365
mlabonne--Qwen3-4B-abliterated,x8_drive_gap_curve,29,-5.973669717709224
mlabonne--Qwen3-4B-abliterated,x8_drive_gap_curve,30,-8.03370957573255
mlabonne--Qwen3-4B-abliterated,x8_drive_gap_curve,31,-5.476975758870443
mlabonne--Qwen3-4B-abliterated,x8_drive_gap_curve,32,-5.941397269566854
mlabonne--Qwen3-4B-abliterated,x8_drive_gap_curve,33,-3.230823149283727
mlabonne--Qwen3-4B-abliterated,x8_drive_gap_curve,34,-2.697668174902598
mlabonne--Qwen3-4B-abliterated,x8_drive_gap_curve,35,-2.0554622809092202
mlabonne--Qwen3-4B-abliterated,x8_drive_gap_curve,36,-1.9568370580673218
mlabonne--Qwen3-4B-abliterated,x10_scar_curve,0,0.1544572622668608
mlabonne--Qwen3-4B-abliterated,x10_scar_curve,1,0.19721445327812187
mlabonne--Qwen3-4B-abliterated,x10_scar_curve,2,0.209341311391665
mlabonne--Qwen3-4B-abliterated,x10_scar_curve,3,0.1429497886673653
mlabonne--Qwen3-4B-abliterated,x10_scar_curve,4,0.16483713097852434
mlabonne--Qwen3-4B-abliterated,x10_scar_curve,5,0.17095412367717125
mlabonne--Qwen3-4B-abliterated,x10_scar_curve,6,0.3499606276874447
mlabonne--Qwen3-4B-abliterated,x10_scar_curve,7,0.45707860201663375
mlabonne--Qwen3-4B-abliterated,x10_scar_curve,8,0.7030520873674314
mlabonne--Qwen3-4B-abliterated,x10_scar_curve,9,1.3417712441677188
mlabonne--Qwen3-4B-abliterated,x10_scar_curve,10,0.9466247123048318
mlabonne--Qwen3-4B-abliterated,x10_scar_curve,11,0.6929657732928654
mlabonne--Qwen3-4B-abliterated,x10_scar_curve,12,0.40923817875151
mlabonne--Qwen3-4B-abliterated,x10_scar_curve,13,0.6040382964944977
mlabonne--Qwen3-4B-abliterated,x10_scar_curve,14,0.5678179742865402
mlabonne--Qwen3-4B-abliterated,x10_scar_curve,15,0.41481257935295635
mlabonne--Qwen3-4B-abliterated,x10_scar_curve,16,0.4146350561010824
mlabonne--Qwen3-4B-abliterated,x10_scar_curve,17,0.4287187097525137
mlabonne--Qwen3-4B-abliterated,x10_scar_curve,18,0.41511261272284083
mlabonne--Qwen3-4B-abliterated,x10_scar_curve,19,0.25294327490970936
mlabonne--Qwen3-4B-abliterated,x10_scar_curve,20,0.3801439006779464
mlabonne--Qwen3-4B-abliterated,x10_scar_curve,21,0.4046896596597972
mlabonne--Qwen3-4B-abliterated,x10_scar_curve,22,0.17845158227214308
mlabonne--Qwen3-4B-abliterated,x10_scar_curve,23,0.24979146578687986
mlabonne--Qwen3-4B-abliterated,x10_scar_curve,24,0.38662922350426515
mlabonne--Qwen3-4B-abliterated,x10_scar_curve,25,0.5636507176459506
mlabonne--Qwen3-4B-abliterated,x10_scar_curve,26,0.9330978146441024
mlabonne--Qwen3-4B-abliterated,x10_scar_curve,27,1.3439785104491568
mlabonne--Qwen3-4B-abliterated,x10_scar_curve,28,0.7275634173437443
mlabonne--Qwen3-4B-abliterated,x10_scar_curve,29,0.5261508392023754
mlabonne--Qwen3-4B-abliterated,x10_scar_curve,30,0.4597554403361379
mlabonne--Qwen3-4B-abliterated,x10_scar_curve,31,0.631489709644858
mlabonne--Qwen3-4B-abliterated,x10_scar_curve,32,0.5466340454196624
mlabonne--Qwen3-4B-abliterated,x10_scar_curve,33,0.48244940738279424
mlabonne--Qwen3-4B-abliterated,x10_scar_curve,34,0.27035430835463176
mlabonne--Qwen3-4B-abliterated,x10_scar_curve,35,0.05160894413008249
mlabonne--Qwen3-4B-abliterated,x10_z_curve,0,-1.0740438156570054
mlabonne--Qwen3-4B-abliterated,x10_z_curve,1,-0.8977591464883011
mlabonne--Qwen3-4B-abliterated,x10_z_curve,2,-0.8477610264050913
mlabonne--Qwen3-4B-abliterated,x10_z_curve,3,-1.1214882601697513
mlabonne--Qwen3-4B-abliterated,x10_z_curve,4,-1.0312484009309006
mlabonne--Qwen3-4B-abliterated,x10_z_curve,5,-1.0060285020394055
mlabonne--Qwen3-4B-abliterated,x10_z_curve,6,-0.2679982060317386
mlabonne--Qwen3-4B-abliterated,x10_z_curve,7,0.17364111170710697
mlabonne--Qwen3-4B-abliterated,x10_z_curve,8,1.1877712138908139
mlabonne--Qwen3-4B-abliterated,x10_z_curve,9,3.8211620561142308
mlabonne--Qwen3-4B-abliterated,x10_z_curve,10,2.1920027499225836
mlabonne--Qwen3-4B-abliterated,x10_z_curve,11,1.146186102761829
mlabonne--Qwen3-4B-abliterated,x10_z_curve,12,-0.023601340117241378
mlabonne--Qwen3-4B-abliterated,x10_z_curve,13,0.7795448324482791
mlabonne--Qwen3-4B-abliterated,x10_z_curve,14,0.6302111796381122
mlabonne--Qwen3-4B-abliterated,x10_z_curve,15,-0.0006185074615370373
mlabonne--Qwen3-4B-abliterated,x10_z_curve,16,-0.0013504224210137946
mlabonne--Qwen3-4B-abliterated,x10_z_curve,17,0.05671541787179894
mlabonne--Qwen3-4B-abliterated,x10_z_curve,18,0.0006185074615370373
mlabonne--Qwen3-4B-abliterated,x10_z_curve,19,-0.6679934239950083
mlabonne--Qwen3-4B-abliterated,x10_z_curve,20,-0.14355485117809738
mlabonne--Qwen3-4B-abliterated,x10_z_curve,21,-0.0423545407912272
mlabonne--Qwen3-4B-abliterated,x10_z_curve,22,-0.9751170465213718
mlabonne--Qwen3-4B-abliterated,x10_z_curve,23,-0.6809880949581819
mlabonne--Qwen3-4B-abliterated,x10_z_curve,24,-0.11681635498949737
mlabonne--Qwen3-4B-abliterated,x10_z_curve,25,0.6130298952540669
mlabonne--Qwen3-4B-abliterated,x10_z_curve,26,2.136232372528695
mlabonne--Qwen3-4B-abliterated,x10_z_curve,27,3.830262448281903
mlabonne--Qwen3-4B-abliterated,x10_z_curve,28,1.2888295760882096
mlabonne--Qwen3-4B-abliterated,x10_z_curve,29,0.45842072872693884
mlabonne--Qwen3-4B-abliterated,x10_z_curve,30,0.18467751392182727
mlabonne--Qwen3-4B-abliterated,x10_z_curve,31,0.892724935513285
mlabonne--Qwen3-4B-abliterated,x10_z_curve,32,0.5428714409025303
mlabonne--Qwen3-4B-abliterated,x10_z_curve,33,0.2782430260222746
mlabonne--Qwen3-4B-abliterated,x10_z_curve,34,-0.5962090481244087
mlabonne--Qwen3-4B-abliterated,x10_z_curve,35,-1.4980796633936935
mlabonne--Qwen3-4B-abliterated,x10_sigma_min_curve,0,1.0710806846618652
mlabonne--Qwen3-4B-abliterated,x10_sigma_min_curve,1,0.7772544622421265
mlabonne--Qwen3-4B-abliterated,x10_sigma_min_curve,2,0.7652438282966614
mlabonne--Qwen3-4B-abliterated,x10_sigma_min_curve,3,0.9749444127082825
mlabonne--Qwen3-4B-abliterated,x10_sigma_min_curve,4,0.9830965995788574
mlabonne--Qwen3-4B-abliterated,x10_sigma_min_curve,5,0.9784907698631287
mlabonne--Qwen3-4B-abliterated,x10_sigma_min_curve,6,0.6706716418266296
mlabonne--Qwen3-4B-abliterated,x10_sigma_min_curve,7,0.5246286392211914
mlabonne--Qwen3-4B-abliterated,x10_sigma_min_curve,8,0.30612996220588684
mlabonne--Qwen3-4B-abliterated,x10_sigma_min_curve,9,0.06758061051368713
mlabonne--Qwen3-4B-abliterated,x10_sigma_min_curve,10,0.17182524502277374
mlabonne--Qwen3-4B-abliterated,x10_sigma_min_curve,11,0.3118075132369995
mlabonne--Qwen3-4B-abliterated,x10_sigma_min_curve,12,0.6023415327072144
mlabonne--Qwen3-4B-abliterated,x10_sigma_min_curve,13,0.38365623354911804
mlabonne--Qwen3-4B-abliterated,x10_sigma_min_curve,14,0.4121672809123993
mlabonne--Qwen3-4B-abliterated,x10_sigma_min_curve,15,0.5781136751174927
mlabonne--Qwen3-4B-abliterated,x10_sigma_min_curve,16,0.5764879584312439
mlabonne--Qwen3-4B-abliterated,x10_sigma_min_curve,17,0.5567184090614319
mlabonne--Qwen3-4B-abliterated,x10_sigma_min_curve,18,0.5739591717720032
mlabonne--Qwen3-4B-abliterated,x10_sigma_min_curve,19,0.8356091380119324
mlabonne--Qwen3-4B-abliterated,x10_sigma_min_curve,20,0.6228628158569336
mlabonne--Qwen3-4B-abliterated,x10_sigma_min_curve,21,0.5892110466957092
mlabonne--Qwen3-4B-abliterated,x10_sigma_min_curve,22,1.0011861324310303
mlabonne--Qwen3-4B-abliterated,x10_sigma_min_curve,23,0.8612315654754639
mlabonne--Qwen3-4B-abliterated,x10_sigma_min_curve,24,0.6351628303527832
mlabonne--Qwen3-4B-abliterated,x10_sigma_min_curve,25,0.4221951365470886
mlabonne--Qwen3-4B-abliterated,x10_sigma_min_curve,26,0.18306441605091095
mlabonne--Qwen3-4B-abliterated,x10_sigma_min_curve,27,0.07122740894556046
mlabonne--Qwen3-4B-abliterated,x10_sigma_min_curve,28,0.2966487407684326
mlabonne--Qwen3-4B-abliterated,x10_sigma_min_curve,29,0.48233985900878906
mlabonne--Qwen3-4B-abliterated,x10_sigma_min_curve,30,0.5659449696540833
mlabonne--Qwen3-4B-abliterated,x10_sigma_min_curve,31,0.3895682096481323
mlabonne--Qwen3-4B-abliterated,x10_sigma_min_curve,32,0.4737599492073059
mlabonne--Qwen3-4B-abliterated,x10_sigma_min_curve,33,0.5511431097984314
mlabonne--Qwen3-4B-abliterated,x10_sigma_min_curve,34,0.8572856187820435
mlabonne--Qwen3-4B-abliterated,x10_sigma_min_curve,35,1.362836241722107
mlabonne--Qwen3-4B-abliterated,x10_sigma_mp_curve,0,1.5285492975158723
mlabonne--Qwen3-4B-abliterated,x10_sigma_mp_curve,1,1.2239894579236774
mlabonne--Qwen3-4B-abliterated,x10_sigma_mp_curve,2,1.2391992647805714
mlabonne--Qwen3-4B-abliterated,x10_sigma_mp_curve,3,1.3549698866574427
mlabonne--Qwen3-4B-abliterated,x10_sigma_mp_curve,4,1.4369224327973167
mlabonne--Qwen3-4B-abliterated,x10_sigma_mp_curve,5,1.4504770344876916
mlabonne--Qwen3-4B-abliterated,x10_sigma_mp_curve,6,1.5013106694531169
mlabonne--Qwen3-4B-abliterated,x10_sigma_mp_curve,7,1.5029017731592191
mlabonne--Qwen3-4B-abliterated,x10_sigma_mp_curve,8,1.5451047414443047
mlabonne--Qwen3-4B-abliterated,x10_sigma_mp_curve,9,1.4845449602634342
mlabonne--Qwen3-4B-abliterated,x10_sigma_mp_curve,10,1.519538416278832
mlabonne--Qwen3-4B-abliterated,x10_sigma_mp_curve,11,1.5376317886568003
mlabonne--Qwen3-4B-abliterated,x10_sigma_mp_curve,12,1.545542629838507
mlabonne--Qwen3-4B-abliterated,x10_sigma_mp_curve,13,1.5416314281602863
mlabonne--Qwen3-4B-abliterated,x10_sigma_mp_curve,14,1.5236720026171882
mlabonne--Qwen3-4B-abliterated,x10_sigma_mp_curve,15,1.502539237224077
mlabonne--Qwen3-4B-abliterated,x10_sigma_mp_curve,16,1.4977016090306068
mlabonne--Qwen3-4B-abliterated,x10_sigma_mp_curve,17,1.4940127099660063
mlabonne--Qwen3-4B-abliterated,x10_sigma_mp_curve,18,1.4927724556295574
mlabonne--Qwen3-4B-abliterated,x10_sigma_mp_curve,19,1.4960511956971432
mlabonne--Qwen3-4B-abliterated,x10_sigma_mp_curve,20,1.4946389836683758
mlabonne--Qwen3-4B-abliterated,x10_sigma_mp_curve,21,1.4960997149166197
mlabonne--Qwen3-4B-abliterated,x10_sigma_mp_curve,22,1.5099633555622003
mlabonne--Qwen3-4B-abliterated,x10_sigma_mp_curve,23,1.5307751547705473
mlabonne--Qwen3-4B-abliterated,x10_sigma_mp_curve,24,1.5470854396999356
mlabonne--Qwen3-4B-abliterated,x10_sigma_mp_curve,25,1.5458378748386692
mlabonne--Qwen3-4B-abliterated,x10_sigma_mp_curve,26,1.5692847314792469
mlabonne--Qwen3-4B-abliterated,x10_sigma_mp_curve,27,1.572626742838718
mlabonne--Qwen3-4B-abliterated,x10_sigma_mp_curve,28,1.5841851082885379
mlabonne--Qwen3-4B-abliterated,x10_sigma_mp_curve,29,1.6199588817603288
mlabonne--Qwen3-4B-abliterated,x10_sigma_mp_curve,30,1.6312842549566897
mlabonne--Qwen3-4B-abliterated,x10_sigma_mp_curve,31,1.6675283228019817
mlabonne--Qwen3-4B-abliterated,x10_sigma_mp_curve,32,1.6679859530456222
mlabonne--Qwen3-4B-abliterated,x10_sigma_mp_curve,33,1.673839413091376
mlabonne--Qwen3-4B-abliterated,x10_sigma_mp_curve,34,1.5976433892872508
mlabonne--Qwen3-4B-abliterated,x10_sigma_mp_curve,35,1.5348029254130942
mlx-community--SmolLM3-3B-abliterated-bf16,x1_g_curve,0,0.0
mlx-community--SmolLM3-3B-abliterated-bf16,x1_g_curve,1,0.028548645192660944
mlx-community--SmolLM3-3B-abliterated-bf16,x1_g_curve,2,0.045117218529357316
mlx-community--SmolLM3-3B-abliterated-bf16,x1_g_curve,3,0.06599276193727517
mlx-community--SmolLM3-3B-abliterated-bf16,x1_g_curve,4,0.12033717203517326
mlx-community--SmolLM3-3B-abliterated-bf16,x1_g_curve,5,0.1375582658622049
mlx-community--SmolLM3-3B-abliterated-bf16,x1_g_curve,6,0.14583502880284493
mlx-community--SmolLM3-3B-abliterated-bf16,x1_g_curve,7,0.2003452173115457
mlx-community--SmolLM3-3B-abliterated-bf16,x1_g_curve,8,0.20254792969001778
mlx-community--SmolLM3-3B-abliterated-bf16,x1_g_curve,9,0.19130128318193113
mlx-community--SmolLM3-3B-abliterated-bf16,x1_g_curve,10,0.2627688286359232
mlx-community--SmolLM3-3B-abliterated-bf16,x1_g_curve,11,0.31142142279909224
mlx-community--SmolLM3-3B-abliterated-bf16,x1_g_curve,12,0.3417383225580867
mlx-community--SmolLM3-3B-abliterated-bf16,x1_g_curve,13,0.3259968385591305
mlx-community--SmolLM3-3B-abliterated-bf16,x1_g_curve,14,0.33660462658503226
mlx-community--SmolLM3-3B-abliterated-bf16,x1_g_curve,15,0.32769750401277936
mlx-community--SmolLM3-3B-abliterated-bf16,x1_g_curve,16,0.34528390494131733
mlx-community--SmolLM3-3B-abliterated-bf16,x1_g_curve,17,0.3310009192951139
mlx-community--SmolLM3-3B-abliterated-bf16,x1_g_curve,18,0.34258939767128743
mlx-community--SmolLM3-3B-abliterated-bf16,x1_g_curve,19,0.36915297066971703
mlx-community--SmolLM3-3B-abliterated-bf16,x1_g_curve,20,0.3844953092465323
mlx-community--SmolLM3-3B-abliterated-bf16,x1_g_curve,21,0.3931415053504021
mlx-community--SmolLM3-3B-abliterated-bf16,x1_g_curve,22,0.4091865145548981
mlx-community--SmolLM3-3B-abliterated-bf16,x1_g_curve,23,0.3888365635483148
mlx-community--SmolLM3-3B-abliterated-bf16,x1_g_curve,24,0.40298376502228683
mlx-community--SmolLM3-3B-abliterated-bf16,x1_g_curve,25,0.3989564792940138
mlx-community--SmolLM3-3B-abliterated-bf16,x1_g_curve,26,0.4022184213508811
mlx-community--SmolLM3-3B-abliterated-bf16,x1_g_curve,27,0.38823760956300474
mlx-community--SmolLM3-3B-abliterated-bf16,x1_g_curve,28,0.3949125646513637
mlx-community--SmolLM3-3B-abliterated-bf16,x1_g_curve,29,0.39199018708741384
mlx-community--SmolLM3-3B-abliterated-bf16,x1_g_curve,30,0.4022361985647492
mlx-community--SmolLM3-3B-abliterated-bf16,x1_g_curve,31,0.3981961973119037
mlx-community--SmolLM3-3B-abliterated-bf16,x1_g_curve,32,0.402165171328361
mlx-community--SmolLM3-3B-abliterated-bf16,x1_g_curve,33,0.4083049746431584
mlx-community--SmolLM3-3B-abliterated-bf16,x1_g_curve,34,0.41491280378733897
mlx-community--SmolLM3-3B-abliterated-bf16,x1_g_curve,35,0.40312185753993407
mlx-community--SmolLM3-3B-abliterated-bf16,x1_g_curve,36,0.33680699046900753
mlx-community--SmolLM3-3B-abliterated-bf16,auroc_by_layer,0,0.5
mlx-community--SmolLM3-3B-abliterated-bf16,auroc_by_layer,1,0.7556423611111112
mlx-community--SmolLM3-3B-abliterated-bf16,auroc_by_layer,2,0.8454861111111112
mlx-community--SmolLM3-3B-abliterated-bf16,auroc_by_layer,3,0.9939236111111112
mlx-community--SmolLM3-3B-abliterated-bf16,auroc_by_layer,4,0.9895833333333334
mlx-community--SmolLM3-3B-abliterated-bf16,auroc_by_layer,5,0.9930555555555556
mlx-community--SmolLM3-3B-abliterated-bf16,auroc_by_layer,6,0.9956597222222222
mlx-community--SmolLM3-3B-abliterated-bf16,auroc_by_layer,7,0.9917534722222222
mlx-community--SmolLM3-3B-abliterated-bf16,auroc_by_layer,8,0.98046875
mlx-community--SmolLM3-3B-abliterated-bf16,auroc_by_layer,9,0.9774305555555556
mlx-community--SmolLM3-3B-abliterated-bf16,auroc_by_layer,10,0.9800347222222222
mlx-community--SmolLM3-3B-abliterated-bf16,auroc_by_layer,11,0.9817708333333334
mlx-community--SmolLM3-3B-abliterated-bf16,auroc_by_layer,12,0.98046875
mlx-community--SmolLM3-3B-abliterated-bf16,auroc_by_layer,13,0.9800347222222222
mlx-community--SmolLM3-3B-abliterated-bf16,auroc_by_layer,14,0.9800347222222222
mlx-community--SmolLM3-3B-abliterated-bf16,auroc_by_layer,15,0.9835069444444444
mlx-community--SmolLM3-3B-abliterated-bf16,auroc_by_layer,16,0.9800347222222222
mlx-community--SmolLM3-3B-abliterated-bf16,auroc_by_layer,17,0.9839409722222222
mlx-community--SmolLM3-3B-abliterated-bf16,auroc_by_layer,18,0.9956597222222222
mlx-community--SmolLM3-3B-abliterated-bf16,auroc_by_layer,19,0.9947916666666666
mlx-community--SmolLM3-3B-abliterated-bf16,auroc_by_layer,20,0.9869791666666666
mlx-community--SmolLM3-3B-abliterated-bf16,auroc_by_layer,21,0.9930555555555556
mlx-community--SmolLM3-3B-abliterated-bf16,auroc_by_layer,22,0.9947916666666666
mlx-community--SmolLM3-3B-abliterated-bf16,auroc_by_layer,23,0.9926215277777778
mlx-community--SmolLM3-3B-abliterated-bf16,auroc_by_layer,24,0.9939236111111112
mlx-community--SmolLM3-3B-abliterated-bf16,auroc_by_layer,25,0.9947916666666666
mlx-community--SmolLM3-3B-abliterated-bf16,auroc_by_layer,26,0.99609375
mlx-community--SmolLM3-3B-abliterated-bf16,auroc_by_layer,27,0.9965277777777778
mlx-community--SmolLM3-3B-abliterated-bf16,auroc_by_layer,28,0.99609375
mlx-community--SmolLM3-3B-abliterated-bf16,auroc_by_layer,29,0.9952256944444444
mlx-community--SmolLM3-3B-abliterated-bf16,auroc_by_layer,30,0.9956597222222222
mlx-community--SmolLM3-3B-abliterated-bf16,auroc_by_layer,31,0.9982638888888888
mlx-community--SmolLM3-3B-abliterated-bf16,auroc_by_layer,32,0.9973958333333334
mlx-community--SmolLM3-3B-abliterated-bf16,auroc_by_layer,33,0.9973958333333334
mlx-community--SmolLM3-3B-abliterated-bf16,auroc_by_layer,34,0.9965277777777778
mlx-community--SmolLM3-3B-abliterated-bf16,auroc_by_layer,35,0.9973958333333334
mlx-community--SmolLM3-3B-abliterated-bf16,auroc_by_layer,36,0.9991319444444444
mlx-community--SmolLM3-3B-abliterated-bf16,cohen_by_layer,0,
mlx-community--SmolLM3-3B-abliterated-bf16,cohen_by_layer,1,3.01338406361535
mlx-community--SmolLM3-3B-abliterated-bf16,cohen_by_layer,2,3.8775602394073743
mlx-community--SmolLM3-3B-abliterated-bf16,cohen_by_layer,3,4.77268779371829
mlx-community--SmolLM3-3B-abliterated-bf16,cohen_by_layer,4,4.316558611183944
mlx-community--SmolLM3-3B-abliterated-bf16,cohen_by_layer,5,4.569850535426141
mlx-community--SmolLM3-3B-abliterated-bf16,cohen_by_layer,6,4.4967231409806825
mlx-community--SmolLM3-3B-abliterated-bf16,cohen_by_layer,7,4.165402700461499
mlx-community--SmolLM3-3B-abliterated-bf16,cohen_by_layer,8,3.7707906902000032
mlx-community--SmolLM3-3B-abliterated-bf16,cohen_by_layer,9,3.7453095381177492
mlx-community--SmolLM3-3B-abliterated-bf16,cohen_by_layer,10,4.7280661566969435
mlx-community--SmolLM3-3B-abliterated-bf16,cohen_by_layer,11,4.651877812820873
mlx-community--SmolLM3-3B-abliterated-bf16,cohen_by_layer,12,4.395040597167638
mlx-community--SmolLM3-3B-abliterated-bf16,cohen_by_layer,13,4.286928190513208
mlx-community--SmolLM3-3B-abliterated-bf16,cohen_by_layer,14,4.1634134042554765
mlx-community--SmolLM3-3B-abliterated-bf16,cohen_by_layer,15,4.516487415180382
mlx-community--SmolLM3-3B-abliterated-bf16,cohen_by_layer,16,4.187899747925224
mlx-community--SmolLM3-3B-abliterated-bf16,cohen_by_layer,17,4.007660586097378
mlx-community--SmolLM3-3B-abliterated-bf16,cohen_by_layer,18,4.637157138645616
mlx-community--SmolLM3-3B-abliterated-bf16,cohen_by_layer,19,4.504572429662122
mlx-community--SmolLM3-3B-abliterated-bf16,cohen_by_layer,20,4.165774147891994
mlx-community--SmolLM3-3B-abliterated-bf16,cohen_by_layer,21,4.408551297808825
mlx-community--SmolLM3-3B-abliterated-bf16,cohen_by_layer,22,4.650581785641795
mlx-community--SmolLM3-3B-abliterated-bf16,cohen_by_layer,23,4.557855490534888
mlx-community--SmolLM3-3B-abliterated-bf16,cohen_by_layer,24,4.350775893572337
mlx-community--SmolLM3-3B-abliterated-bf16,cohen_by_layer,25,4.3609812099312535
mlx-community--SmolLM3-3B-abliterated-bf16,cohen_by_layer,26,4.266839685529329
mlx-community--SmolLM3-3B-abliterated-bf16,cohen_by_layer,27,4.283089323051604
mlx-community--SmolLM3-3B-abliterated-bf16,cohen_by_layer,28,4.23241681672872
mlx-community--SmolLM3-3B-abliterated-bf16,cohen_by_layer,29,4.200570231471972
mlx-community--SmolLM3-3B-abliterated-bf16,cohen_by_layer,30,4.198183105150148
mlx-community--SmolLM3-3B-abliterated-bf16,cohen_by_layer,31,4.524792084709194
mlx-community--SmolLM3-3B-abliterated-bf16,cohen_by_layer,32,4.552143282820612
mlx-community--SmolLM3-3B-abliterated-bf16,cohen_by_layer,33,4.511441695376366
mlx-community--SmolLM3-3B-abliterated-bf16,cohen_by_layer,34,4.612254268587501
mlx-community--SmolLM3-3B-abliterated-bf16,cohen_by_layer,35,4.659987056490104
mlx-community--SmolLM3-3B-abliterated-bf16,cohen_by_layer,36,5.129775137883281
mlx-community--SmolLM3-3B-abliterated-bf16,x2_wm_curve,0,0.9163673520674896
mlx-community--SmolLM3-3B-abliterated-bf16,x2_wm_curve,1,0.9843345443371737
mlx-community--SmolLM3-3B-abliterated-bf16,x2_wm_curve,2,0.9994680166258593
mlx-community--SmolLM3-3B-abliterated-bf16,x2_wm_curve,3,0.9654276996984164
mlx-community--SmolLM3-3B-abliterated-bf16,x2_wm_curve,4,1.0114516397354958
mlx-community--SmolLM3-3B-abliterated-bf16,x2_wm_curve,5,0.9814693467920107
mlx-community--SmolLM3-3B-abliterated-bf16,x2_wm_curve,6,1.0030855683347202
mlx-community--SmolLM3-3B-abliterated-bf16,x2_wm_curve,7,1.0113817536303986
mlx-community--SmolLM3-3B-abliterated-bf16,x2_wm_curve,8,1.016541571649301
mlx-community--SmolLM3-3B-abliterated-bf16,x2_wm_curve,9,0.9920482815662975
mlx-community--SmolLM3-3B-abliterated-bf16,x2_wm_curve,10,1.0170211035676575
mlx-community--SmolLM3-3B-abliterated-bf16,x2_wm_curve,11,1.0141757718602888
mlx-community--SmolLM3-3B-abliterated-bf16,x2_wm_curve,12,1.0056642364919446
mlx-community--SmolLM3-3B-abliterated-bf16,x2_wm_curve,13,1.0111119761105807
mlx-community--SmolLM3-3B-abliterated-bf16,x2_wm_curve,14,1.0223446936175342
mlx-community--SmolLM3-3B-abliterated-bf16,x2_wm_curve,15,1.0181147404636857
mlx-community--SmolLM3-3B-abliterated-bf16,x2_wm_curve,16,0.9882131801141625
mlx-community--SmolLM3-3B-abliterated-bf16,x2_wm_curve,17,1.028135923114523
mlx-community--SmolLM3-3B-abliterated-bf16,x2_wm_curve,18,1.0344547814119862
mlx-community--SmolLM3-3B-abliterated-bf16,x2_wm_curve,19,1.0295912389512332
mlx-community--SmolLM3-3B-abliterated-bf16,x2_wm_curve,20,1.0559694258178294
mlx-community--SmolLM3-3B-abliterated-bf16,x2_wm_curve,21,1.0374418798341418
mlx-community--SmolLM3-3B-abliterated-bf16,x2_wm_curve,22,1.0410441701639161
mlx-community--SmolLM3-3B-abliterated-bf16,x2_wm_curve,23,1.0187748880688696
mlx-community--SmolLM3-3B-abliterated-bf16,x2_wm_curve,24,1.0146970615392996
mlx-community--SmolLM3-3B-abliterated-bf16,x2_wm_curve,25,1.0323273467358691
mlx-community--SmolLM3-3B-abliterated-bf16,x2_wm_curve,26,0.9642616733068101
mlx-community--SmolLM3-3B-abliterated-bf16,x2_wm_curve,27,0.9651809729382862
mlx-community--SmolLM3-3B-abliterated-bf16,x2_wm_curve,28,0.9753410268021773
mlx-community--SmolLM3-3B-abliterated-bf16,x2_wm_curve,29,0.9785523291941635
mlx-community--SmolLM3-3B-abliterated-bf16,x2_wm_curve,30,0.9847290858015884
mlx-community--SmolLM3-3B-abliterated-bf16,x2_wm_curve,31,0.9492971035949042
mlx-community--SmolLM3-3B-abliterated-bf16,x2_wm_curve,32,0.9437545536637387
mlx-community--SmolLM3-3B-abliterated-bf16,x2_wm_curve,33,0.9737888962083877
mlx-community--SmolLM3-3B-abliterated-bf16,x2_wm_curve,34,1.0582766019831784
mlx-community--SmolLM3-3B-abliterated-bf16,x2_wm_curve,35,1.3165613470140551
mlx-community--SmolLM3-3B-abliterated-bf16,x8_drive_gap_curve,0,0.0
mlx-community--SmolLM3-3B-abliterated-bf16,x8_drive_gap_curve,1,-0.12062112490336041
mlx-community--SmolLM3-3B-abliterated-bf16,x8_drive_gap_curve,2,-0.18269503116607663
mlx-community--SmolLM3-3B-abliterated-bf16,x8_drive_gap_curve,3,-0.10990309715270996
mlx-community--SmolLM3-3B-abliterated-bf16,x8_drive_gap_curve,4,-0.5023232897122702
mlx-community--SmolLM3-3B-abliterated-bf16,x8_drive_gap_curve,5,0.5713327427705128
mlx-community--SmolLM3-3B-abliterated-bf16,x8_drive_gap_curve,6,0.7559727430343628
mlx-community--SmolLM3-3B-abliterated-bf16,x8_drive_gap_curve,7,-0.3666940530141196
mlx-community--SmolLM3-3B-abliterated-bf16,x8_drive_gap_curve,8,-0.3803270757198334
mlx-community--SmolLM3-3B-abliterated-bf16,x8_drive_gap_curve,9,-0.13779307405153912
mlx-community--SmolLM3-3B-abliterated-bf16,x8_drive_gap_curve,10,-1.7006826400756836
mlx-community--SmolLM3-3B-abliterated-bf16,x8_drive_gap_curve,11,0.5963450074195862
mlx-community--SmolLM3-3B-abliterated-bf16,x8_drive_gap_curve,12,1.201989819606145
mlx-community--SmolLM3-3B-abliterated-bf16,x8_drive_gap_curve,13,0.08759556214014697
mlx-community--SmolLM3-3B-abliterated-bf16,x8_drive_gap_curve,14,-0.5239966511726379
mlx-community--SmolLM3-3B-abliterated-bf16,x8_drive_gap_curve,15,0.00726085901260376
mlx-community--SmolLM3-3B-abliterated-bf16,x8_drive_gap_curve,16,-0.32976090908050537
mlx-community--SmolLM3-3B-abliterated-bf16,x8_drive_gap_curve,17,-0.08962974945704127
mlx-community--SmolLM3-3B-abliterated-bf16,x8_drive_gap_curve,18,1.3914615909258525
mlx-community--SmolLM3-3B-abliterated-bf16,x8_drive_gap_curve,19,1.9512586990992227
mlx-community--SmolLM3-3B-abliterated-bf16,x8_drive_gap_curve,20,1.5173786878585818
mlx-community--SmolLM3-3B-abliterated-bf16,x8_drive_gap_curve,21,1.3794031540552774
mlx-community--SmolLM3-3B-abliterated-bf16,x8_drive_gap_curve,22,1.6255113780498505
mlx-community--SmolLM3-3B-abliterated-bf16,x8_drive_gap_curve,23,3.0478960275650024
mlx-community--SmolLM3-3B-abliterated-bf16,x8_drive_gap_curve,24,-0.15638204415639256
mlx-community--SmolLM3-3B-abliterated-bf16,x8_drive_gap_curve,25,-0.047006984551747566
mlx-community--SmolLM3-3B-abliterated-bf16,x8_drive_gap_curve,26,0.5616543690363566
mlx-community--SmolLM3-3B-abliterated-bf16,x8_drive_gap_curve,27,2.565814654032389
mlx-community--SmolLM3-3B-abliterated-bf16,x8_drive_gap_curve,28,1.8769448399543762
mlx-community--SmolLM3-3B-abliterated-bf16,x8_drive_gap_curve,29,0.23181555668512988
mlx-community--SmolLM3-3B-abliterated-bf16,x8_drive_gap_curve,30,-0.7672345836957296
mlx-community--SmolLM3-3B-abliterated-bf16,x8_drive_gap_curve,31,0.20766552289326984
mlx-community--SmolLM3-3B-abliterated-bf16,x8_drive_gap_curve,32,0.9008191823959351
mlx-community--SmolLM3-3B-abliterated-bf16,x8_drive_gap_curve,33,0.18021555741628012
mlx-community--SmolLM3-3B-abliterated-bf16,x8_drive_gap_curve,34,0.3998642365137737
mlx-community--SmolLM3-3B-abliterated-bf16,x8_drive_gap_curve,35,0.09401003519694007
mlx-community--SmolLM3-3B-abliterated-bf16,x8_drive_gap_curve,36,0.6220604578653972
mlx-community--SmolLM3-3B-abliterated-bf16,x10_scar_curve,0,0.24133883163350214
mlx-community--SmolLM3-3B-abliterated-bf16,x10_scar_curve,1,0.30456742032329465
mlx-community--SmolLM3-3B-abliterated-bf16,x10_scar_curve,2,2.051259565953826
mlx-community--SmolLM3-3B-abliterated-bf16,x10_scar_curve,3,2.0483034223054197
mlx-community--SmolLM3-3B-abliterated-bf16,x10_scar_curve,4,2.0613480966034086
mlx-community--SmolLM3-3B-abliterated-bf16,x10_scar_curve,5,2.069873778536324
mlx-community--SmolLM3-3B-abliterated-bf16,x10_scar_curve,6,2.0535271433611415
mlx-community--SmolLM3-3B-abliterated-bf16,x10_scar_curve,7,2.0503019283571593
mlx-community--SmolLM3-3B-abliterated-bf16,x10_scar_curve,8,2.060407206524594
mlx-community--SmolLM3-3B-abliterated-bf16,x10_scar_curve,9,2.079244247235396
mlx-community--SmolLM3-3B-abliterated-bf16,x10_scar_curve,10,2.0675917684553013
mlx-community--SmolLM3-3B-abliterated-bf16,x10_scar_curve,11,2.076098817755624
mlx-community--SmolLM3-3B-abliterated-bf16,x10_scar_curve,12,2.0709348632802134
mlx-community--SmolLM3-3B-abliterated-bf16,x10_scar_curve,13,2.072399023945801
mlx-community--SmolLM3-3B-abliterated-bf16,x10_scar_curve,14,2.088842570246918
mlx-community--SmolLM3-3B-abliterated-bf16,x10_scar_curve,15,2.077737228181745
mlx-community--SmolLM3-3B-abliterated-bf16,x10_scar_curve,16,2.0749058704473424
mlx-community--SmolLM3-3B-abliterated-bf16,x10_scar_curve,17,2.0758506124022955
mlx-community--SmolLM3-3B-abliterated-bf16,x10_scar_curve,18,2.0734365178069467
mlx-community--SmolLM3-3B-abliterated-bf16,x10_scar_curve,19,2.061750144861071
mlx-community--SmolLM3-3B-abliterated-bf16,x10_scar_curve,20,2.064406993681548
mlx-community--SmolLM3-3B-abliterated-bf16,x10_scar_curve,21,2.0719179552924114
mlx-community--SmolLM3-3B-abliterated-bf16,x10_scar_curve,22,2.05828710302836
mlx-community--SmolLM3-3B-abliterated-bf16,x10_scar_curve,23,2.0597407153753005
mlx-community--SmolLM3-3B-abliterated-bf16,x10_scar_curve,24,2.0504909677863656
mlx-community--SmolLM3-3B-abliterated-bf16,x10_scar_curve,25,2.0576709749357893
mlx-community--SmolLM3-3B-abliterated-bf16,x10_scar_curve,26,2.0553470672807674
mlx-community--SmolLM3-3B-abliterated-bf16,x10_scar_curve,27,2.052566430834015
mlx-community--SmolLM3-3B-abliterated-bf16,x10_scar_curve,28,2.061423649786341
mlx-community--SmolLM3-3B-abliterated-bf16,x10_scar_curve,29,2.064046277025921
mlx-community--SmolLM3-3B-abliterated-bf16,x10_scar_curve,30,2.063917883692575
mlx-community--SmolLM3-3B-abliterated-bf16,x10_scar_curve,31,2.0560638964909708
mlx-community--SmolLM3-3B-abliterated-bf16,x10_scar_curve,32,2.0590513942059383
mlx-community--SmolLM3-3B-abliterated-bf16,x10_scar_curve,33,2.0613240917684457
mlx-community--SmolLM3-3B-abliterated-bf16,x10_scar_curve,34,0.16336272126062695
mlx-community--SmolLM3-3B-abliterated-bf16,x10_scar_curve,35,0.21515089619685104
mlx-community--SmolLM3-3B-abliterated-bf16,x10_z_curve,0,-133.66097945046596
mlx-community--SmolLM3-3B-abliterated-bf16,x10_z_curve,1,-129.01745867851926
mlx-community--SmolLM3-3B-abliterated-bf16,x10_z_curve,2,-0.740022339964451
mlx-community--SmolLM3-3B-abliterated-bf16,x10_z_curve,3,-0.9571221475147772
mlx-community--SmolLM3-3B-abliterated-bf16,x10_z_curve,4,0.000881460049046647
mlx-community--SmolLM3-3B-abliterated-bf16,x10_z_curve,5,0.6270093235813766
mlx-community--SmolLM3-3B-abliterated-bf16,x10_z_curve,6,-0.5734909811114801
mlx-community--SmolLM3-3B-abliterated-bf16,x10_z_curve,7,-0.8103514452673611
mlx-community--SmolLM3-3B-abliterated-bf16,x10_z_curve,8,-0.06821770404157085
mlx-community--SmolLM3-3B-abliterated-bf16,x10_z_curve,9,1.3151785038313242
mlx-community--SmolLM3-3B-abliterated-bf16,x10_z_curve,10,0.4594180261540495
mlx-community--SmolLM3-3B-abliterated-bf16,x10_z_curve,11,1.084177505253424
mlx-community--SmolLM3-3B-abliterated-bf16,x10_z_curve,12,0.7049356090029705
mlx-community--SmolLM3-3B-abliterated-bf16,x10_z_curve,13,0.8124638743811617
mlx-community--SmolLM3-3B-abliterated-bf16,x10_z_curve,14,2.0200813524228765
mlx-community--SmolLM3-3B-abliterated-bf16,x10_z_curve,15,1.2045027094738157
mlx-community--SmolLM3-3B-abliterated-bf16,x10_z_curve,16,0.996567205535661
mlx-community--SmolLM3-3B-abliterated-bf16,x10_z_curve,17,1.0659492522151628
mlx-community--SmolLM3-3B-abliterated-bf16,x10_z_curve,18,0.8886576404421462
mlx-community--SmolLM3-3B-abliterated-bf16,x10_z_curve,19,0.030407968143990168
mlx-community--SmolLM3-3B-abliterated-bf16,x10_z_curve,20,0.22552750096061883
mlx-community--SmolLM3-3B-abliterated-bf16,x10_z_curve,21,0.7771340919040041
mlx-community--SmolLM3-3B-abliterated-bf16,x10_z_curve,22,-0.22391854803381359
mlx-community--SmolLM3-3B-abliterated-bf16,x10_z_curve,23,-0.1171649533823218
mlx-community--SmolLM3-3B-abliterated-bf16,x10_z_curve,24,-0.7964683500658657
mlx-community--SmolLM3-3B-abliterated-bf16,x10_z_curve,25,-0.26916712395994247
mlx-community--SmolLM3-3B-abliterated-bf16,x10_z_curve,26,-0.43983538798086885
mlx-community--SmolLM3-3B-abliterated-bf16,x10_z_curve,27,-0.64404590995022
mlx-community--SmolLM3-3B-abliterated-bf16,x10_z_curve,28,0.0064301015987661535
mlx-community--SmolLM3-3B-abliterated-bf16,x10_z_curve,29,0.1990363943599517
mlx-community--SmolLM3-3B-abliterated-bf16,x10_z_curve,30,0.18960716111711043
mlx-community--SmolLM3-3B-abliterated-bf16,x10_z_curve,31,-0.38719130092322634
mlx-community--SmolLM3-3B-abliterated-bf16,x10_z_curve,32,-0.16778884416975773
mlx-community--SmolLM3-3B-abliterated-bf16,x10_z_curve,33,-0.000881460049079261
mlx-community--SmolLM3-3B-abliterated-bf16,x10_z_curve,34,-139.38756129793504
mlx-community--SmolLM3-3B-abliterated-bf16,x10_z_curve,35,-135.58422690378325
mlx-community--SmolLM3-3B-abliterated-bf16,x10_sigma_min_curve,0,0.6422626972198486
mlx-community--SmolLM3-3B-abliterated-bf16,x10_sigma_min_curve,1,0.5576950311660767
mlx-community--SmolLM3-3B-abliterated-bf16,x10_sigma_min_curve,2,0.010078086517751217
mlx-community--SmolLM3-3B-abliterated-bf16,x10_sigma_min_curve,3,0.009867779910564423
mlx-community--SmolLM3-3B-abliterated-bf16,x10_sigma_min_curve,4,0.009482592344284058
mlx-community--SmolLM3-3B-abliterated-bf16,x10_sigma_min_curve,5,0.00961667113006115
mlx-community--SmolLM3-3B-abliterated-bf16,x10_sigma_min_curve,6,0.009921945631504059
mlx-community--SmolLM3-3B-abliterated-bf16,x10_sigma_min_curve,7,0.009892518632113934
mlx-community--SmolLM3-3B-abliterated-bf16,x10_sigma_min_curve,8,0.009543458931148052
mlx-community--SmolLM3-3B-abliterated-bf16,x10_sigma_min_curve,9,0.009110553190112114
mlx-community--SmolLM3-3B-abliterated-bf16,x10_sigma_min_curve,10,0.009444723837077618
mlx-community--SmolLM3-3B-abliterated-bf16,x10_sigma_min_curve,11,0.00926983542740345
mlx-community--SmolLM3-3B-abliterated-bf16,x10_sigma_min_curve,12,0.009345714002847672
mlx-community--SmolLM3-3B-abliterated-bf16,x10_sigma_min_curve,13,0.009350578300654888
mlx-community--SmolLM3-3B-abliterated-bf16,x10_sigma_min_curve,14,0.009029186330735683
mlx-community--SmolLM3-3B-abliterated-bf16,x10_sigma_min_curve,15,0.009183121845126152
mlx-community--SmolLM3-3B-abliterated-bf16,x10_sigma_min_curve,16,0.009354297071695328
mlx-community--SmolLM3-3B-abliterated-bf16,x10_sigma_min_curve,17,0.009334702044725418
mlx-community--SmolLM3-3B-abliterated-bf16,x10_sigma_min_curve,18,0.009420373477041721
mlx-community--SmolLM3-3B-abliterated-bf16,x10_sigma_min_curve,19,0.009594283998012543
mlx-community--SmolLM3-3B-abliterated-bf16,x10_sigma_min_curve,20,0.009618989191949368
mlx-community--SmolLM3-3B-abliterated-bf16,x10_sigma_min_curve,21,0.009345632046461105
mlx-community--SmolLM3-3B-abliterated-bf16,x10_sigma_min_curve,22,0.009596740826964378
mlx-community--SmolLM3-3B-abliterated-bf16,x10_sigma_min_curve,23,0.009634454734623432
mlx-community--SmolLM3-3B-abliterated-bf16,x10_sigma_min_curve,24,0.009676691144704819
mlx-community--SmolLM3-3B-abliterated-bf16,x10_sigma_min_curve,25,0.009633081033825874
mlx-community--SmolLM3-3B-abliterated-bf16,x10_sigma_min_curve,26,0.00975066889077425
mlx-community--SmolLM3-3B-abliterated-bf16,x10_sigma_min_curve,27,0.009897000156342983
mlx-community--SmolLM3-3B-abliterated-bf16,x10_sigma_min_curve,28,0.00975211150944233
mlx-community--SmolLM3-3B-abliterated-bf16,x10_sigma_min_curve,29,0.009696976281702518
mlx-community--SmolLM3-3B-abliterated-bf16,x10_sigma_min_curve,30,0.00987607054412365
mlx-community--SmolLM3-3B-abliterated-bf16,x10_sigma_min_curve,31,0.010262032970786095
mlx-community--SmolLM3-3B-abliterated-bf16,x10_sigma_min_curve,32,0.010138860903680325
mlx-community--SmolLM3-3B-abliterated-bf16,x10_sigma_min_curve,33,0.010158603079617023
mlx-community--SmolLM3-3B-abliterated-bf16,x10_sigma_min_curve,34,0.7947605848312378
mlx-community--SmolLM3-3B-abliterated-bf16,x10_sigma_min_curve,35,0.6865561008453369
mlx-community--SmolLM3-3B-abliterated-bf16,x10_sigma_mp_curve,0,1.1195707162772175
mlx-community--SmolLM3-3B-abliterated-bf16,x10_sigma_mp_curve,1,1.1245122619456431
mlx-community--SmolLM3-3B-abliterated-bf16,x10_sigma_mp_curve,2,1.1340642193018133
mlx-community--SmolLM3-3B-abliterated-bf16,x10_sigma_mp_curve,3,1.1028663266473888
mlx-community--SmolLM3-3B-abliterated-bf16,x10_sigma_mp_curve,4,1.0921321130507538
mlx-community--SmolLM3-3B-abliterated-bf16,x10_sigma_mp_curve,5,1.1295320097448436
mlx-community--SmolLM3-3B-abliterated-bf16,x10_sigma_mp_curve,6,1.1223388239613532
mlx-community--SmolLM3-3B-abliterated-bf16,x10_sigma_mp_curve,7,1.1107307756278875
mlx-community--SmolLM3-3B-abliterated-bf16,x10_sigma_mp_curve,8,1.0967635672553484
mlx-community--SmolLM3-3B-abliterated-bf16,x10_sigma_mp_curve,9,1.0934249896565675
mlx-community--SmolLM3-3B-abliterated-bf16,x10_sigma_mp_curve,10,1.1035220925245521
mlx-community--SmolLM3-3B-abliterated-bf16,x10_sigma_mp_curve,11,1.1045130250697723
mlx-community--SmolLM3-3B-abliterated-bf16,x10_sigma_mp_curve,12,1.100391811390882
mlx-community--SmolLM3-3B-abliterated-bf16,x10_sigma_mp_curve,13,1.1046825537433893
mlx-community--SmolLM3-3B-abliterated-bf16,x10_sigma_mp_curve,14,1.1078760799948577
mlx-community--SmolLM3-3B-abliterated-bf16,x10_sigma_mp_curve,15,1.0983166691052682
mlx-community--SmolLM3-3B-abliterated-bf16,x10_sigma_mp_curve,16,1.111519352317367
mlx-community--SmolLM3-3B-abliterated-bf16,x10_sigma_mp_curve,17,1.1116064872456861
mlx-community--SmolLM3-3B-abliterated-bf16,x10_sigma_mp_curve,18,1.1155900672606944
mlx-community--SmolLM3-3B-abliterated-bf16,x10_sigma_mp_curve,19,1.1060193233405677
mlx-community--SmolLM3-3B-abliterated-bf16,x10_sigma_mp_curve,20,1.115671734633761
mlx-community--SmolLM3-3B-abliterated-bf16,x10_sigma_mp_curve,21,1.102875866376405
mlx-community--SmolLM3-3B-abliterated-bf16,x10_sigma_mp_curve,22,1.0975160227675356
mlx-community--SmolLM3-3B-abliterated-bf16,x10_sigma_mp_curve,23,1.1055231875223184
mlx-community--SmolLM3-3B-abliterated-bf16,x10_sigma_mp_curve,24,1.0869707248557103
mlx-community--SmolLM3-3B-abliterated-bf16,x10_sigma_mp_curve,25,1.1001101927765764
mlx-community--SmolLM3-3B-abliterated-bf16,x10_sigma_mp_curve,26,1.1075962492202844
mlx-community--SmolLM3-3B-abliterated-bf16,x10_sigma_mp_curve,27,1.1170432998482902
mlx-community--SmolLM3-3B-abliterated-bf16,x10_sigma_mp_curve,28,1.1233686720451042
mlx-community--SmolLM3-3B-abliterated-bf16,x10_sigma_mp_curve,29,1.1237833942125142
mlx-community--SmolLM3-3B-abliterated-bf16,x10_sigma_mp_curve,30,1.1442003258255498
mlx-community--SmolLM3-3B-abliterated-bf16,x10_sigma_mp_curve,31,1.1676086458048316
mlx-community--SmolLM3-3B-abliterated-bf16,x10_sigma_mp_curve,32,1.1615570876578332
mlx-community--SmolLM3-3B-abliterated-bf16,x10_sigma_mp_curve,33,1.1699251671778652
mlx-community--SmolLM3-3B-abliterated-bf16,x10_sigma_mp_curve,34,1.1577080201768903
mlx-community--SmolLM3-3B-abliterated-bf16,x10_sigma_mp_curve,35,1.126748339983789
stabilityai--stablelm-2-1_6b-chat,x1_g_curve,0,0.0
stabilityai--stablelm-2-1_6b-chat,x1_g_curve,1,0.07969658053412616
stabilityai--stablelm-2-1_6b-chat,x1_g_curve,2,0.11428081561322458
stabilityai--stablelm-2-1_6b-chat,x1_g_curve,3,0.1434057991314412
stabilityai--stablelm-2-1_6b-chat,x1_g_curve,4,0.2078259732484501
stabilityai--stablelm-2-1_6b-chat,x1_g_curve,5,0.2683854174087981
stabilityai--stablelm-2-1_6b-chat,x1_g_curve,6,0.26371448824147603
stabilityai--stablelm-2-1_6b-chat,x1_g_curve,7,0.2632471212969553
stabilityai--stablelm-2-1_6b-chat,x1_g_curve,8,0.28329995432107946
stabilityai--stablelm-2-1_6b-chat,x1_g_curve,9,0.3650795186798126
stabilityai--stablelm-2-1_6b-chat,x1_g_curve,10,0.4231009337915818
stabilityai--stablelm-2-1_6b-chat,x1_g_curve,11,0.4131547253046546
stabilityai--stablelm-2-1_6b-chat,x1_g_curve,12,0.43176403144936343
stabilityai--stablelm-2-1_6b-chat,x1_g_curve,13,0.4484167497494416
stabilityai--stablelm-2-1_6b-chat,x1_g_curve,14,0.4835805965408361
stabilityai--stablelm-2-1_6b-chat,x1_g_curve,15,0.47574586567767957
stabilityai--stablelm-2-1_6b-chat,x1_g_curve,16,0.4710646810224369
stabilityai--stablelm-2-1_6b-chat,x1_g_curve,17,0.45862614480045905
stabilityai--stablelm-2-1_6b-chat,x1_g_curve,18,0.421194492898473
stabilityai--stablelm-2-1_6b-chat,x1_g_curve,19,0.3962089991564209
stabilityai--stablelm-2-1_6b-chat,x1_g_curve,20,0.37051148087907193
stabilityai--stablelm-2-1_6b-chat,x1_g_curve,21,0.3576234080897316
stabilityai--stablelm-2-1_6b-chat,x1_g_curve,22,0.3401723986534918
stabilityai--stablelm-2-1_6b-chat,x1_g_curve,23,0.32962050159112216
stabilityai--stablelm-2-1_6b-chat,x1_g_curve,24,0.4662676571450245
stabilityai--stablelm-2-1_6b-chat,auroc_by_layer,0,0.5
stabilityai--stablelm-2-1_6b-chat,auroc_by_layer,1,0.63671875
stabilityai--stablelm-2-1_6b-chat,auroc_by_layer,2,0.9900173611111112
stabilityai--stablelm-2-1_6b-chat,auroc_by_layer,3,0.9995659722222222
stabilityai--stablelm-2-1_6b-chat,auroc_by_layer,4,1.0
stabilityai--stablelm-2-1_6b-chat,auroc_by_layer,5,1.0
stabilityai--stablelm-2-1_6b-chat,auroc_by_layer,6,1.0
stabilityai--stablelm-2-1_6b-chat,auroc_by_layer,7,0.9986979166666666
stabilityai--stablelm-2-1_6b-chat,auroc_by_layer,8,0.9986979166666666
stabilityai--stablelm-2-1_6b-chat,auroc_by_layer,9,0.9978298611111112
stabilityai--stablelm-2-1_6b-chat,auroc_by_layer,10,0.9930555555555556
stabilityai--stablelm-2-1_6b-chat,auroc_by_layer,11,0.9939236111111112
stabilityai--stablelm-2-1_6b-chat,auroc_by_layer,12,0.9904513888888888
stabilityai--stablelm-2-1_6b-chat,auroc_by_layer,13,0.9956597222222222
stabilityai--stablelm-2-1_6b-chat,auroc_by_layer,14,0.9908854166666666
stabilityai--stablelm-2-1_6b-chat,auroc_by_layer,15,0.9917534722222222
stabilityai--stablelm-2-1_6b-chat,auroc_by_layer,16,0.9952256944444444
stabilityai--stablelm-2-1_6b-chat,auroc_by_layer,17,0.9973958333333334
stabilityai--stablelm-2-1_6b-chat,auroc_by_layer,18,0.9978298611111112
stabilityai--stablelm-2-1_6b-chat,auroc_by_layer,19,0.9973958333333334
stabilityai--stablelm-2-1_6b-chat,auroc_by_layer,20,0.9978298611111112
stabilityai--stablelm-2-1_6b-chat,auroc_by_layer,21,0.9982638888888888
stabilityai--stablelm-2-1_6b-chat,auroc_by_layer,22,0.9982638888888888
stabilityai--stablelm-2-1_6b-chat,auroc_by_layer,23,0.9982638888888888
stabilityai--stablelm-2-1_6b-chat,auroc_by_layer,24,1.0
stabilityai--stablelm-2-1_6b-chat,cohen_by_layer,0,
stabilityai--stablelm-2-1_6b-chat,cohen_by_layer,1,0.8988554526916497
stabilityai--stablelm-2-1_6b-chat,cohen_by_layer,2,4.446822519221965
stabilityai--stablelm-2-1_6b-chat,cohen_by_layer,3,5.213510385712245
stabilityai--stablelm-2-1_6b-chat,cohen_by_layer,4,3.8635299823363423
stabilityai--stablelm-2-1_6b-chat,cohen_by_layer,5,4.018886831835691
stabilityai--stablelm-2-1_6b-chat,cohen_by_layer,6,4.379307673458126
stabilityai--stablelm-2-1_6b-chat,cohen_by_layer,7,5.167055180327702
stabilityai--stablelm-2-1_6b-chat,cohen_by_layer,8,4.98729910468392
stabilityai--stablelm-2-1_6b-chat,cohen_by_layer,9,4.97627690656263
stabilityai--stablelm-2-1_6b-chat,cohen_by_layer,10,4.565182455369229
stabilityai--stablelm-2-1_6b-chat,cohen_by_layer,11,4.650935317787362
stabilityai--stablelm-2-1_6b-chat,cohen_by_layer,12,4.316350066912658
stabilityai--stablelm-2-1_6b-chat,cohen_by_layer,13,4.419189824342492
stabilityai--stablelm-2-1_6b-chat,cohen_by_layer,14,4.2673158684802015
stabilityai--stablelm-2-1_6b-chat,cohen_by_layer,15,4.353935451336493
stabilityai--stablelm-2-1_6b-chat,cohen_by_layer,16,4.565550027076059
stabilityai--stablelm-2-1_6b-chat,cohen_by_layer,17,4.642173692274833
stabilityai--stablelm-2-1_6b-chat,cohen_by_layer,18,4.87625674535621
stabilityai--stablelm-2-1_6b-chat,cohen_by_layer,19,4.882649632827549
stabilityai--stablelm-2-1_6b-chat,cohen_by_layer,20,5.101070261140993
stabilityai--stablelm-2-1_6b-chat,cohen_by_layer,21,5.165856717916155
stabilityai--stablelm-2-1_6b-chat,cohen_by_layer,22,4.9087679677002125
stabilityai--stablelm-2-1_6b-chat,cohen_by_layer,23,4.985798329368171
stabilityai--stablelm-2-1_6b-chat,cohen_by_layer,24,5.592860258538301
stabilityai--stablelm-2-1_6b-chat,x2_wm_curve,0,1.0068516212449812
stabilityai--stablelm-2-1_6b-chat,x2_wm_curve,1,0.9905983098865286
stabilityai--stablelm-2-1_6b-chat,x2_wm_curve,2,0.9800837843137661
stabilityai--stablelm-2-1_6b-chat,x2_wm_curve,3,0.9779915115230754
stabilityai--stablelm-2-1_6b-chat,x2_wm_curve,4,1.0009577906095142
stabilityai--stablelm-2-1_6b-chat,x2_wm_curve,5,1.02030760750599
stabilityai--stablelm-2-1_6b-chat,x2_wm_curve,6,1.02078477797315
stabilityai--stablelm-2-1_6b-chat,x2_wm_curve,7,1.0178160608719624
stabilityai--stablelm-2-1_6b-chat,x2_wm_curve,8,1.0370591959217692
stabilityai--stablelm-2-1_6b-chat,x2_wm_curve,9,1.045420073593634
stabilityai--stablelm-2-1_6b-chat,x2_wm_curve,10,1.0760013385192801
stabilityai--stablelm-2-1_6b-chat,x2_wm_curve,11,1.095168725346878
stabilityai--stablelm-2-1_6b-chat,x2_wm_curve,12,1.1051045982529308
stabilityai--stablelm-2-1_6b-chat,x2_wm_curve,13,1.107715843102866
stabilityai--stablelm-2-1_6b-chat,x2_wm_curve,14,1.0866845424158986
stabilityai--stablelm-2-1_6b-chat,x2_wm_curve,15,1.091713394352875
stabilityai--stablelm-2-1_6b-chat,x2_wm_curve,16,1.0550648642324585
stabilityai--stablelm-2-1_6b-chat,x2_wm_curve,17,1.0044791211538813
stabilityai--stablelm-2-1_6b-chat,x2_wm_curve,18,1.0111971482581819
stabilityai--stablelm-2-1_6b-chat,x2_wm_curve,19,0.9768894902070022
stabilityai--stablelm-2-1_6b-chat,x2_wm_curve,20,1.011515604979378
stabilityai--stablelm-2-1_6b-chat,x2_wm_curve,21,0.9418179894030523
stabilityai--stablelm-2-1_6b-chat,x2_wm_curve,22,1.0130540668245336
stabilityai--stablelm-2-1_6b-chat,x2_wm_curve,23,1.1123992582981816
stabilityai--stablelm-2-1_6b-chat,x8_drive_gap_curve,0,0.0
stabilityai--stablelm-2-1_6b-chat,x8_drive_gap_curve,1,-0.07973224918047589
stabilityai--stablelm-2-1_6b-chat,x8_drive_gap_curve,2,-0.02001035213470459
stabilityai--stablelm-2-1_6b-chat,x8_drive_gap_curve,3,-0.2306786874930064
stabilityai--stablelm-2-1_6b-chat,x8_drive_gap_curve,4,-0.11965980132420861
stabilityai--stablelm-2-1_6b-chat,x8_drive_gap_curve,5,0.7419969240824381
stabilityai--stablelm-2-1_6b-chat,x8_drive_gap_curve,6,-0.1270697911580403
stabilityai--stablelm-2-1_6b-chat,x8_drive_gap_curve,7,0.18785711129506422
stabilityai--stablelm-2-1_6b-chat,x8_drive_gap_curve,8,0.81643013159434
stabilityai--stablelm-2-1_6b-chat,x8_drive_gap_curve,9,1.0095507204532623
stabilityai--stablelm-2-1_6b-chat,x8_drive_gap_curve,10,0.18751137455304467
stabilityai--stablelm-2-1_6b-chat,x8_drive_gap_curve,11,0.48916910092035926
stabilityai--stablelm-2-1_6b-chat,x8_drive_gap_curve,12,0.5086645483970642
stabilityai--stablelm-2-1_6b-chat,x8_drive_gap_curve,13,0.762278735637665
stabilityai--stablelm-2-1_6b-chat,x8_drive_gap_curve,14,0.154311865568161
stabilityai--stablelm-2-1_6b-chat,x8_drive_gap_curve,15,1.1583236356576285
stabilityai--stablelm-2-1_6b-chat,x8_drive_gap_curve,16,2.3437594672044115
stabilityai--stablelm-2-1_6b-chat,x8_drive_gap_curve,17,0.833884338537852
stabilityai--stablelm-2-1_6b-chat,x8_drive_gap_curve,18,1.0944137175877888
stabilityai--stablelm-2-1_6b-chat,x8_drive_gap_curve,19,1.625225673119227
stabilityai--stablelm-2-1_6b-chat,x8_drive_gap_curve,20,1.2171273926893869
stabilityai--stablelm-2-1_6b-chat,x8_drive_gap_curve,21,1.2506302893161774
stabilityai--stablelm-2-1_6b-chat,x8_drive_gap_curve,22,0.644507865111033
stabilityai--stablelm-2-1_6b-chat,x8_drive_gap_curve,23,-0.2983351548512778
stabilityai--stablelm-2-1_6b-chat,x8_drive_gap_curve,24,0.6684410969416299
stabilityai--stablelm-2-1_6b-chat,x10_scar_curve,0,0.44299987484884495
stabilityai--stablelm-2-1_6b-chat,x10_scar_curve,1,0.4894728087893734
stabilityai--stablelm-2-1_6b-chat,x10_scar_curve,2,0.5414614967917118
stabilityai--stablelm-2-1_6b-chat,x10_scar_curve,3,0.5862880866417604
stabilityai--stablelm-2-1_6b-chat,x10_scar_curve,4,0.5905950674598538
stabilityai--stablelm-2-1_6b-chat,x10_scar_curve,5,0.6274177871986047
stabilityai--stablelm-2-1_6b-chat,x10_scar_curve,6,0.6803329690837879
stabilityai--stablelm-2-1_6b-chat,x10_scar_curve,7,0.7028560967045473
stabilityai--stablelm-2-1_6b-chat,x10_scar_curve,8,0.7011316872887089
stabilityai--stablelm-2-1_6b-chat,x10_scar_curve,9,0.7191111733523269
stabilityai--stablelm-2-1_6b-chat,x10_scar_curve,10,0.7279426466017301
stabilityai--stablelm-2-1_6b-chat,x10_scar_curve,11,0.7227582414371263
stabilityai--stablelm-2-1_6b-chat,x10_scar_curve,12,0.7337796022169425
stabilityai--stablelm-2-1_6b-chat,x10_scar_curve,13,0.7657290328541617
stabilityai--stablelm-2-1_6b-chat,x10_scar_curve,14,0.7524435922868083
stabilityai--stablelm-2-1_6b-chat,x10_scar_curve,15,0.7383212112468771
stabilityai--stablelm-2-1_6b-chat,x10_scar_curve,16,0.7395004387740448
stabilityai--stablelm-2-1_6b-chat,x10_scar_curve,17,0.7399807153278297
stabilityai--stablelm-2-1_6b-chat,x10_scar_curve,18,0.7202458562860253
stabilityai--stablelm-2-1_6b-chat,x10_scar_curve,19,0.6813214578973781
stabilityai--stablelm-2-1_6b-chat,x10_scar_curve,20,0.6900983746002217
stabilityai--stablelm-2-1_6b-chat,x10_scar_curve,21,0.662031363472363
stabilityai--stablelm-2-1_6b-chat,x10_scar_curve,22,0.6237993023826746
stabilityai--stablelm-2-1_6b-chat,x10_scar_curve,23,0.39946859638833676
stabilityai--stablelm-2-1_6b-chat,x10_z_curve,0,-3.935407403095872
stabilityai--stablelm-2-1_6b-chat,x10_z_curve,1,-3.211421039411845
stabilityai--stablelm-2-1_6b-chat,x10_z_curve,2,-2.4015065797893196
stabilityai--stablelm-2-1_6b-chat,x10_z_curve,3,-1.7031680625047596
stabilityai--stablelm-2-1_6b-chat,x10_z_curve,4,-1.6360710424427447
stabilityai--stablelm-2-1_6b-chat,x10_z_curve,5,-1.0624221525592237
stabilityai--stablelm-2-1_6b-chat,x10_z_curve,6,-0.23807415323217618
stabilityai--stablelm-2-1_6b-chat,x10_z_curve,7,0.11280615240577303
stabilityai--stablelm-2-1_6b-chat,x10_z_curve,8,0.0859421522960966
stabilityai--stablelm-2-1_6b-chat,x10_z_curve,9,0.3660385790197504
stabilityai--stablelm-2-1_6b-chat,x10_z_curve,10,0.5036211601408492
stabilityai--stablelm-2-1_6b-chat,x10_z_curve,11,0.4228550383420941
stabilityai--stablelm-2-1_6b-chat,x10_z_curve,12,0.5945531481287504
stabilityai--stablelm-2-1_6b-chat,x10_z_curve,13,1.0922826897672477
stabilityai--stablelm-2-1_6b-chat,x10_z_curve,14,0.8853132348452233
stabilityai--stablelm-2-1_6b-chat,x10_z_curve,15,0.6653053629784658
stabilityai--stablelm-2-1_6b-chat,x10_z_curve,16,0.6836761559747245
stabilityai--stablelm-2-1_6b-chat,x10_z_curve,17,0.6911582244876013
stabilityai--stablelm-2-1_6b-chat,x10_z_curve,18,0.3837154266264441
stabilityai--stablelm-2-1_6b-chat,x10_z_curve,19,-0.2226748151441335
stabilityai--stablelm-2-1_6b-chat,x10_z_curve,20,-0.0859421522960966
stabilityai--stablelm-2-1_6b-chat,x10_z_curve,21,-0.5231887731343953
stabilityai--stablelm-2-1_6b-chat,x10_z_curve,22,-1.1187933226532756
stabilityai--stablelm-2-1_6b-chat,x10_z_curve,23,-4.61356669554492
stabilityai--stablelm-2-1_6b-chat,x10_sigma_min_curve,0,0.35338059067726135
stabilityai--stablelm-2-1_6b-chat,x10_sigma_min_curve,1,0.31960567831993103
stabilityai--stablelm-2-1_6b-chat,x10_sigma_min_curve,2,0.28958284854888916
stabilityai--stablelm-2-1_6b-chat,x10_sigma_min_curve,3,0.26420536637306213
stabilityai--stablelm-2-1_6b-chat,x10_sigma_min_curve,4,0.261182963848114
stabilityai--stablelm-2-1_6b-chat,x10_sigma_min_curve,5,0.2373325675725937
stabilityai--stablelm-2-1_6b-chat,x10_sigma_min_curve,6,0.21489545702934265
stabilityai--stablelm-2-1_6b-chat,x10_sigma_min_curve,7,0.20431563258171082
stabilityai--stablelm-2-1_6b-chat,x10_sigma_min_curve,8,0.2048143744468689
stabilityai--stablelm-2-1_6b-chat,x10_sigma_min_curve,9,0.19569545984268188
stabilityai--stablelm-2-1_6b-chat,x10_sigma_min_curve,10,0.19491249322891235
stabilityai--stablelm-2-1_6b-chat,x10_sigma_min_curve,11,0.19646598398685455
stabilityai--stablelm-2-1_6b-chat,x10_sigma_min_curve,12,0.19447572529315948
stabilityai--stablelm-2-1_6b-chat,x10_sigma_min_curve,13,0.18487608432769775
stabilityai--stablelm-2-1_6b-chat,x10_sigma_min_curve,14,0.1893002688884735
stabilityai--stablelm-2-1_6b-chat,x10_sigma_min_curve,15,0.20107412338256836
stabilityai--stablelm-2-1_6b-chat,x10_sigma_min_curve,16,0.2032352238893509
stabilityai--stablelm-2-1_6b-chat,x10_sigma_min_curve,17,0.2073167860507965
stabilityai--stablelm-2-1_6b-chat,x10_sigma_min_curve,18,0.21980758011341095
stabilityai--stablelm-2-1_6b-chat,x10_sigma_min_curve,19,0.24411235749721527
stabilityai--stablelm-2-1_6b-chat,x10_sigma_min_curve,20,0.2408255636692047
stabilityai--stablelm-2-1_6b-chat,x10_sigma_min_curve,21,0.259893536567688
stabilityai--stablelm-2-1_6b-chat,x10_sigma_min_curve,22,0.2775484323501587
stabilityai--stablelm-2-1_6b-chat,x10_sigma_min_curve,23,0.4102783501148224
stabilityai--stablelm-2-1_6b-chat,x10_sigma_mp_curve,0,0.9800372143004666
stabilityai--stablelm-2-1_6b-chat,x10_sigma_mp_curve,1,0.9864777528749403
stabilityai--stablelm-2-1_6b-chat,x10_sigma_mp_curve,2,1.0074751263971815
stabilityai--stablelm-2-1_6b-chat,x10_sigma_mp_curve,3,1.0191303169756607
stabilityai--stablelm-2-1_6b-chat,x10_sigma_mp_curve,4,1.0175128751741487
stabilityai--stablelm-2-1_6b-chat,x10_sigma_mp_curve,5,1.0064104204758737
stabilityai--stablelm-2-1_6b-chat,x10_sigma_mp_curve,6,1.029343208706465
stabilityai--stablelm-2-1_6b-chat,x10_sigma_mp_curve,7,1.030760323917399
stabilityai--stablelm-2-1_6b-chat,x10_sigma_mp_curve,8,1.0291818547467617
stabilityai--stablelm-2-1_6b-chat,x10_sigma_mp_curve,9,1.024924614995443
stabilityai--stablelm-2-1_6b-chat,x10_sigma_mp_curve,10,1.0417951311388394
stabilityai--stablelm-2-1_6b-chat,x10_sigma_mp_curve,11,1.0376373816784181
stabilityai--stablelm-2-1_6b-chat,x10_sigma_mp_curve,12,1.053525379060128
stabilityai--stablelm-2-1_6b-chat,x10_sigma_mp_curve,13,1.077977675995267
stabilityai--stablelm-2-1_6b-chat,x10_sigma_mp_curve,14,1.0705200929797472
stabilityai--stablelm-2-1_6b-chat,x10_sigma_mp_curve,15,1.1007213625440655
stabilityai--stablelm-2-1_6b-chat,x10_sigma_mp_curve,16,1.115576659018568
stabilityai--stablelm-2-1_6b-chat,x10_sigma_mp_curve,17,1.1392398891038578
stabilityai--stablelm-2-1_6b-chat,x10_sigma_mp_curve,18,1.1542198033392923
stabilityai--stablelm-2-1_6b-chat,x10_sigma_mp_curve,19,1.1719557733102717
stabilityai--stablelm-2-1_6b-chat,x10_sigma_mp_curve,20,1.1797798110833482
stabilityai--stablelm-2-1_6b-chat,x10_sigma_mp_curve,21,1.1935121442409131
stabilityai--stablelm-2-1_6b-chat,x10_sigma_mp_curve,22,1.1671806554860693
stabilityai--stablelm-2-1_6b-chat,x10_sigma_mp_curve,23,1.0293123812130673
venkycs--SmolLM2-1.7B-Instruct-Abliterated,x1_g_curve,0,0.0
venkycs--SmolLM2-1.7B-Instruct-Abliterated,x1_g_curve,1,0.039004561874668026
venkycs--SmolLM2-1.7B-Instruct-Abliterated,x1_g_curve,2,0.06375009123440345
venkycs--SmolLM2-1.7B-Instruct-Abliterated,x1_g_curve,3,0.06921685574132735
venkycs--SmolLM2-1.7B-Instruct-Abliterated,x1_g_curve,4,0.06069330086449165
venkycs--SmolLM2-1.7B-Instruct-Abliterated,x1_g_curve,5,0.05313693902602193
venkycs--SmolLM2-1.7B-Instruct-Abliterated,x1_g_curve,6,0.04879373207182877
venkycs--SmolLM2-1.7B-Instruct-Abliterated,x1_g_curve,7,0.04313580316330161
venkycs--SmolLM2-1.7B-Instruct-Abliterated,x1_g_curve,8,0.040137241351104115
venkycs--SmolLM2-1.7B-Instruct-Abliterated,x1_g_curve,9,0.037782364650484804
venkycs--SmolLM2-1.7B-Instruct-Abliterated,x1_g_curve,10,0.03602723945168169
venkycs--SmolLM2-1.7B-Instruct-Abliterated,x1_g_curve,11,0.03371409972604935
venkycs--SmolLM2-1.7B-Instruct-Abliterated,x1_g_curve,12,0.03201392944123414
venkycs--SmolLM2-1.7B-Instruct-Abliterated,x1_g_curve,13,0.030075489275899873
venkycs--SmolLM2-1.7B-Instruct-Abliterated,x1_g_curve,14,0.02899875237919465
venkycs--SmolLM2-1.7B-Instruct-Abliterated,x1_g_curve,15,0.028046860441061645
venkycs--SmolLM2-1.7B-Instruct-Abliterated,x1_g_curve,16,0.02701774878852383
venkycs--SmolLM2-1.7B-Instruct-Abliterated,x1_g_curve,17,0.025819072825202745
venkycs--SmolLM2-1.7B-Instruct-Abliterated,x1_g_curve,18,0.025040913050548397
venkycs--SmolLM2-1.7B-Instruct-Abliterated,x1_g_curve,19,0.024355475185483817
venkycs--SmolLM2-1.7B-Instruct-Abliterated,x1_g_curve,20,0.02368355768935594
venkycs--SmolLM2-1.7B-Instruct-Abliterated,x1_g_curve,21,0.022725149356015367
venkycs--SmolLM2-1.7B-Instruct-Abliterated,x1_g_curve,22,0.021917065690726368
venkycs--SmolLM2-1.7B-Instruct-Abliterated,x1_g_curve,23,0.02101407170415042
venkycs--SmolLM2-1.7B-Instruct-Abliterated,x1_g_curve,24,0.020469656290527473
venkycs--SmolLM2-1.7B-Instruct-Abliterated,auroc_by_layer,0,0.5
venkycs--SmolLM2-1.7B-Instruct-Abliterated,auroc_by_layer,1,0.5681423611111112
venkycs--SmolLM2-1.7B-Instruct-Abliterated,auroc_by_layer,2,0.6284722222222222
venkycs--SmolLM2-1.7B-Instruct-Abliterated,auroc_by_layer,3,0.6623263888888888
venkycs--SmolLM2-1.7B-Instruct-Abliterated,auroc_by_layer,4,0.6723090277777778
venkycs--SmolLM2-1.7B-Instruct-Abliterated,auroc_by_layer,5,0.6666666666666666
venkycs--SmolLM2-1.7B-Instruct-Abliterated,auroc_by_layer,6,0.6566840277777778
venkycs--SmolLM2-1.7B-Instruct-Abliterated,auroc_by_layer,7,0.6519097222222222
venkycs--SmolLM2-1.7B-Instruct-Abliterated,auroc_by_layer,8,0.6401909722222222
venkycs--SmolLM2-1.7B-Instruct-Abliterated,auroc_by_layer,9,0.6310763888888888
venkycs--SmolLM2-1.7B-Instruct-Abliterated,auroc_by_layer,10,0.6241319444444444
venkycs--SmolLM2-1.7B-Instruct-Abliterated,auroc_by_layer,11,0.6124131944444444
venkycs--SmolLM2-1.7B-Instruct-Abliterated,auroc_by_layer,12,0.6197916666666666
venkycs--SmolLM2-1.7B-Instruct-Abliterated,auroc_by_layer,13,0.6176215277777778
venkycs--SmolLM2-1.7B-Instruct-Abliterated,auroc_by_layer,14,0.6015625
venkycs--SmolLM2-1.7B-Instruct-Abliterated,auroc_by_layer,15,0.5959201388888888
venkycs--SmolLM2-1.7B-Instruct-Abliterated,auroc_by_layer,16,0.6015625
venkycs--SmolLM2-1.7B-Instruct-Abliterated,auroc_by_layer,17,0.5959201388888888
venkycs--SmolLM2-1.7B-Instruct-Abliterated,auroc_by_layer,18,0.5920138888888888
venkycs--SmolLM2-1.7B-Instruct-Abliterated,auroc_by_layer,19,0.5846354166666666
venkycs--SmolLM2-1.7B-Instruct-Abliterated,auroc_by_layer,20,0.5850694444444444
venkycs--SmolLM2-1.7B-Instruct-Abliterated,auroc_by_layer,21,0.5924479166666666
venkycs--SmolLM2-1.7B-Instruct-Abliterated,auroc_by_layer,22,0.5967881944444444
venkycs--SmolLM2-1.7B-Instruct-Abliterated,auroc_by_layer,23,0.5889756944444444
venkycs--SmolLM2-1.7B-Instruct-Abliterated,auroc_by_layer,24,0.5659722222222222
venkycs--SmolLM2-1.7B-Instruct-Abliterated,cohen_by_layer,0,
venkycs--SmolLM2-1.7B-Instruct-Abliterated,cohen_by_layer,1,0.583421397692472
venkycs--SmolLM2-1.7B-Instruct-Abliterated,cohen_by_layer,2,0.9415310052938637
venkycs--SmolLM2-1.7B-Instruct-Abliterated,cohen_by_layer,3,1.133281848617776
venkycs--SmolLM2-1.7B-Instruct-Abliterated,cohen_by_layer,4,1.19589400581519
venkycs--SmolLM2-1.7B-Instruct-Abliterated,cohen_by_layer,5,1.1433965899498142
venkycs--SmolLM2-1.7B-Instruct-Abliterated,cohen_by_layer,6,1.0802381987782996
venkycs--SmolLM2-1.7B-Instruct-Abliterated,cohen_by_layer,7,1.0627417568804658
venkycs--SmolLM2-1.7B-Instruct-Abliterated,cohen_by_layer,8,1.003846285509465
venkycs--SmolLM2-1.7B-Instruct-Abliterated,cohen_by_layer,9,0.9639014214745704
venkycs--SmolLM2-1.7B-Instruct-Abliterated,cohen_by_layer,10,0.9287066448974564
venkycs--SmolLM2-1.7B-Instruct-Abliterated,cohen_by_layer,11,0.9019388778238927
venkycs--SmolLM2-1.7B-Instruct-Abliterated,cohen_by_layer,12,0.8782275875528174
venkycs--SmolLM2-1.7B-Instruct-Abliterated,cohen_by_layer,13,0.8448068093202005
venkycs--SmolLM2-1.7B-Instruct-Abliterated,cohen_by_layer,14,0.8189964281157682
venkycs--SmolLM2-1.7B-Instruct-Abliterated,cohen_by_layer,15,0.8031732413551618
venkycs--SmolLM2-1.7B-Instruct-Abliterated,cohen_by_layer,16,0.7654815078624464
venkycs--SmolLM2-1.7B-Instruct-Abliterated,cohen_by_layer,17,0.7393966154486425
venkycs--SmolLM2-1.7B-Instruct-Abliterated,cohen_by_layer,18,0.7273182611087348
venkycs--SmolLM2-1.7B-Instruct-Abliterated,cohen_by_layer,19,0.700669709110202
venkycs--SmolLM2-1.7B-Instruct-Abliterated,cohen_by_layer,20,0.6897982103202834
venkycs--SmolLM2-1.7B-Instruct-Abliterated,cohen_by_layer,21,0.6646102878625093
venkycs--SmolLM2-1.7B-Instruct-Abliterated,cohen_by_layer,22,0.64161413507698
venkycs--SmolLM2-1.7B-Instruct-Abliterated,cohen_by_layer,23,0.6270465959808553
venkycs--SmolLM2-1.7B-Instruct-Abliterated,cohen_by_layer,24,0.606031899525795
venkycs--SmolLM2-1.7B-Instruct-Abliterated,x2_wm_curve,0,1.0060915105774455
venkycs--SmolLM2-1.7B-Instruct-Abliterated,x2_wm_curve,1,1.0085212003559199
venkycs--SmolLM2-1.7B-Instruct-Abliterated,x2_wm_curve,2,1.0270702587880745
venkycs--SmolLM2-1.7B-Instruct-Abliterated,x2_wm_curve,3,0.9950882692095937
venkycs--SmolLM2-1.7B-Instruct-Abliterated,x2_wm_curve,4,0.9884938237129512
venkycs--SmolLM2-1.7B-Instruct-Abliterated,x2_wm_curve,5,1.0270637873422397
venkycs--SmolLM2-1.7B-Instruct-Abliterated,x2_wm_curve,6,1.0155038145659034
venkycs--SmolLM2-1.7B-Instruct-Abliterated,x2_wm_curve,7,1.058645489540296
venkycs--SmolLM2-1.7B-Instruct-Abliterated,x2_wm_curve,8,1.0487306243835195
venkycs--SmolLM2-1.7B-Instruct-Abliterated,x2_wm_curve,9,1.0514321138026317
venkycs--SmolLM2-1.7B-Instruct-Abliterated,x2_wm_curve,10,1.0225566827067412
venkycs--SmolLM2-1.7B-Instruct-Abliterated,x2_wm_curve,11,1.0356987395780894
venkycs--SmolLM2-1.7B-Instruct-Abliterated,x2_wm_curve,12,1.0101600213559063
venkycs--SmolLM2-1.7B-Instruct-Abliterated,x2_wm_curve,13,1.0110069375971464
venkycs--SmolLM2-1.7B-Instruct-Abliterated,x2_wm_curve,14,1.015667278994319
venkycs--SmolLM2-1.7B-Instruct-Abliterated,x2_wm_curve,15,1.0042911190971398
venkycs--SmolLM2-1.7B-Instruct-Abliterated,x2_wm_curve,16,0.9883926656803532
venkycs--SmolLM2-1.7B-Instruct-Abliterated,x2_wm_curve,17,0.9819019741917436
venkycs--SmolLM2-1.7B-Instruct-Abliterated,x2_wm_curve,18,1.0038485827881714
venkycs--SmolLM2-1.7B-Instruct-Abliterated,x2_wm_curve,19,0.9995752568328475
venkycs--SmolLM2-1.7B-Instruct-Abliterated,x2_wm_curve,20,0.9969007314770187
venkycs--SmolLM2-1.7B-Instruct-Abliterated,x2_wm_curve,21,0.9961821218285696
venkycs--SmolLM2-1.7B-Instruct-Abliterated,x2_wm_curve,22,0.9884089886435125
venkycs--SmolLM2-1.7B-Instruct-Abliterated,x2_wm_curve,23,0.9571516440279864
venkycs--SmolLM2-1.7B-Instruct-Abliterated,x8_drive_gap_curve,0,0.0
venkycs--SmolLM2-1.7B-Instruct-Abliterated,x8_drive_gap_curve,1,-0.07851878801981638
venkycs--SmolLM2-1.7B-Instruct-Abliterated,x8_drive_gap_curve,2,-0.21844637393951416
venkycs--SmolLM2-1.7B-Instruct-Abliterated,x8_drive_gap_curve,3,-0.16862229506174722
venkycs--SmolLM2-1.7B-Instruct-Abliterated,x8_drive_gap_curve,4,0.009462277094523075
venkycs--SmolLM2-1.7B-Instruct-Abliterated,x8_drive_gap_curve,5,0.14550462365150452
venkycs--SmolLM2-1.7B-Instruct-Abliterated,x8_drive_gap_curve,6,0.10046237707138062
venkycs--SmolLM2-1.7B-Instruct-Abliterated,x8_drive_gap_curve,7,-0.2937618891398112
venkycs--SmolLM2-1.7B-Instruct-Abliterated,x8_drive_gap_curve,8,0.09615137179692579
venkycs--SmolLM2-1.7B-Instruct-Abliterated,x8_drive_gap_curve,9,-0.021458019812901963
venkycs--SmolLM2-1.7B-Instruct-Abliterated,x8_drive_gap_curve,10,-0.08552231391270948
venkycs--SmolLM2-1.7B-Instruct-Abliterated,x8_drive_gap_curve,11,-0.11066250999768568
venkycs--SmolLM2-1.7B-Instruct-Abliterated,x8_drive_gap_curve,12,-0.1049500505129497
venkycs--SmolLM2-1.7B-Instruct-Abliterated,x8_drive_gap_curve,13,-0.0774198174476623
venkycs--SmolLM2-1.7B-Instruct-Abliterated,x8_drive_gap_curve,14,-0.10392582416534424
venkycs--SmolLM2-1.7B-Instruct-Abliterated,x8_drive_gap_curve,15,-0.0456811785697937
venkycs--SmolLM2-1.7B-Instruct-Abliterated,x8_drive_gap_curve,16,-0.029226640860239517
venkycs--SmolLM2-1.7B-Instruct-Abliterated,x8_drive_gap_curve,17,-0.01985388994216919
venkycs--SmolLM2-1.7B-Instruct-Abliterated,x8_drive_gap_curve,18,-0.051992595195770264
venkycs--SmolLM2-1.7B-Instruct-Abliterated,x8_drive_gap_curve,19,-0.06272848447163903
venkycs--SmolLM2-1.7B-Instruct-Abliterated,x8_drive_gap_curve,20,-0.05757220586140943
venkycs--SmolLM2-1.7B-Instruct-Abliterated,x8_drive_gap_curve,21,-0.0272331635157268
venkycs--SmolLM2-1.7B-Instruct-Abliterated,x8_drive_gap_curve,22,-0.0030589699745178223
venkycs--SmolLM2-1.7B-Instruct-Abliterated,x8_drive_gap_curve,23,-0.03162417809168505
venkycs--SmolLM2-1.7B-Instruct-Abliterated,x8_drive_gap_curve,24,-0.02526863416035985
venkycs--SmolLM2-1.7B-Instruct-Abliterated,x10_scar_curve,0,0.3415707844184764
venkycs--SmolLM2-1.7B-Instruct-Abliterated,x10_scar_curve,1,1.3526060415441048
venkycs--SmolLM2-1.7B-Instruct-Abliterated,x10_scar_curve,2,1.3604681697232097
venkycs--SmolLM2-1.7B-Instruct-Abliterated,x10_scar_curve,3,1.3458799113814253
venkycs--SmolLM2-1.7B-Instruct-Abliterated,x10_scar_curve,4,1.3523806591706358
venkycs--SmolLM2-1.7B-Instruct-Abliterated,x10_scar_curve,5,1.35322776966729
venkycs--SmolLM2-1.7B-Instruct-Abliterated,x10_scar_curve,6,1.3598508130499067
venkycs--SmolLM2-1.7B-Instruct-Abliterated,x10_scar_curve,7,1.3558013100001873
venkycs--SmolLM2-1.7B-Instruct-Abliterated,x10_scar_curve,8,1.362710863325425
venkycs--SmolLM2-1.7B-Instruct-Abliterated,x10_scar_curve,9,1.3580501840524306
venkycs--SmolLM2-1.7B-Instruct-Abliterated,x10_scar_curve,10,1.3552773192049186
venkycs--SmolLM2-1.7B-Instruct-Abliterated,x10_scar_curve,11,1.3593615970111146
venkycs--SmolLM2-1.7B-Instruct-Abliterated,x10_scar_curve,12,1.3625962175327213
venkycs--SmolLM2-1.7B-Instruct-Abliterated,x10_scar_curve,13,1.3568384922576433
venkycs--SmolLM2-1.7B-Instruct-Abliterated,x10_scar_curve,14,1.350078931785805
venkycs--SmolLM2-1.7B-Instruct-Abliterated,x10_scar_curve,15,1.3569475851041106
venkycs--SmolLM2-1.7B-Instruct-Abliterated,x10_scar_curve,16,1.3600346898522588
venkycs--SmolLM2-1.7B-Instruct-Abliterated,x10_scar_curve,17,1.353319946469715
venkycs--SmolLM2-1.7B-Instruct-Abliterated,x10_scar_curve,18,1.3599458367343842
venkycs--SmolLM2-1.7B-Instruct-Abliterated,x10_scar_curve,19,1.355027567431989
venkycs--SmolLM2-1.7B-Instruct-Abliterated,x10_scar_curve,20,1.3618180382319103
venkycs--SmolLM2-1.7B-Instruct-Abliterated,x10_scar_curve,21,1.362582814918044
venkycs--SmolLM2-1.7B-Instruct-Abliterated,x10_scar_curve,22,1.3623664168522258
venkycs--SmolLM2-1.7B-Instruct-Abliterated,x10_scar_curve,23,1.3350301509847682
venkycs--SmolLM2-1.7B-Instruct-Abliterated,x10_z_curve,0,-189.16785622392032
venkycs--SmolLM2-1.7B-Instruct-Abliterated,x10_z_curve,1,-0.7987238087186751
venkycs--SmolLM2-1.7B-Instruct-Abliterated,x10_z_curve,2,0.6660938161834804
venkycs--SmolLM2-1.7B-Instruct-Abliterated,x10_z_curve,3,-2.0518900997318377
venkycs--SmolLM2-1.7B-Instruct-Abliterated,x10_z_curve,4,-0.8407155017410726
venkycs--SmolLM2-1.7B-Instruct-Abliterated,x10_z_curve,5,-0.68288770276971
venkycs--SmolLM2-1.7B-Instruct-Abliterated,x10_z_curve,6,0.5510721686976817
venkycs--SmolLM2-1.7B-Instruct-Abliterated,x10_z_curve,7,-0.20340337586146706
venkycs--SmolLM2-1.7B-Instruct-Abliterated,x10_z_curve,8,1.0839370567084996
venkycs--SmolLM2-1.7B-Instruct-Abliterated,x10_z_curve,9,0.21559136358656322
venkycs--SmolLM2-1.7B-Instruct-Abliterated,x10_z_curve,10,-0.3010297353802677
venkycs--SmolLM2-1.7B-Instruct-Abliterated,x10_z_curve,11,0.4599248025288001
venkycs--SmolLM2-1.7B-Instruct-Abliterated,x10_z_curve,12,1.0625770414622988
venkycs--SmolLM2-1.7B-Instruct-Abliterated,x10_z_curve,13,-0.010162714255988532
venkycs--SmolLM2-1.7B-Instruct-Abliterated,x10_z_curve,14,-1.2695575104456167
venkycs--SmolLM2-1.7B-Instruct-Abliterated,x10_z_curve,15,0.010162714255947163
venkycs--SmolLM2-1.7B-Instruct-Abliterated,x10_z_curve,16,0.5853308292995077
venkycs--SmolLM2-1.7B-Instruct-Abliterated,x10_z_curve,17,-0.6657139551884929
venkycs--SmolLM2-1.7B-Instruct-Abliterated,x10_z_curve,18,0.5687763277542124
venkycs--SmolLM2-1.7B-Instruct-Abliterated,x10_z_curve,19,-0.3475617672301392
venkycs--SmolLM2-1.7B-Instruct-Abliterated,x10_z_curve,20,0.9175920286013396
venkycs--SmolLM2-1.7B-Instruct-Abliterated,x10_z_curve,21,1.0600799585157974
venkycs--SmolLM2-1.7B-Instruct-Abliterated,x10_z_curve,22,1.0197621598760471
venkycs--SmolLM2-1.7B-Instruct-Abliterated,x10_z_curve,23,-4.073342802223653
venkycs--SmolLM2-1.7B-Instruct-Abliterated,x10_sigma_min_curve,0,2.535684108734131
venkycs--SmolLM2-1.7B-Instruct-Abliterated,x10_sigma_min_curve,1,0.2507633566856384
venkycs--SmolLM2-1.7B-Instruct-Abliterated,x10_sigma_min_curve,2,0.25118380784988403
venkycs--SmolLM2-1.7B-Instruct-Abliterated,x10_sigma_min_curve,3,0.2647000551223755
venkycs--SmolLM2-1.7B-Instruct-Abliterated,x10_sigma_min_curve,4,0.26125749945640564
venkycs--SmolLM2-1.7B-Instruct-Abliterated,x10_sigma_min_curve,5,0.265291303396225
venkycs--SmolLM2-1.7B-Instruct-Abliterated,x10_sigma_min_curve,6,0.2614594101905823
venkycs--SmolLM2-1.7B-Instruct-Abliterated,x10_sigma_min_curve,7,0.2655278146266937
venkycs--SmolLM2-1.7B-Instruct-Abliterated,x10_sigma_min_curve,8,0.2628335654735565
venkycs--SmolLM2-1.7B-Instruct-Abliterated,x10_sigma_min_curve,9,0.27009913325309753
venkycs--SmolLM2-1.7B-Instruct-Abliterated,x10_sigma_min_curve,10,0.2675386369228363
venkycs--SmolLM2-1.7B-Instruct-Abliterated,x10_sigma_min_curve,11,0.2667880058288574
venkycs--SmolLM2-1.7B-Instruct-Abliterated,x10_sigma_min_curve,12,0.2650916278362274
venkycs--SmolLM2-1.7B-Instruct-Abliterated,x10_sigma_min_curve,13,0.2711624503135681
venkycs--SmolLM2-1.7B-Instruct-Abliterated,x10_sigma_min_curve,14,0.27772095799446106
venkycs--SmolLM2-1.7B-Instruct-Abliterated,x10_sigma_min_curve,15,0.277942031621933
venkycs--SmolLM2-1.7B-Instruct-Abliterated,x10_sigma_min_curve,16,0.2779531180858612
venkycs--SmolLM2-1.7B-Instruct-Abliterated,x10_sigma_min_curve,17,0.28738656640052795
venkycs--SmolLM2-1.7B-Instruct-Abliterated,x10_sigma_min_curve,18,0.28758135437965393
venkycs--SmolLM2-1.7B-Instruct-Abliterated,x10_sigma_min_curve,19,0.2964642643928528
venkycs--SmolLM2-1.7B-Instruct-Abliterated,x10_sigma_min_curve,20,0.2975965142250061
venkycs--SmolLM2-1.7B-Instruct-Abliterated,x10_sigma_min_curve,21,0.30122536420822144
venkycs--SmolLM2-1.7B-Instruct-Abliterated,x10_sigma_min_curve,22,0.30079352855682373
venkycs--SmolLM2-1.7B-Instruct-Abliterated,x10_sigma_min_curve,23,0.3074609339237213
venkycs--SmolLM2-1.7B-Instruct-Abliterated,x10_sigma_mp_curve,0,5.567573170064978
venkycs--SmolLM2-1.7B-Instruct-Abliterated,x10_sigma_mp_curve,1,5.647680451668031
venkycs--SmolLM2-1.7B-Instruct-Abliterated,x10_sigma_mp_curve,2,5.7604950744265935
venkycs--SmolLM2-1.7B-Instruct-Abliterated,x10_sigma_mp_curve,3,5.869943798321639
venkycs--SmolLM2-1.7B-Instruct-Abliterated,x10_sigma_mp_curve,4,5.88097624269019
venkycs--SmolLM2-1.7B-Instruct-Abliterated,x10_sigma_mp_curve,5,5.983437832902694
venkycs--SmolLM2-1.7B-Instruct-Abliterated,x10_sigma_mp_curve,6,5.98763185462108
venkycs--SmolLM2-1.7B-Instruct-Abliterated,x10_sigma_mp_curve,7,6.0243657544817095
venkycs--SmolLM2-1.7B-Instruct-Abliterated,x10_sigma_mp_curve,8,6.058870774819632
venkycs--SmolLM2-1.7B-Instruct-Abliterated,x10_sigma_mp_curve,9,6.1598959253236245
venkycs--SmolLM2-1.7B-Instruct-Abliterated,x10_sigma_mp_curve,10,6.062668599433772
venkycs--SmolLM2-1.7B-Instruct-Abliterated,x10_sigma_mp_curve,11,6.102782578937228
venkycs--SmolLM2-1.7B-Instruct-Abliterated,x10_sigma_mp_curve,12,6.109310939237659
venkycs--SmolLM2-1.7B-Instruct-Abliterated,x10_sigma_mp_curve,13,6.166916128234024
venkycs--SmolLM2-1.7B-Instruct-Abliterated,x10_sigma_mp_curve,14,6.218527889899496
venkycs--SmolLM2-1.7B-Instruct-Abliterated,x10_sigma_mp_curve,15,6.322688890624593
venkycs--SmolLM2-1.7B-Instruct-Abliterated,x10_sigma_mp_curve,16,6.368046708017051
venkycs--SmolLM2-1.7B-Instruct-Abliterated,x10_sigma_mp_curve,17,6.48315507747573
venkycs--SmolLM2-1.7B-Instruct-Abliterated,x10_sigma_mp_curve,18,6.587286634712911
venkycs--SmolLM2-1.7B-Instruct-Abliterated,x10_sigma_mp_curve,19,6.714287272596195
venkycs--SmolLM2-1.7B-Instruct-Abliterated,x10_sigma_mp_curve,20,6.846141611315493
venkycs--SmolLM2-1.7B-Instruct-Abliterated,x10_sigma_mp_curve,21,6.941836060200534
venkycs--SmolLM2-1.7B-Instruct-Abliterated,x10_sigma_mp_curve,22,6.92843114379246
venkycs--SmolLM2-1.7B-Instruct-Abliterated,x10_sigma_mp_curve,23,6.649976231150294
CohenQu--Qwen3-4B-Base_HintGen-STaR.03.01_1e-6,R_auroc_by_layer,0,0.5
CohenQu--Qwen3-4B-Base_HintGen-STaR.03.01_1e-6,R_auroc_by_layer,1,0.62453125
CohenQu--Qwen3-4B-Base_HintGen-STaR.03.01_1e-6,R_auroc_by_layer,2,0.60484375
CohenQu--Qwen3-4B-Base_HintGen-STaR.03.01_1e-6,R_auroc_by_layer,3,0.61265625
CohenQu--Qwen3-4B-Base_HintGen-STaR.03.01_1e-6,R_auroc_by_layer,4,0.61671875
CohenQu--Qwen3-4B-Base_HintGen-STaR.03.01_1e-6,R_auroc_by_layer,5,0.61140625
CohenQu--Qwen3-4B-Base_HintGen-STaR.03.01_1e-6,R_auroc_by_layer,6,0.623125
CohenQu--Qwen3-4B-Base_HintGen-STaR.03.01_1e-6,R_auroc_by_layer,7,0.61890625
CohenQu--Qwen3-4B-Base_HintGen-STaR.03.01_1e-6,R_auroc_by_layer,8,0.6259375
CohenQu--Qwen3-4B-Base_HintGen-STaR.03.01_1e-6,R_auroc_by_layer,9,0.631875
CohenQu--Qwen3-4B-Base_HintGen-STaR.03.01_1e-6,R_auroc_by_layer,10,0.63015625
CohenQu--Qwen3-4B-Base_HintGen-STaR.03.01_1e-6,R_auroc_by_layer,11,0.62515625
CohenQu--Qwen3-4B-Base_HintGen-STaR.03.01_1e-6,R_auroc_by_layer,12,0.63375
CohenQu--Qwen3-4B-Base_HintGen-STaR.03.01_1e-6,R_auroc_by_layer,13,0.62421875
CohenQu--Qwen3-4B-Base_HintGen-STaR.03.01_1e-6,R_auroc_by_layer,14,0.6246875
CohenQu--Qwen3-4B-Base_HintGen-STaR.03.01_1e-6,R_auroc_by_layer,15,0.6234375
CohenQu--Qwen3-4B-Base_HintGen-STaR.03.01_1e-6,R_auroc_by_layer,16,0.63140625
CohenQu--Qwen3-4B-Base_HintGen-STaR.03.01_1e-6,R_auroc_by_layer,17,0.64078125
CohenQu--Qwen3-4B-Base_HintGen-STaR.03.01_1e-6,R_auroc_by_layer,18,0.64375
CohenQu--Qwen3-4B-Base_HintGen-STaR.03.01_1e-6,R_auroc_by_layer,19,0.6640625
CohenQu--Qwen3-4B-Base_HintGen-STaR.03.01_1e-6,R_auroc_by_layer,20,0.6784375
CohenQu--Qwen3-4B-Base_HintGen-STaR.03.01_1e-6,R_auroc_by_layer,21,0.70015625
CohenQu--Qwen3-4B-Base_HintGen-STaR.03.01_1e-6,R_auroc_by_layer,22,0.72
CohenQu--Qwen3-4B-Base_HintGen-STaR.03.01_1e-6,R_auroc_by_layer,23,0.86640625
CohenQu--Qwen3-4B-Base_HintGen-STaR.03.01_1e-6,R_auroc_by_layer,24,0.86671875
CohenQu--Qwen3-4B-Base_HintGen-STaR.03.01_1e-6,R_auroc_by_layer,25,0.87296875
CohenQu--Qwen3-4B-Base_HintGen-STaR.03.01_1e-6,R_auroc_by_layer,26,0.883125
CohenQu--Qwen3-4B-Base_HintGen-STaR.03.01_1e-6,R_auroc_by_layer,27,0.88015625
CohenQu--Qwen3-4B-Base_HintGen-STaR.03.01_1e-6,R_auroc_by_layer,28,0.8925
CohenQu--Qwen3-4B-Base_HintGen-STaR.03.01_1e-6,R_auroc_by_layer,29,0.88828125
CohenQu--Qwen3-4B-Base_HintGen-STaR.03.01_1e-6,R_auroc_by_layer,30,0.8428125
CohenQu--Qwen3-4B-Base_HintGen-STaR.03.01_1e-6,R_auroc_by_layer,31,0.8471875
CohenQu--Qwen3-4B-Base_HintGen-STaR.03.01_1e-6,R_auroc_by_layer,32,0.85140625
CohenQu--Qwen3-4B-Base_HintGen-STaR.03.01_1e-6,R_auroc_by_layer,33,0.83265625
CohenQu--Qwen3-4B-Base_HintGen-STaR.03.01_1e-6,R_auroc_by_layer,34,0.80296875
CohenQu--Qwen3-4B-Base_HintGen-STaR.03.01_1e-6,R_auroc_by_layer,35,0.78265625
CohenQu--Qwen3-4B-Base_HintGen-STaR.03.01_1e-6,R_auroc_by_layer,36,0.69625
Damien420--granite-3.2-2b-instruct-abliterated,R_auroc_by_layer,0,0.5
Damien420--granite-3.2-2b-instruct-abliterated,R_auroc_by_layer,1,0.58546875
Damien420--granite-3.2-2b-instruct-abliterated,R_auroc_by_layer,2,0.60453125
Damien420--granite-3.2-2b-instruct-abliterated,R_auroc_by_layer,3,0.6028125
Damien420--granite-3.2-2b-instruct-abliterated,R_auroc_by_layer,4,0.61484375
Damien420--granite-3.2-2b-instruct-abliterated,R_auroc_by_layer,5,0.62765625
Damien420--granite-3.2-2b-instruct-abliterated,R_auroc_by_layer,6,0.64109375
Damien420--granite-3.2-2b-instruct-abliterated,R_auroc_by_layer,7,0.6165625
Damien420--granite-3.2-2b-instruct-abliterated,R_auroc_by_layer,8,0.64421875
Damien420--granite-3.2-2b-instruct-abliterated,R_auroc_by_layer,9,0.65765625
Damien420--granite-3.2-2b-instruct-abliterated,R_auroc_by_layer,10,0.68046875
Damien420--granite-3.2-2b-instruct-abliterated,R_auroc_by_layer,11,0.74671875
Damien420--granite-3.2-2b-instruct-abliterated,R_auroc_by_layer,12,0.743125
Damien420--granite-3.2-2b-instruct-abliterated,R_auroc_by_layer,13,0.79765625
Damien420--granite-3.2-2b-instruct-abliterated,R_auroc_by_layer,14,0.919375
Damien420--granite-3.2-2b-instruct-abliterated,R_auroc_by_layer,15,0.92484375
Damien420--granite-3.2-2b-instruct-abliterated,R_auroc_by_layer,16,0.92921875
Damien420--granite-3.2-2b-instruct-abliterated,R_auroc_by_layer,17,0.928125
Damien420--granite-3.2-2b-instruct-abliterated,R_auroc_by_layer,18,0.92796875
Damien420--granite-3.2-2b-instruct-abliterated,R_auroc_by_layer,19,0.9340625
Damien420--granite-3.2-2b-instruct-abliterated,R_auroc_by_layer,20,0.93625
Damien420--granite-3.2-2b-instruct-abliterated,R_auroc_by_layer,21,0.9446875
Damien420--granite-3.2-2b-instruct-abliterated,R_auroc_by_layer,22,0.94859375
Damien420--granite-3.2-2b-instruct-abliterated,R_auroc_by_layer,23,0.95
Damien420--granite-3.2-2b-instruct-abliterated,R_auroc_by_layer,24,0.9515625
Damien420--granite-3.2-2b-instruct-abliterated,R_auroc_by_layer,25,0.95328125
Damien420--granite-3.2-2b-instruct-abliterated,R_auroc_by_layer,26,0.9525
Damien420--granite-3.2-2b-instruct-abliterated,R_auroc_by_layer,27,0.9521875
Damien420--granite-3.2-2b-instruct-abliterated,R_auroc_by_layer,28,0.95234375
Damien420--granite-3.2-2b-instruct-abliterated,R_auroc_by_layer,29,0.95328125
Damien420--granite-3.2-2b-instruct-abliterated,R_auroc_by_layer,30,0.95125
Damien420--granite-3.2-2b-instruct-abliterated,R_auroc_by_layer,31,0.950625
Damien420--granite-3.2-2b-instruct-abliterated,R_auroc_by_layer,32,0.95
Damien420--granite-3.2-2b-instruct-abliterated,R_auroc_by_layer,33,0.95265625
Damien420--granite-3.2-2b-instruct-abliterated,R_auroc_by_layer,34,0.95328125
Damien420--granite-3.2-2b-instruct-abliterated,R_auroc_by_layer,35,0.9540625
Damien420--granite-3.2-2b-instruct-abliterated,R_auroc_by_layer,36,0.95296875
Damien420--granite-3.2-2b-instruct-abliterated,R_auroc_by_layer,37,0.955625
Damien420--granite-3.2-2b-instruct-abliterated,R_auroc_by_layer,38,0.95484375
Damien420--granite-3.2-2b-instruct-abliterated,R_auroc_by_layer,39,0.9559375
Damien420--granite-3.2-2b-instruct-abliterated,R_auroc_by_layer,40,0.96125
Goekdeniz-Guelmez--Josiefied-Qwen2.5-1.5B-Instruct-abliterated-v3,R_auroc_by_layer,0,0.5
Goekdeniz-Guelmez--Josiefied-Qwen2.5-1.5B-Instruct-abliterated-v3,R_auroc_by_layer,1,0.53015625
Goekdeniz-Guelmez--Josiefied-Qwen2.5-1.5B-Instruct-abliterated-v3,R_auroc_by_layer,2,0.55078125
Goekdeniz-Guelmez--Josiefied-Qwen2.5-1.5B-Instruct-abliterated-v3,R_auroc_by_layer,3,0.55
Goekdeniz-Guelmez--Josiefied-Qwen2.5-1.5B-Instruct-abliterated-v3,R_auroc_by_layer,4,0.58015625
Goekdeniz-Guelmez--Josiefied-Qwen2.5-1.5B-Instruct-abliterated-v3,R_auroc_by_layer,5,0.578125
Goekdeniz-Guelmez--Josiefied-Qwen2.5-1.5B-Instruct-abliterated-v3,R_auroc_by_layer,6,0.54609375
Goekdeniz-Guelmez--Josiefied-Qwen2.5-1.5B-Instruct-abliterated-v3,R_auroc_by_layer,7,0.54265625
Goekdeniz-Guelmez--Josiefied-Qwen2.5-1.5B-Instruct-abliterated-v3,R_auroc_by_layer,8,0.56921875
Goekdeniz-Guelmez--Josiefied-Qwen2.5-1.5B-Instruct-abliterated-v3,R_auroc_by_layer,9,0.57328125
Goekdeniz-Guelmez--Josiefied-Qwen2.5-1.5B-Instruct-abliterated-v3,R_auroc_by_layer,10,0.59296875
Goekdeniz-Guelmez--Josiefied-Qwen2.5-1.5B-Instruct-abliterated-v3,R_auroc_by_layer,11,0.61796875
Goekdeniz-Guelmez--Josiefied-Qwen2.5-1.5B-Instruct-abliterated-v3,R_auroc_by_layer,12,0.60765625
Goekdeniz-Guelmez--Josiefied-Qwen2.5-1.5B-Instruct-abliterated-v3,R_auroc_by_layer,13,0.6553125
Goekdeniz-Guelmez--Josiefied-Qwen2.5-1.5B-Instruct-abliterated-v3,R_auroc_by_layer,14,0.74671875
Goekdeniz-Guelmez--Josiefied-Qwen2.5-1.5B-Instruct-abliterated-v3,R_auroc_by_layer,15,0.705
Goekdeniz-Guelmez--Josiefied-Qwen2.5-1.5B-Instruct-abliterated-v3,R_auroc_by_layer,16,0.8475
Goekdeniz-Guelmez--Josiefied-Qwen2.5-1.5B-Instruct-abliterated-v3,R_auroc_by_layer,17,0.8225
Goekdeniz-Guelmez--Josiefied-Qwen2.5-1.5B-Instruct-abliterated-v3,R_auroc_by_layer,18,0.84421875
Goekdeniz-Guelmez--Josiefied-Qwen2.5-1.5B-Instruct-abliterated-v3,R_auroc_by_layer,19,0.88171875
Goekdeniz-Guelmez--Josiefied-Qwen2.5-1.5B-Instruct-abliterated-v3,R_auroc_by_layer,20,0.87046875
Goekdeniz-Guelmez--Josiefied-Qwen2.5-1.5B-Instruct-abliterated-v3,R_auroc_by_layer,21,0.88
Goekdeniz-Guelmez--Josiefied-Qwen2.5-1.5B-Instruct-abliterated-v3,R_auroc_by_layer,22,0.8784375
Goekdeniz-Guelmez--Josiefied-Qwen2.5-1.5B-Instruct-abliterated-v3,R_auroc_by_layer,23,0.866875
Goekdeniz-Guelmez--Josiefied-Qwen2.5-1.5B-Instruct-abliterated-v3,R_auroc_by_layer,24,0.8575
Goekdeniz-Guelmez--Josiefied-Qwen2.5-1.5B-Instruct-abliterated-v3,R_auroc_by_layer,25,0.87484375
Goekdeniz-Guelmez--Josiefied-Qwen2.5-1.5B-Instruct-abliterated-v3,R_auroc_by_layer,26,0.8609375
Goekdeniz-Guelmez--Josiefied-Qwen2.5-1.5B-Instruct-abliterated-v3,R_auroc_by_layer,27,0.85265625
Goekdeniz-Guelmez--Josiefied-Qwen2.5-1.5B-Instruct-abliterated-v3,R_auroc_by_layer,28,0.80546875
HuggingFaceTB--SmolLM2-1.7B-Instruct,R_auroc_by_layer,0,0.5
HuggingFaceTB--SmolLM2-1.7B-Instruct,R_auroc_by_layer,1,0.62421875
HuggingFaceTB--SmolLM2-1.7B-Instruct,R_auroc_by_layer,2,0.608125
HuggingFaceTB--SmolLM2-1.7B-Instruct,R_auroc_by_layer,3,0.5959375
HuggingFaceTB--SmolLM2-1.7B-Instruct,R_auroc_by_layer,4,0.6015625
HuggingFaceTB--SmolLM2-1.7B-Instruct,R_auroc_by_layer,5,0.58875
HuggingFaceTB--SmolLM2-1.7B-Instruct,R_auroc_by_layer,6,0.60859375
HuggingFaceTB--SmolLM2-1.7B-Instruct,R_auroc_by_layer,7,0.61671875
HuggingFaceTB--SmolLM2-1.7B-Instruct,R_auroc_by_layer,8,0.62515625
HuggingFaceTB--SmolLM2-1.7B-Instruct,R_auroc_by_layer,9,0.6575
HuggingFaceTB--SmolLM2-1.7B-Instruct,R_auroc_by_layer,10,0.63921875
HuggingFaceTB--SmolLM2-1.7B-Instruct,R_auroc_by_layer,11,0.64265625
HuggingFaceTB--SmolLM2-1.7B-Instruct,R_auroc_by_layer,12,0.72765625
HuggingFaceTB--SmolLM2-1.7B-Instruct,R_auroc_by_layer,13,0.78421875
HuggingFaceTB--SmolLM2-1.7B-Instruct,R_auroc_by_layer,14,0.890625
HuggingFaceTB--SmolLM2-1.7B-Instruct,R_auroc_by_layer,15,0.9125
HuggingFaceTB--SmolLM2-1.7B-Instruct,R_auroc_by_layer,16,0.91984375
HuggingFaceTB--SmolLM2-1.7B-Instruct,R_auroc_by_layer,17,0.92859375
HuggingFaceTB--SmolLM2-1.7B-Instruct,R_auroc_by_layer,18,0.925
HuggingFaceTB--SmolLM2-1.7B-Instruct,R_auroc_by_layer,19,0.92609375
HuggingFaceTB--SmolLM2-1.7B-Instruct,R_auroc_by_layer,20,0.91796875
HuggingFaceTB--SmolLM2-1.7B-Instruct,R_auroc_by_layer,21,0.91671875
HuggingFaceTB--SmolLM2-1.7B-Instruct,R_auroc_by_layer,22,0.916875
HuggingFaceTB--SmolLM2-1.7B-Instruct,R_auroc_by_layer,23,0.918125
HuggingFaceTB--SmolLM2-1.7B-Instruct,R_auroc_by_layer,24,0.91921875
HuggingFaceTB--SmolLM3-3B,R_auroc_by_layer,0,0.5
HuggingFaceTB--SmolLM3-3B,R_auroc_by_layer,1,0.56640625
HuggingFaceTB--SmolLM3-3B,R_auroc_by_layer,2,0.601875
HuggingFaceTB--SmolLM3-3B,R_auroc_by_layer,3,0.6365625
HuggingFaceTB--SmolLM3-3B,R_auroc_by_layer,4,0.6803125
HuggingFaceTB--SmolLM3-3B,R_auroc_by_layer,5,0.671875
HuggingFaceTB--SmolLM3-3B,R_auroc_by_layer,6,0.6565625
HuggingFaceTB--SmolLM3-3B,R_auroc_by_layer,7,0.683125
HuggingFaceTB--SmolLM3-3B,R_auroc_by_layer,8,0.71734375
HuggingFaceTB--SmolLM3-3B,R_auroc_by_layer,9,0.71765625
HuggingFaceTB--SmolLM3-3B,R_auroc_by_layer,10,0.7134375
HuggingFaceTB--SmolLM3-3B,R_auroc_by_layer,11,0.72671875
HuggingFaceTB--SmolLM3-3B,R_auroc_by_layer,12,0.73171875
HuggingFaceTB--SmolLM3-3B,R_auroc_by_layer,13,0.73015625
HuggingFaceTB--SmolLM3-3B,R_auroc_by_layer,14,0.74828125
HuggingFaceTB--SmolLM3-3B,R_auroc_by_layer,15,0.855
HuggingFaceTB--SmolLM3-3B,R_auroc_by_layer,16,0.90046875
HuggingFaceTB--SmolLM3-3B,R_auroc_by_layer,17,0.9196875
HuggingFaceTB--SmolLM3-3B,R_auroc_by_layer,18,0.95609375
HuggingFaceTB--SmolLM3-3B,R_auroc_by_layer,19,0.9621875
HuggingFaceTB--SmolLM3-3B,R_auroc_by_layer,20,0.95859375
HuggingFaceTB--SmolLM3-3B,R_auroc_by_layer,21,0.9590625
HuggingFaceTB--SmolLM3-3B,R_auroc_by_layer,22,0.95953125
HuggingFaceTB--SmolLM3-3B,R_auroc_by_layer,23,0.95703125
HuggingFaceTB--SmolLM3-3B,R_auroc_by_layer,24,0.95078125
HuggingFaceTB--SmolLM3-3B,R_auroc_by_layer,25,0.95046875
HuggingFaceTB--SmolLM3-3B,R_auroc_by_layer,26,0.94921875
HuggingFaceTB--SmolLM3-3B,R_auroc_by_layer,27,0.94875
HuggingFaceTB--SmolLM3-3B,R_auroc_by_layer,28,0.9471875
HuggingFaceTB--SmolLM3-3B,R_auroc_by_layer,29,0.94765625
HuggingFaceTB--SmolLM3-3B,R_auroc_by_layer,30,0.94921875
HuggingFaceTB--SmolLM3-3B,R_auroc_by_layer,31,0.94640625
HuggingFaceTB--SmolLM3-3B,R_auroc_by_layer,32,0.94453125
HuggingFaceTB--SmolLM3-3B,R_auroc_by_layer,33,0.94578125
HuggingFaceTB--SmolLM3-3B,R_auroc_by_layer,34,0.9453125
HuggingFaceTB--SmolLM3-3B,R_auroc_by_layer,35,0.94734375
HuggingFaceTB--SmolLM3-3B,R_auroc_by_layer,36,0.94515625
Qwen--Qwen2.5-1.5B-Instruct,R_auroc_by_layer,0,0.5
Qwen--Qwen2.5-1.5B-Instruct,R_auroc_by_layer,1,0.58328125
Qwen--Qwen2.5-1.5B-Instruct,R_auroc_by_layer,2,0.63171875
Qwen--Qwen2.5-1.5B-Instruct,R_auroc_by_layer,3,0.61265625
Qwen--Qwen2.5-1.5B-Instruct,R_auroc_by_layer,4,0.63140625
Qwen--Qwen2.5-1.5B-Instruct,R_auroc_by_layer,5,0.62640625
Qwen--Qwen2.5-1.5B-Instruct,R_auroc_by_layer,6,0.6165625
Qwen--Qwen2.5-1.5B-Instruct,R_auroc_by_layer,7,0.62671875
Qwen--Qwen2.5-1.5B-Instruct,R_auroc_by_layer,8,0.61484375
Qwen--Qwen2.5-1.5B-Instruct,R_auroc_by_layer,9,0.61546875
Qwen--Qwen2.5-1.5B-Instruct,R_auroc_by_layer,10,0.63109375
Qwen--Qwen2.5-1.5B-Instruct,R_auroc_by_layer,11,0.67265625
Qwen--Qwen2.5-1.5B-Instruct,R_auroc_by_layer,12,0.71765625
Qwen--Qwen2.5-1.5B-Instruct,R_auroc_by_layer,13,0.74109375
Qwen--Qwen2.5-1.5B-Instruct,R_auroc_by_layer,14,0.855625
Qwen--Qwen2.5-1.5B-Instruct,R_auroc_by_layer,15,0.87203125
Qwen--Qwen2.5-1.5B-Instruct,R_auroc_by_layer,16,0.89140625
Qwen--Qwen2.5-1.5B-Instruct,R_auroc_by_layer,17,0.9090625
Qwen--Qwen2.5-1.5B-Instruct,R_auroc_by_layer,18,0.92515625
Qwen--Qwen2.5-1.5B-Instruct,R_auroc_by_layer,19,0.93265625
Qwen--Qwen2.5-1.5B-Instruct,R_auroc_by_layer,20,0.93109375
Qwen--Qwen2.5-1.5B-Instruct,R_auroc_by_layer,21,0.93171875
Qwen--Qwen2.5-1.5B-Instruct,R_auroc_by_layer,22,0.9315625
Qwen--Qwen2.5-1.5B-Instruct,R_auroc_by_layer,23,0.92859375
Qwen--Qwen2.5-1.5B-Instruct,R_auroc_by_layer,24,0.92390625
Qwen--Qwen2.5-1.5B-Instruct,R_auroc_by_layer,25,0.9265625
Qwen--Qwen2.5-1.5B-Instruct,R_auroc_by_layer,26,0.92484375
Qwen--Qwen2.5-1.5B-Instruct,R_auroc_by_layer,27,0.9225
Qwen--Qwen2.5-1.5B-Instruct,R_auroc_by_layer,28,0.9234375
Qwen--Qwen3-0.6B,R_auroc_by_layer,0,0.5
Qwen--Qwen3-0.6B,R_auroc_by_layer,1,0.63265625
Qwen--Qwen3-0.6B,R_auroc_by_layer,2,0.6053125
Qwen--Qwen3-0.6B,R_auroc_by_layer,3,0.64375
Qwen--Qwen3-0.6B,R_auroc_by_layer,4,0.5971875
Qwen--Qwen3-0.6B,R_auroc_by_layer,5,0.5784375
Qwen--Qwen3-0.6B,R_auroc_by_layer,6,0.59
Qwen--Qwen3-0.6B,R_auroc_by_layer,7,0.5775
Qwen--Qwen3-0.6B,R_auroc_by_layer,8,0.5553125
Qwen--Qwen3-0.6B,R_auroc_by_layer,9,0.5915625
Qwen--Qwen3-0.6B,R_auroc_by_layer,10,0.6159375
Qwen--Qwen3-0.6B,R_auroc_by_layer,11,0.6878125
Qwen--Qwen3-0.6B,R_auroc_by_layer,12,0.679375
Qwen--Qwen3-0.6B,R_auroc_by_layer,13,0.69765625
Qwen--Qwen3-0.6B,R_auroc_by_layer,14,0.705625
Qwen--Qwen3-0.6B,R_auroc_by_layer,15,0.77375
Qwen--Qwen3-0.6B,R_auroc_by_layer,16,0.86078125
Qwen--Qwen3-0.6B,R_auroc_by_layer,17,0.86265625
Qwen--Qwen3-0.6B,R_auroc_by_layer,18,0.8721875
Qwen--Qwen3-0.6B,R_auroc_by_layer,19,0.8746875
Qwen--Qwen3-0.6B,R_auroc_by_layer,20,0.86984375
Qwen--Qwen3-0.6B,R_auroc_by_layer,21,0.87734375
Qwen--Qwen3-0.6B,R_auroc_by_layer,22,0.87375
Qwen--Qwen3-0.6B,R_auroc_by_layer,23,0.8746875
Qwen--Qwen3-0.6B,R_auroc_by_layer,24,0.879375
Qwen--Qwen3-0.6B,R_auroc_by_layer,25,0.87453125
Qwen--Qwen3-0.6B,R_auroc_by_layer,26,0.875
Qwen--Qwen3-0.6B,R_auroc_by_layer,27,0.8715625
Qwen--Qwen3-0.6B,R_auroc_by_layer,28,0.8753125
Qwen--Qwen3-1.7B,R_auroc_by_layer,0,0.5
Qwen--Qwen3-1.7B,R_auroc_by_layer,1,0.6209375
Qwen--Qwen3-1.7B,R_auroc_by_layer,2,0.63109375
Qwen--Qwen3-1.7B,R_auroc_by_layer,3,0.59703125
Qwen--Qwen3-1.7B,R_auroc_by_layer,4,0.616875
Qwen--Qwen3-1.7B,R_auroc_by_layer,5,0.60984375
Qwen--Qwen3-1.7B,R_auroc_by_layer,6,0.60421875
Qwen--Qwen3-1.7B,R_auroc_by_layer,7,0.61359375
Qwen--Qwen3-1.7B,R_auroc_by_layer,8,0.614375
Qwen--Qwen3-1.7B,R_auroc_by_layer,9,0.62453125
Qwen--Qwen3-1.7B,R_auroc_by_layer,10,0.70359375
Qwen--Qwen3-1.7B,R_auroc_by_layer,11,0.73078125
Qwen--Qwen3-1.7B,R_auroc_by_layer,12,0.7803125
Qwen--Qwen3-1.7B,R_auroc_by_layer,13,0.8421875
Qwen--Qwen3-1.7B,R_auroc_by_layer,14,0.8675
Qwen--Qwen3-1.7B,R_auroc_by_layer,15,0.90078125
Qwen--Qwen3-1.7B,R_auroc_by_layer,16,0.92921875
Qwen--Qwen3-1.7B,R_auroc_by_layer,17,0.9321875
Qwen--Qwen3-1.7B,R_auroc_by_layer,18,0.9403125
Qwen--Qwen3-1.7B,R_auroc_by_layer,19,0.94140625
Qwen--Qwen3-1.7B,R_auroc_by_layer,20,0.93640625
Qwen--Qwen3-1.7B,R_auroc_by_layer,21,0.9353125
Qwen--Qwen3-1.7B,R_auroc_by_layer,22,0.9309375
Qwen--Qwen3-1.7B,R_auroc_by_layer,23,0.928125
Qwen--Qwen3-1.7B,R_auroc_by_layer,24,0.92828125
Qwen--Qwen3-1.7B,R_auroc_by_layer,25,0.92546875
Qwen--Qwen3-1.7B,R_auroc_by_layer,26,0.92234375
Qwen--Qwen3-1.7B,R_auroc_by_layer,27,0.924375
Qwen--Qwen3-1.7B,R_auroc_by_layer,28,0.9225
Qwen--Qwen3-4B,R_auroc_by_layer,0,0.5
Qwen--Qwen3-4B,R_auroc_by_layer,1,0.6253125
Qwen--Qwen3-4B,R_auroc_by_layer,2,0.609375
Qwen--Qwen3-4B,R_auroc_by_layer,3,0.61421875
Qwen--Qwen3-4B,R_auroc_by_layer,4,0.63
Qwen--Qwen3-4B,R_auroc_by_layer,5,0.62921875
Qwen--Qwen3-4B,R_auroc_by_layer,6,0.68390625
Qwen--Qwen3-4B,R_auroc_by_layer,7,0.66265625
Qwen--Qwen3-4B,R_auroc_by_layer,8,0.649375
Qwen--Qwen3-4B,R_auroc_by_layer,9,0.65109375
Qwen--Qwen3-4B,R_auroc_by_layer,10,0.67765625
Qwen--Qwen3-4B,R_auroc_by_layer,11,0.6815625
Qwen--Qwen3-4B,R_auroc_by_layer,12,0.7090625
Qwen--Qwen3-4B,R_auroc_by_layer,13,0.724375
Qwen--Qwen3-4B,R_auroc_by_layer,14,0.70171875
Qwen--Qwen3-4B,R_auroc_by_layer,15,0.7115625
Qwen--Qwen3-4B,R_auroc_by_layer,16,0.7025
Qwen--Qwen3-4B,R_auroc_by_layer,17,0.7259375
Qwen--Qwen3-4B,R_auroc_by_layer,18,0.78703125
Qwen--Qwen3-4B,R_auroc_by_layer,19,0.93546875
Qwen--Qwen3-4B,R_auroc_by_layer,20,0.9521875
Qwen--Qwen3-4B,R_auroc_by_layer,21,0.95375
Qwen--Qwen3-4B,R_auroc_by_layer,22,0.9540625
Qwen--Qwen3-4B,R_auroc_by_layer,23,0.95671875
Qwen--Qwen3-4B,R_auroc_by_layer,24,0.95765625
Qwen--Qwen3-4B,R_auroc_by_layer,25,0.9584375
Qwen--Qwen3-4B,R_auroc_by_layer,26,0.95734375
Qwen--Qwen3-4B,R_auroc_by_layer,27,0.9578125
Qwen--Qwen3-4B,R_auroc_by_layer,28,0.95625
Qwen--Qwen3-4B,R_auroc_by_layer,29,0.95640625
Qwen--Qwen3-4B,R_auroc_by_layer,30,0.9546875
Qwen--Qwen3-4B,R_auroc_by_layer,31,0.95234375
Qwen--Qwen3-4B,R_auroc_by_layer,32,0.9521875
Qwen--Qwen3-4B,R_auroc_by_layer,33,0.951875
Qwen--Qwen3-4B,R_auroc_by_layer,34,0.95109375
Qwen--Qwen3-4B,R_auroc_by_layer,35,0.94984375
Qwen--Qwen3-4B,R_auroc_by_layer,36,0.95125
Qwen--Qwen3-4B-Base,R_auroc_by_layer,0,0.5
Qwen--Qwen3-4B-Base,R_auroc_by_layer,1,0.62328125
Qwen--Qwen3-4B-Base,R_auroc_by_layer,2,0.611875
Qwen--Qwen3-4B-Base,R_auroc_by_layer,3,0.6178125
Qwen--Qwen3-4B-Base,R_auroc_by_layer,4,0.63203125
Qwen--Qwen3-4B-Base,R_auroc_by_layer,5,0.6353125
Qwen--Qwen3-4B-Base,R_auroc_by_layer,6,0.64796875
Qwen--Qwen3-4B-Base,R_auroc_by_layer,7,0.61078125
Qwen--Qwen3-4B-Base,R_auroc_by_layer,8,0.6328125
Qwen--Qwen3-4B-Base,R_auroc_by_layer,9,0.65796875
Qwen--Qwen3-4B-Base,R_auroc_by_layer,10,0.655
Qwen--Qwen3-4B-Base,R_auroc_by_layer,11,0.6484375
Qwen--Qwen3-4B-Base,R_auroc_by_layer,12,0.659375
Qwen--Qwen3-4B-Base,R_auroc_by_layer,13,0.6553125
Qwen--Qwen3-4B-Base,R_auroc_by_layer,14,0.6534375
Qwen--Qwen3-4B-Base,R_auroc_by_layer,15,0.6515625
Qwen--Qwen3-4B-Base,R_auroc_by_layer,16,0.65203125
Qwen--Qwen3-4B-Base,R_auroc_by_layer,17,0.64859375
Qwen--Qwen3-4B-Base,R_auroc_by_layer,18,0.64984375
Qwen--Qwen3-4B-Base,R_auroc_by_layer,19,0.6603125
Qwen--Qwen3-4B-Base,R_auroc_by_layer,20,0.64828125
Qwen--Qwen3-4B-Base,R_auroc_by_layer,21,0.639375
Qwen--Qwen3-4B-Base,R_auroc_by_layer,22,0.649375
Qwen--Qwen3-4B-Base,R_auroc_by_layer,23,0.675
Qwen--Qwen3-4B-Base,R_auroc_by_layer,24,0.66515625
Qwen--Qwen3-4B-Base,R_auroc_by_layer,25,0.66171875
Qwen--Qwen3-4B-Base,R_auroc_by_layer,26,0.6584375
Qwen--Qwen3-4B-Base,R_auroc_by_layer,27,0.6603125
Qwen--Qwen3-4B-Base,R_auroc_by_layer,28,0.67109375
Qwen--Qwen3-4B-Base,R_auroc_by_layer,29,0.66359375
Qwen--Qwen3-4B-Base,R_auroc_by_layer,30,0.65578125
Qwen--Qwen3-4B-Base,R_auroc_by_layer,31,0.6621875
Qwen--Qwen3-4B-Base,R_auroc_by_layer,32,0.67921875
Qwen--Qwen3-4B-Base,R_auroc_by_layer,33,0.69453125
Qwen--Qwen3-4B-Base,R_auroc_by_layer,34,0.7034375
Qwen--Qwen3-4B-Base,R_auroc_by_layer,35,0.7078125
Qwen--Qwen3-4B-Base,R_auroc_by_layer,36,0.701875
Qwen--Qwen3-4B-SafeRL,R_auroc_by_layer,0,0.5
Qwen--Qwen3-4B-SafeRL,R_auroc_by_layer,1,0.6259375
Qwen--Qwen3-4B-SafeRL,R_auroc_by_layer,2,0.59984375
Qwen--Qwen3-4B-SafeRL,R_auroc_by_layer,3,0.60828125
Qwen--Qwen3-4B-SafeRL,R_auroc_by_layer,4,0.62734375
Qwen--Qwen3-4B-SafeRL,R_auroc_by_layer,5,0.63640625
Qwen--Qwen3-4B-SafeRL,R_auroc_by_layer,6,0.6771875
Qwen--Qwen3-4B-SafeRL,R_auroc_by_layer,7,0.65265625
Qwen--Qwen3-4B-SafeRL,R_auroc_by_layer,8,0.6425
Qwen--Qwen3-4B-SafeRL,R_auroc_by_layer,9,0.649375
Qwen--Qwen3-4B-SafeRL,R_auroc_by_layer,10,0.67453125
Qwen--Qwen3-4B-SafeRL,R_auroc_by_layer,11,0.67390625
Qwen--Qwen3-4B-SafeRL,R_auroc_by_layer,12,0.7015625
Qwen--Qwen3-4B-SafeRL,R_auroc_by_layer,13,0.72265625
Qwen--Qwen3-4B-SafeRL,R_auroc_by_layer,14,0.6909375
Qwen--Qwen3-4B-SafeRL,R_auroc_by_layer,15,0.70125
Qwen--Qwen3-4B-SafeRL,R_auroc_by_layer,16,0.69453125
Qwen--Qwen3-4B-SafeRL,R_auroc_by_layer,17,0.69359375
Qwen--Qwen3-4B-SafeRL,R_auroc_by_layer,18,0.77890625
Qwen--Qwen3-4B-SafeRL,R_auroc_by_layer,19,0.95421875
Qwen--Qwen3-4B-SafeRL,R_auroc_by_layer,20,0.96484375
Qwen--Qwen3-4B-SafeRL,R_auroc_by_layer,21,0.96703125
Qwen--Qwen3-4B-SafeRL,R_auroc_by_layer,22,0.965
Qwen--Qwen3-4B-SafeRL,R_auroc_by_layer,23,0.96859375
Qwen--Qwen3-4B-SafeRL,R_auroc_by_layer,24,0.9684375
Qwen--Qwen3-4B-SafeRL,R_auroc_by_layer,25,0.9665625
Qwen--Qwen3-4B-SafeRL,R_auroc_by_layer,26,0.96609375
Qwen--Qwen3-4B-SafeRL,R_auroc_by_layer,27,0.968125
Qwen--Qwen3-4B-SafeRL,R_auroc_by_layer,28,0.96640625
Qwen--Qwen3-4B-SafeRL,R_auroc_by_layer,29,0.96625
Qwen--Qwen3-4B-SafeRL,R_auroc_by_layer,30,0.96578125
Qwen--Qwen3-4B-SafeRL,R_auroc_by_layer,31,0.96390625
Qwen--Qwen3-4B-SafeRL,R_auroc_by_layer,32,0.9621875
Qwen--Qwen3-4B-SafeRL,R_auroc_by_layer,33,0.96046875
Qwen--Qwen3-4B-SafeRL,R_auroc_by_layer,34,0.95859375
Qwen--Qwen3-4B-SafeRL,R_auroc_by_layer,35,0.95625
Qwen--Qwen3-4B-SafeRL,R_auroc_by_layer,36,0.9540625
RandInit-Qwen3-0.6B,R_auroc_by_layer,0,0.5
RandInit-Qwen3-0.6B,R_auroc_by_layer,1,0.62796875
RandInit-Qwen3-0.6B,R_auroc_by_layer,2,0.62890625
RandInit-Qwen3-0.6B,R_auroc_by_layer,3,0.6340625
RandInit-Qwen3-0.6B,R_auroc_by_layer,4,0.639375
RandInit-Qwen3-0.6B,R_auroc_by_layer,5,0.63484375
RandInit-Qwen3-0.6B,R_auroc_by_layer,6,0.64078125
RandInit-Qwen3-0.6B,R_auroc_by_layer,7,0.6365625
RandInit-Qwen3-0.6B,R_auroc_by_layer,8,0.6403125
RandInit-Qwen3-0.6B,R_auroc_by_layer,9,0.630625
RandInit-Qwen3-0.6B,R_auroc_by_layer,10,0.626875
RandInit-Qwen3-0.6B,R_auroc_by_layer,11,0.63328125
RandInit-Qwen3-0.6B,R_auroc_by_layer,12,0.6284375
RandInit-Qwen3-0.6B,R_auroc_by_layer,13,0.62625
RandInit-Qwen3-0.6B,R_auroc_by_layer,14,0.62546875
RandInit-Qwen3-0.6B,R_auroc_by_layer,15,0.62703125
RandInit-Qwen3-0.6B,R_auroc_by_layer,16,0.62125
RandInit-Qwen3-0.6B,R_auroc_by_layer,17,0.615
RandInit-Qwen3-0.6B,R_auroc_by_layer,18,0.61703125
RandInit-Qwen3-0.6B,R_auroc_by_layer,19,0.61609375
RandInit-Qwen3-0.6B,R_auroc_by_layer,20,0.61859375
RandInit-Qwen3-0.6B,R_auroc_by_layer,21,0.61921875
RandInit-Qwen3-0.6B,R_auroc_by_layer,22,0.6215625
RandInit-Qwen3-0.6B,R_auroc_by_layer,23,0.61671875
RandInit-Qwen3-0.6B,R_auroc_by_layer,24,0.61671875
RandInit-Qwen3-0.6B,R_auroc_by_layer,25,0.6115625
RandInit-Qwen3-0.6B,R_auroc_by_layer,26,0.609375
RandInit-Qwen3-0.6B,R_auroc_by_layer,27,0.608125
RandInit-Qwen3-0.6B,R_auroc_by_layer,28,0.6075
TinyLlama--TinyLlama-1.1B-Chat-v1.0,R_auroc_by_layer,0,0.5
TinyLlama--TinyLlama-1.1B-Chat-v1.0,R_auroc_by_layer,1,0.61953125
TinyLlama--TinyLlama-1.1B-Chat-v1.0,R_auroc_by_layer,2,0.6225
TinyLlama--TinyLlama-1.1B-Chat-v1.0,R_auroc_by_layer,3,0.631875
TinyLlama--TinyLlama-1.1B-Chat-v1.0,R_auroc_by_layer,4,0.62375
TinyLlama--TinyLlama-1.1B-Chat-v1.0,R_auroc_by_layer,5,0.62515625
TinyLlama--TinyLlama-1.1B-Chat-v1.0,R_auroc_by_layer,6,0.63
TinyLlama--TinyLlama-1.1B-Chat-v1.0,R_auroc_by_layer,7,0.64015625
TinyLlama--TinyLlama-1.1B-Chat-v1.0,R_auroc_by_layer,8,0.60546875
TinyLlama--TinyLlama-1.1B-Chat-v1.0,R_auroc_by_layer,9,0.5775
TinyLlama--TinyLlama-1.1B-Chat-v1.0,R_auroc_by_layer,10,0.6334375
TinyLlama--TinyLlama-1.1B-Chat-v1.0,R_auroc_by_layer,11,0.66578125
TinyLlama--TinyLlama-1.1B-Chat-v1.0,R_auroc_by_layer,12,0.66703125
TinyLlama--TinyLlama-1.1B-Chat-v1.0,R_auroc_by_layer,13,0.68796875
TinyLlama--TinyLlama-1.1B-Chat-v1.0,R_auroc_by_layer,14,0.720625
TinyLlama--TinyLlama-1.1B-Chat-v1.0,R_auroc_by_layer,15,0.69484375
TinyLlama--TinyLlama-1.1B-Chat-v1.0,R_auroc_by_layer,16,0.68796875
TinyLlama--TinyLlama-1.1B-Chat-v1.0,R_auroc_by_layer,17,0.70546875
TinyLlama--TinyLlama-1.1B-Chat-v1.0,R_auroc_by_layer,18,0.69703125
TinyLlama--TinyLlama-1.1B-Chat-v1.0,R_auroc_by_layer,19,0.69828125
TinyLlama--TinyLlama-1.1B-Chat-v1.0,R_auroc_by_layer,20,0.68828125
TinyLlama--TinyLlama-1.1B-Chat-v1.0,R_auroc_by_layer,21,0.68140625
TinyLlama--TinyLlama-1.1B-Chat-v1.0,R_auroc_by_layer,22,0.69828125
allenai--OLMo-2-0425-1B,R_auroc_by_layer,0,0.48078125
allenai--OLMo-2-0425-1B,R_auroc_by_layer,1,0.5590625
allenai--OLMo-2-0425-1B,R_auroc_by_layer,2,0.5665625
allenai--OLMo-2-0425-1B,R_auroc_by_layer,3,0.6053125
allenai--OLMo-2-0425-1B,R_auroc_by_layer,4,0.6315625
allenai--OLMo-2-0425-1B,R_auroc_by_layer,5,0.67125
allenai--OLMo-2-0425-1B,R_auroc_by_layer,6,0.70546875
allenai--OLMo-2-0425-1B,R_auroc_by_layer,7,0.6928125
allenai--OLMo-2-0425-1B,R_auroc_by_layer,8,0.72515625
allenai--OLMo-2-0425-1B,R_auroc_by_layer,9,0.79390625
allenai--OLMo-2-0425-1B,R_auroc_by_layer,10,0.75953125
allenai--OLMo-2-0425-1B,R_auroc_by_layer,11,0.7334375
allenai--OLMo-2-0425-1B,R_auroc_by_layer,12,0.7246875
allenai--OLMo-2-0425-1B,R_auroc_by_layer,13,0.718125
allenai--OLMo-2-0425-1B,R_auroc_by_layer,14,0.7215625
allenai--OLMo-2-0425-1B,R_auroc_by_layer,15,0.70703125
allenai--OLMo-2-0425-1B,R_auroc_by_layer,16,0.72734375
allenai--OLMo-2-0425-1B-Instruct,R_auroc_by_layer,0,0.5
allenai--OLMo-2-0425-1B-Instruct,R_auroc_by_layer,1,0.6465625
allenai--OLMo-2-0425-1B-Instruct,R_auroc_by_layer,2,0.64015625
allenai--OLMo-2-0425-1B-Instruct,R_auroc_by_layer,3,0.61171875
allenai--OLMo-2-0425-1B-Instruct,R_auroc_by_layer,4,0.63203125
allenai--OLMo-2-0425-1B-Instruct,R_auroc_by_layer,5,0.6628125
allenai--OLMo-2-0425-1B-Instruct,R_auroc_by_layer,6,0.7375
allenai--OLMo-2-0425-1B-Instruct,R_auroc_by_layer,7,0.7421875
allenai--OLMo-2-0425-1B-Instruct,R_auroc_by_layer,8,0.93875
allenai--OLMo-2-0425-1B-Instruct,R_auroc_by_layer,9,0.94796875
allenai--OLMo-2-0425-1B-Instruct,R_auroc_by_layer,10,0.953125
allenai--OLMo-2-0425-1B-Instruct,R_auroc_by_layer,11,0.9440625
allenai--OLMo-2-0425-1B-Instruct,R_auroc_by_layer,12,0.9484375
allenai--OLMo-2-0425-1B-Instruct,R_auroc_by_layer,13,0.94703125
allenai--OLMo-2-0425-1B-Instruct,R_auroc_by_layer,14,0.9490625
allenai--OLMo-2-0425-1B-Instruct,R_auroc_by_layer,15,0.94671875
allenai--OLMo-2-0425-1B-Instruct,R_auroc_by_layer,16,0.94484375
hereticness--heretic_stablelm-2-1_6b-chat,R_auroc_by_layer,0,0.5
hereticness--heretic_stablelm-2-1_6b-chat,R_auroc_by_layer,1,0.64890625
hereticness--heretic_stablelm-2-1_6b-chat,R_auroc_by_layer,2,0.6190625
hereticness--heretic_stablelm-2-1_6b-chat,R_auroc_by_layer,3,0.6240625
hereticness--heretic_stablelm-2-1_6b-chat,R_auroc_by_layer,4,0.631875
hereticness--heretic_stablelm-2-1_6b-chat,R_auroc_by_layer,5,0.6578125
hereticness--heretic_stablelm-2-1_6b-chat,R_auroc_by_layer,6,0.63625
hereticness--heretic_stablelm-2-1_6b-chat,R_auroc_by_layer,7,0.629375
hereticness--heretic_stablelm-2-1_6b-chat,R_auroc_by_layer,8,0.63140625
hereticness--heretic_stablelm-2-1_6b-chat,R_auroc_by_layer,9,0.65796875
hereticness--heretic_stablelm-2-1_6b-chat,R_auroc_by_layer,10,0.69390625
hereticness--heretic_stablelm-2-1_6b-chat,R_auroc_by_layer,11,0.75703125
hereticness--heretic_stablelm-2-1_6b-chat,R_auroc_by_layer,12,0.755
hereticness--heretic_stablelm-2-1_6b-chat,R_auroc_by_layer,13,0.81921875
hereticness--heretic_stablelm-2-1_6b-chat,R_auroc_by_layer,14,0.85265625
hereticness--heretic_stablelm-2-1_6b-chat,R_auroc_by_layer,15,0.8515625
hereticness--heretic_stablelm-2-1_6b-chat,R_auroc_by_layer,16,0.8453125
hereticness--heretic_stablelm-2-1_6b-chat,R_auroc_by_layer,17,0.8340625
hereticness--heretic_stablelm-2-1_6b-chat,R_auroc_by_layer,18,0.83890625
hereticness--heretic_stablelm-2-1_6b-chat,R_auroc_by_layer,19,0.82921875
hereticness--heretic_stablelm-2-1_6b-chat,R_auroc_by_layer,20,0.82921875
hereticness--heretic_stablelm-2-1_6b-chat,R_auroc_by_layer,21,0.83421875
hereticness--heretic_stablelm-2-1_6b-chat,R_auroc_by_layer,22,0.8178125
hereticness--heretic_stablelm-2-1_6b-chat,R_auroc_by_layer,23,0.81671875
hereticness--heretic_stablelm-2-1_6b-chat,R_auroc_by_layer,24,0.8259375
huihui-ai--Huihui-Qwen3-0.6B-abliterated-v2,R_auroc_by_layer,0,0.5
huihui-ai--Huihui-Qwen3-0.6B-abliterated-v2,R_auroc_by_layer,1,0.630625
huihui-ai--Huihui-Qwen3-0.6B-abliterated-v2,R_auroc_by_layer,2,0.61484375
huihui-ai--Huihui-Qwen3-0.6B-abliterated-v2,R_auroc_by_layer,3,0.63125
huihui-ai--Huihui-Qwen3-0.6B-abliterated-v2,R_auroc_by_layer,4,0.60109375
huihui-ai--Huihui-Qwen3-0.6B-abliterated-v2,R_auroc_by_layer,5,0.601875
huihui-ai--Huihui-Qwen3-0.6B-abliterated-v2,R_auroc_by_layer,6,0.6009375
huihui-ai--Huihui-Qwen3-0.6B-abliterated-v2,R_auroc_by_layer,7,0.61484375
huihui-ai--Huihui-Qwen3-0.6B-abliterated-v2,R_auroc_by_layer,8,0.59
huihui-ai--Huihui-Qwen3-0.6B-abliterated-v2,R_auroc_by_layer,9,0.62859375
huihui-ai--Huihui-Qwen3-0.6B-abliterated-v2,R_auroc_by_layer,10,0.621875
huihui-ai--Huihui-Qwen3-0.6B-abliterated-v2,R_auroc_by_layer,11,0.68125
huihui-ai--Huihui-Qwen3-0.6B-abliterated-v2,R_auroc_by_layer,12,0.7025
huihui-ai--Huihui-Qwen3-0.6B-abliterated-v2,R_auroc_by_layer,13,0.6971875
huihui-ai--Huihui-Qwen3-0.6B-abliterated-v2,R_auroc_by_layer,14,0.68140625
huihui-ai--Huihui-Qwen3-0.6B-abliterated-v2,R_auroc_by_layer,15,0.7271875
huihui-ai--Huihui-Qwen3-0.6B-abliterated-v2,R_auroc_by_layer,16,0.8434375
huihui-ai--Huihui-Qwen3-0.6B-abliterated-v2,R_auroc_by_layer,17,0.83109375
huihui-ai--Huihui-Qwen3-0.6B-abliterated-v2,R_auroc_by_layer,18,0.8071875
huihui-ai--Huihui-Qwen3-0.6B-abliterated-v2,R_auroc_by_layer,19,0.79203125
huihui-ai--Huihui-Qwen3-0.6B-abliterated-v2,R_auroc_by_layer,20,0.785
huihui-ai--Huihui-Qwen3-0.6B-abliterated-v2,R_auroc_by_layer,21,0.79703125
huihui-ai--Huihui-Qwen3-0.6B-abliterated-v2,R_auroc_by_layer,22,0.77296875
huihui-ai--Huihui-Qwen3-0.6B-abliterated-v2,R_auroc_by_layer,23,0.77125
huihui-ai--Huihui-Qwen3-0.6B-abliterated-v2,R_auroc_by_layer,24,0.76234375
huihui-ai--Huihui-Qwen3-0.6B-abliterated-v2,R_auroc_by_layer,25,0.74265625
huihui-ai--Huihui-Qwen3-0.6B-abliterated-v2,R_auroc_by_layer,26,0.73484375
huihui-ai--Huihui-Qwen3-0.6B-abliterated-v2,R_auroc_by_layer,27,0.706875
huihui-ai--Huihui-Qwen3-0.6B-abliterated-v2,R_auroc_by_layer,28,0.74359375
huihui-ai--Huihui-Qwen3-1.7B-abliterated-v2,R_auroc_by_layer,0,0.5
huihui-ai--Huihui-Qwen3-1.7B-abliterated-v2,R_auroc_by_layer,1,0.621875
huihui-ai--Huihui-Qwen3-1.7B-abliterated-v2,R_auroc_by_layer,2,0.6375
huihui-ai--Huihui-Qwen3-1.7B-abliterated-v2,R_auroc_by_layer,3,0.6015625
huihui-ai--Huihui-Qwen3-1.7B-abliterated-v2,R_auroc_by_layer,4,0.6165625
huihui-ai--Huihui-Qwen3-1.7B-abliterated-v2,R_auroc_by_layer,5,0.60515625
huihui-ai--Huihui-Qwen3-1.7B-abliterated-v2,R_auroc_by_layer,6,0.6021875
huihui-ai--Huihui-Qwen3-1.7B-abliterated-v2,R_auroc_by_layer,7,0.61390625
huihui-ai--Huihui-Qwen3-1.7B-abliterated-v2,R_auroc_by_layer,8,0.61546875
huihui-ai--Huihui-Qwen3-1.7B-abliterated-v2,R_auroc_by_layer,9,0.6153125
huihui-ai--Huihui-Qwen3-1.7B-abliterated-v2,R_auroc_by_layer,10,0.64015625
huihui-ai--Huihui-Qwen3-1.7B-abliterated-v2,R_auroc_by_layer,11,0.65046875
huihui-ai--Huihui-Qwen3-1.7B-abliterated-v2,R_auroc_by_layer,12,0.69859375
huihui-ai--Huihui-Qwen3-1.7B-abliterated-v2,R_auroc_by_layer,13,0.694375
huihui-ai--Huihui-Qwen3-1.7B-abliterated-v2,R_auroc_by_layer,14,0.7053125
huihui-ai--Huihui-Qwen3-1.7B-abliterated-v2,R_auroc_by_layer,15,0.73109375
huihui-ai--Huihui-Qwen3-1.7B-abliterated-v2,R_auroc_by_layer,16,0.8140625
huihui-ai--Huihui-Qwen3-1.7B-abliterated-v2,R_auroc_by_layer,17,0.79828125
huihui-ai--Huihui-Qwen3-1.7B-abliterated-v2,R_auroc_by_layer,18,0.768125
huihui-ai--Huihui-Qwen3-1.7B-abliterated-v2,R_auroc_by_layer,19,0.76921875
huihui-ai--Huihui-Qwen3-1.7B-abliterated-v2,R_auroc_by_layer,20,0.77375
huihui-ai--Huihui-Qwen3-1.7B-abliterated-v2,R_auroc_by_layer,21,0.773125
huihui-ai--Huihui-Qwen3-1.7B-abliterated-v2,R_auroc_by_layer,22,0.7675
huihui-ai--Huihui-Qwen3-1.7B-abliterated-v2,R_auroc_by_layer,23,0.75734375
huihui-ai--Huihui-Qwen3-1.7B-abliterated-v2,R_auroc_by_layer,24,0.7421875
huihui-ai--Huihui-Qwen3-1.7B-abliterated-v2,R_auroc_by_layer,25,0.74375
huihui-ai--Huihui-Qwen3-1.7B-abliterated-v2,R_auroc_by_layer,26,0.7303125
huihui-ai--Huihui-Qwen3-1.7B-abliterated-v2,R_auroc_by_layer,27,0.72671875
huihui-ai--Huihui-Qwen3-1.7B-abliterated-v2,R_auroc_by_layer,28,0.7371875
ibm-granite--granite-3.2-2b-instruct,R_auroc_by_layer,0,0.5
ibm-granite--granite-3.2-2b-instruct,R_auroc_by_layer,1,0.58546875
ibm-granite--granite-3.2-2b-instruct,R_auroc_by_layer,2,0.58625
ibm-granite--granite-3.2-2b-instruct,R_auroc_by_layer,3,0.60828125
ibm-granite--granite-3.2-2b-instruct,R_auroc_by_layer,4,0.613125
ibm-granite--granite-3.2-2b-instruct,R_auroc_by_layer,5,0.630625
ibm-granite--granite-3.2-2b-instruct,R_auroc_by_layer,6,0.659375
ibm-granite--granite-3.2-2b-instruct,R_auroc_by_layer,7,0.62984375
ibm-granite--granite-3.2-2b-instruct,R_auroc_by_layer,8,0.66296875
ibm-granite--granite-3.2-2b-instruct,R_auroc_by_layer,9,0.6715625
ibm-granite--granite-3.2-2b-instruct,R_auroc_by_layer,10,0.69
ibm-granite--granite-3.2-2b-instruct,R_auroc_by_layer,11,0.7446875
ibm-granite--granite-3.2-2b-instruct,R_auroc_by_layer,12,0.74046875
ibm-granite--granite-3.2-2b-instruct,R_auroc_by_layer,13,0.77640625
ibm-granite--granite-3.2-2b-instruct,R_auroc_by_layer,14,0.9140625
ibm-granite--granite-3.2-2b-instruct,R_auroc_by_layer,15,0.9203125
ibm-granite--granite-3.2-2b-instruct,R_auroc_by_layer,16,0.92734375
ibm-granite--granite-3.2-2b-instruct,R_auroc_by_layer,17,0.92765625
ibm-granite--granite-3.2-2b-instruct,R_auroc_by_layer,18,0.9265625
ibm-granite--granite-3.2-2b-instruct,R_auroc_by_layer,19,0.93125
ibm-granite--granite-3.2-2b-instruct,R_auroc_by_layer,20,0.93484375
ibm-granite--granite-3.2-2b-instruct,R_auroc_by_layer,21,0.94171875
ibm-granite--granite-3.2-2b-instruct,R_auroc_by_layer,22,0.94578125
ibm-granite--granite-3.2-2b-instruct,R_auroc_by_layer,23,0.9475
ibm-granite--granite-3.2-2b-instruct,R_auroc_by_layer,24,0.9478125
ibm-granite--granite-3.2-2b-instruct,R_auroc_by_layer,25,0.95015625
ibm-granite--granite-3.2-2b-instruct,R_auroc_by_layer,26,0.948125
ibm-granite--granite-3.2-2b-instruct,R_auroc_by_layer,27,0.948125
ibm-granite--granite-3.2-2b-instruct,R_auroc_by_layer,28,0.94765625
ibm-granite--granite-3.2-2b-instruct,R_auroc_by_layer,29,0.94921875
ibm-granite--granite-3.2-2b-instruct,R_auroc_by_layer,30,0.94671875
ibm-granite--granite-3.2-2b-instruct,R_auroc_by_layer,31,0.946875
ibm-granite--granite-3.2-2b-instruct,R_auroc_by_layer,32,0.9459375
ibm-granite--granite-3.2-2b-instruct,R_auroc_by_layer,33,0.9475
ibm-granite--granite-3.2-2b-instruct,R_auroc_by_layer,34,0.949375
ibm-granite--granite-3.2-2b-instruct,R_auroc_by_layer,35,0.9509375
ibm-granite--granite-3.2-2b-instruct,R_auroc_by_layer,36,0.95203125
ibm-granite--granite-3.2-2b-instruct,R_auroc_by_layer,37,0.95328125
ibm-granite--granite-3.2-2b-instruct,R_auroc_by_layer,38,0.95234375
ibm-granite--granite-3.2-2b-instruct,R_auroc_by_layer,39,0.95390625
ibm-granite--granite-3.2-2b-instruct,R_auroc_by_layer,40,0.96203125
lunahr--Phi-4-mini-instruct-abliterated,R_auroc_by_layer,0,0.5
lunahr--Phi-4-mini-instruct-abliterated,R_auroc_by_layer,1,0.5996875
lunahr--Phi-4-mini-instruct-abliterated,R_auroc_by_layer,2,0.62296875
lunahr--Phi-4-mini-instruct-abliterated,R_auroc_by_layer,3,0.609375
lunahr--Phi-4-mini-instruct-abliterated,R_auroc_by_layer,4,0.64796875
lunahr--Phi-4-mini-instruct-abliterated,R_auroc_by_layer,5,0.6475
lunahr--Phi-4-mini-instruct-abliterated,R_auroc_by_layer,6,0.65828125
lunahr--Phi-4-mini-instruct-abliterated,R_auroc_by_layer,7,0.68328125
lunahr--Phi-4-mini-instruct-abliterated,R_auroc_by_layer,8,0.71171875
lunahr--Phi-4-mini-instruct-abliterated,R_auroc_by_layer,9,0.69375
lunahr--Phi-4-mini-instruct-abliterated,R_auroc_by_layer,10,0.74
lunahr--Phi-4-mini-instruct-abliterated,R_auroc_by_layer,11,0.81015625
lunahr--Phi-4-mini-instruct-abliterated,R_auroc_by_layer,12,0.819375
lunahr--Phi-4-mini-instruct-abliterated,R_auroc_by_layer,13,0.87609375
lunahr--Phi-4-mini-instruct-abliterated,R_auroc_by_layer,14,0.9315625
lunahr--Phi-4-mini-instruct-abliterated,R_auroc_by_layer,15,0.9359375
lunahr--Phi-4-mini-instruct-abliterated,R_auroc_by_layer,16,0.934375
lunahr--Phi-4-mini-instruct-abliterated,R_auroc_by_layer,17,0.9375
lunahr--Phi-4-mini-instruct-abliterated,R_auroc_by_layer,18,0.93453125
lunahr--Phi-4-mini-instruct-abliterated,R_auroc_by_layer,19,0.9353125
lunahr--Phi-4-mini-instruct-abliterated,R_auroc_by_layer,20,0.934375
lunahr--Phi-4-mini-instruct-abliterated,R_auroc_by_layer,21,0.93015625
lunahr--Phi-4-mini-instruct-abliterated,R_auroc_by_layer,22,0.92265625
lunahr--Phi-4-mini-instruct-abliterated,R_auroc_by_layer,23,0.9115625
lunahr--Phi-4-mini-instruct-abliterated,R_auroc_by_layer,24,0.911875
lunahr--Phi-4-mini-instruct-abliterated,R_auroc_by_layer,25,0.91109375
lunahr--Phi-4-mini-instruct-abliterated,R_auroc_by_layer,26,0.8953125
lunahr--Phi-4-mini-instruct-abliterated,R_auroc_by_layer,27,0.90421875
lunahr--Phi-4-mini-instruct-abliterated,R_auroc_by_layer,28,0.89890625
lunahr--Phi-4-mini-instruct-abliterated,R_auroc_by_layer,29,0.89625
lunahr--Phi-4-mini-instruct-abliterated,R_auroc_by_layer,30,0.903125
lunahr--Phi-4-mini-instruct-abliterated,R_auroc_by_layer,31,0.8971875
lunahr--Phi-4-mini-instruct-abliterated,R_auroc_by_layer,32,0.89859375
microsoft--Phi-4-mini-instruct,R_auroc_by_layer,0,0.5
microsoft--Phi-4-mini-instruct,R_auroc_by_layer,1,0.5996875
microsoft--Phi-4-mini-instruct,R_auroc_by_layer,2,0.62296875
microsoft--Phi-4-mini-instruct,R_auroc_by_layer,3,0.609375
microsoft--Phi-4-mini-instruct,R_auroc_by_layer,4,0.64890625
microsoft--Phi-4-mini-instruct,R_auroc_by_layer,5,0.64625
microsoft--Phi-4-mini-instruct,R_auroc_by_layer,6,0.65984375
microsoft--Phi-4-mini-instruct,R_auroc_by_layer,7,0.6946875
microsoft--Phi-4-mini-instruct,R_auroc_by_layer,8,0.72703125
microsoft--Phi-4-mini-instruct,R_auroc_by_layer,9,0.714375
microsoft--Phi-4-mini-instruct,R_auroc_by_layer,10,0.76921875
microsoft--Phi-4-mini-instruct,R_auroc_by_layer,11,0.86546875
microsoft--Phi-4-mini-instruct,R_auroc_by_layer,12,0.85453125
microsoft--Phi-4-mini-instruct,R_auroc_by_layer,13,0.89171875
microsoft--Phi-4-mini-instruct,R_auroc_by_layer,14,0.955
microsoft--Phi-4-mini-instruct,R_auroc_by_layer,15,0.9615625
microsoft--Phi-4-mini-instruct,R_auroc_by_layer,16,0.96140625
microsoft--Phi-4-mini-instruct,R_auroc_by_layer,17,0.965
microsoft--Phi-4-mini-instruct,R_auroc_by_layer,18,0.96609375
microsoft--Phi-4-mini-instruct,R_auroc_by_layer,19,0.96859375
microsoft--Phi-4-mini-instruct,R_auroc_by_layer,20,0.96875
microsoft--Phi-4-mini-instruct,R_auroc_by_layer,21,0.97171875
microsoft--Phi-4-mini-instruct,R_auroc_by_layer,22,0.9675
microsoft--Phi-4-mini-instruct,R_auroc_by_layer,23,0.96671875
microsoft--Phi-4-mini-instruct,R_auroc_by_layer,24,0.9675
microsoft--Phi-4-mini-instruct,R_auroc_by_layer,25,0.965
microsoft--Phi-4-mini-instruct,R_auroc_by_layer,26,0.96265625
microsoft--Phi-4-mini-instruct,R_auroc_by_layer,27,0.96234375
microsoft--Phi-4-mini-instruct,R_auroc_by_layer,28,0.9628125
microsoft--Phi-4-mini-instruct,R_auroc_by_layer,29,0.96296875
microsoft--Phi-4-mini-instruct,R_auroc_by_layer,30,0.96359375
microsoft--Phi-4-mini-instruct,R_auroc_by_layer,31,0.96484375
microsoft--Phi-4-mini-instruct,R_auroc_by_layer,32,0.969375
mlabonne--Qwen3-4B-abliterated,R_auroc_by_layer,0,0.5
mlabonne--Qwen3-4B-abliterated,R_auroc_by_layer,1,0.62984375
mlabonne--Qwen3-4B-abliterated,R_auroc_by_layer,2,0.60875
mlabonne--Qwen3-4B-abliterated,R_auroc_by_layer,3,0.61453125
mlabonne--Qwen3-4B-abliterated,R_auroc_by_layer,4,0.625625
mlabonne--Qwen3-4B-abliterated,R_auroc_by_layer,5,0.63484375
mlabonne--Qwen3-4B-abliterated,R_auroc_by_layer,6,0.6865625
mlabonne--Qwen3-4B-abliterated,R_auroc_by_layer,7,0.660625
mlabonne--Qwen3-4B-abliterated,R_auroc_by_layer,8,0.65859375
mlabonne--Qwen3-4B-abliterated,R_auroc_by_layer,9,0.6565625
mlabonne--Qwen3-4B-abliterated,R_auroc_by_layer,10,0.66828125
mlabonne--Qwen3-4B-abliterated,R_auroc_by_layer,11,0.67796875
mlabonne--Qwen3-4B-abliterated,R_auroc_by_layer,12,0.7096875
mlabonne--Qwen3-4B-abliterated,R_auroc_by_layer,13,0.7184375
mlabonne--Qwen3-4B-abliterated,R_auroc_by_layer,14,0.69765625
mlabonne--Qwen3-4B-abliterated,R_auroc_by_layer,15,0.70984375
mlabonne--Qwen3-4B-abliterated,R_auroc_by_layer,16,0.70375
mlabonne--Qwen3-4B-abliterated,R_auroc_by_layer,17,0.7071875
mlabonne--Qwen3-4B-abliterated,R_auroc_by_layer,18,0.765625
mlabonne--Qwen3-4B-abliterated,R_auroc_by_layer,19,0.9046875
mlabonne--Qwen3-4B-abliterated,R_auroc_by_layer,20,0.928125
mlabonne--Qwen3-4B-abliterated,R_auroc_by_layer,21,0.8996875
mlabonne--Qwen3-4B-abliterated,R_auroc_by_layer,22,0.878125
mlabonne--Qwen3-4B-abliterated,R_auroc_by_layer,23,0.88
mlabonne--Qwen3-4B-abliterated,R_auroc_by_layer,24,0.88640625
mlabonne--Qwen3-4B-abliterated,R_auroc_by_layer,25,0.85109375
mlabonne--Qwen3-4B-abliterated,R_auroc_by_layer,26,0.8465625
mlabonne--Qwen3-4B-abliterated,R_auroc_by_layer,27,0.84734375
mlabonne--Qwen3-4B-abliterated,R_auroc_by_layer,28,0.84515625
mlabonne--Qwen3-4B-abliterated,R_auroc_by_layer,29,0.836875
mlabonne--Qwen3-4B-abliterated,R_auroc_by_layer,30,0.81
mlabonne--Qwen3-4B-abliterated,R_auroc_by_layer,31,0.79859375
mlabonne--Qwen3-4B-abliterated,R_auroc_by_layer,32,0.796875
mlabonne--Qwen3-4B-abliterated,R_auroc_by_layer,33,0.77515625
mlabonne--Qwen3-4B-abliterated,R_auroc_by_layer,34,0.7665625
mlabonne--Qwen3-4B-abliterated,R_auroc_by_layer,35,0.7621875
mlabonne--Qwen3-4B-abliterated,R_auroc_by_layer,36,0.785625
mlx-community--SmolLM3-3B-abliterated-bf16,R_auroc_by_layer,0,0.5
mlx-community--SmolLM3-3B-abliterated-bf16,R_auroc_by_layer,1,0.56640625
mlx-community--SmolLM3-3B-abliterated-bf16,R_auroc_by_layer,2,0.601875
mlx-community--SmolLM3-3B-abliterated-bf16,R_auroc_by_layer,3,0.63734375
mlx-community--SmolLM3-3B-abliterated-bf16,R_auroc_by_layer,4,0.67875
mlx-community--SmolLM3-3B-abliterated-bf16,R_auroc_by_layer,5,0.67046875
mlx-community--SmolLM3-3B-abliterated-bf16,R_auroc_by_layer,6,0.6534375
mlx-community--SmolLM3-3B-abliterated-bf16,R_auroc_by_layer,7,0.6778125
mlx-community--SmolLM3-3B-abliterated-bf16,R_auroc_by_layer,8,0.715625
mlx-community--SmolLM3-3B-abliterated-bf16,R_auroc_by_layer,9,0.71359375
mlx-community--SmolLM3-3B-abliterated-bf16,R_auroc_by_layer,10,0.7103125
mlx-community--SmolLM3-3B-abliterated-bf16,R_auroc_by_layer,11,0.71875
mlx-community--SmolLM3-3B-abliterated-bf16,R_auroc_by_layer,12,0.72578125
mlx-community--SmolLM3-3B-abliterated-bf16,R_auroc_by_layer,13,0.71875
mlx-community--SmolLM3-3B-abliterated-bf16,R_auroc_by_layer,14,0.7334375
mlx-community--SmolLM3-3B-abliterated-bf16,R_auroc_by_layer,15,0.8325
mlx-community--SmolLM3-3B-abliterated-bf16,R_auroc_by_layer,16,0.86203125
mlx-community--SmolLM3-3B-abliterated-bf16,R_auroc_by_layer,17,0.87203125
mlx-community--SmolLM3-3B-abliterated-bf16,R_auroc_by_layer,18,0.9265625
mlx-community--SmolLM3-3B-abliterated-bf16,R_auroc_by_layer,19,0.92375
mlx-community--SmolLM3-3B-abliterated-bf16,R_auroc_by_layer,20,0.911875
mlx-community--SmolLM3-3B-abliterated-bf16,R_auroc_by_layer,21,0.92265625
mlx-community--SmolLM3-3B-abliterated-bf16,R_auroc_by_layer,22,0.918125
mlx-community--SmolLM3-3B-abliterated-bf16,R_auroc_by_layer,23,0.91
mlx-community--SmolLM3-3B-abliterated-bf16,R_auroc_by_layer,24,0.89671875
mlx-community--SmolLM3-3B-abliterated-bf16,R_auroc_by_layer,25,0.893125
mlx-community--SmolLM3-3B-abliterated-bf16,R_auroc_by_layer,26,0.88640625
mlx-community--SmolLM3-3B-abliterated-bf16,R_auroc_by_layer,27,0.8865625
mlx-community--SmolLM3-3B-abliterated-bf16,R_auroc_by_layer,28,0.8815625
mlx-community--SmolLM3-3B-abliterated-bf16,R_auroc_by_layer,29,0.883125
mlx-community--SmolLM3-3B-abliterated-bf16,R_auroc_by_layer,30,0.8809375
mlx-community--SmolLM3-3B-abliterated-bf16,R_auroc_by_layer,31,0.87328125
mlx-community--SmolLM3-3B-abliterated-bf16,R_auroc_by_layer,32,0.87046875
mlx-community--SmolLM3-3B-abliterated-bf16,R_auroc_by_layer,33,0.87515625
mlx-community--SmolLM3-3B-abliterated-bf16,R_auroc_by_layer,34,0.8715625
mlx-community--SmolLM3-3B-abliterated-bf16,R_auroc_by_layer,35,0.873125
mlx-community--SmolLM3-3B-abliterated-bf16,R_auroc_by_layer,36,0.85296875
stabilityai--stablelm-2-1_6b-chat,R_auroc_by_layer,0,0.5
stabilityai--stablelm-2-1_6b-chat,R_auroc_by_layer,1,0.64890625
stabilityai--stablelm-2-1_6b-chat,R_auroc_by_layer,2,0.6190625
stabilityai--stablelm-2-1_6b-chat,R_auroc_by_layer,3,0.6240625
stabilityai--stablelm-2-1_6b-chat,R_auroc_by_layer,4,0.631875
stabilityai--stablelm-2-1_6b-chat,R_auroc_by_layer,5,0.6578125
stabilityai--stablelm-2-1_6b-chat,R_auroc_by_layer,6,0.63625
stabilityai--stablelm-2-1_6b-chat,R_auroc_by_layer,7,0.629375
stabilityai--stablelm-2-1_6b-chat,R_auroc_by_layer,8,0.6315625
stabilityai--stablelm-2-1_6b-chat,R_auroc_by_layer,9,0.66359375
stabilityai--stablelm-2-1_6b-chat,R_auroc_by_layer,10,0.70046875
stabilityai--stablelm-2-1_6b-chat,R_auroc_by_layer,11,0.7715625
stabilityai--stablelm-2-1_6b-chat,R_auroc_by_layer,12,0.7684375
stabilityai--stablelm-2-1_6b-chat,R_auroc_by_layer,13,0.826875
stabilityai--stablelm-2-1_6b-chat,R_auroc_by_layer,14,0.85234375
stabilityai--stablelm-2-1_6b-chat,R_auroc_by_layer,15,0.854375
stabilityai--stablelm-2-1_6b-chat,R_auroc_by_layer,16,0.85
stabilityai--stablelm-2-1_6b-chat,R_auroc_by_layer,17,0.83984375
stabilityai--stablelm-2-1_6b-chat,R_auroc_by_layer,18,0.8496875
stabilityai--stablelm-2-1_6b-chat,R_auroc_by_layer,19,0.85
stabilityai--stablelm-2-1_6b-chat,R_auroc_by_layer,20,0.85046875
stabilityai--stablelm-2-1_6b-chat,R_auroc_by_layer,21,0.8521875
stabilityai--stablelm-2-1_6b-chat,R_auroc_by_layer,22,0.84171875
stabilityai--stablelm-2-1_6b-chat,R_auroc_by_layer,23,0.8415625
stabilityai--stablelm-2-1_6b-chat,R_auroc_by_layer,24,0.86328125
venkycs--SmolLM2-1.7B-Instruct-Abliterated,R_auroc_by_layer,0,0.5
venkycs--SmolLM2-1.7B-Instruct-Abliterated,R_auroc_by_layer,1,0.595
venkycs--SmolLM2-1.7B-Instruct-Abliterated,R_auroc_by_layer,2,0.5975
venkycs--SmolLM2-1.7B-Instruct-Abliterated,R_auroc_by_layer,3,0.5971875
venkycs--SmolLM2-1.7B-Instruct-Abliterated,R_auroc_by_layer,4,0.60578125
venkycs--SmolLM2-1.7B-Instruct-Abliterated,R_auroc_by_layer,5,0.61546875
venkycs--SmolLM2-1.7B-Instruct-Abliterated,R_auroc_by_layer,6,0.62109375
venkycs--SmolLM2-1.7B-Instruct-Abliterated,R_auroc_by_layer,7,0.62234375
venkycs--SmolLM2-1.7B-Instruct-Abliterated,R_auroc_by_layer,8,0.6246875
venkycs--SmolLM2-1.7B-Instruct-Abliterated,R_auroc_by_layer,9,0.6284375
venkycs--SmolLM2-1.7B-Instruct-Abliterated,R_auroc_by_layer,10,0.626875
venkycs--SmolLM2-1.7B-Instruct-Abliterated,R_auroc_by_layer,11,0.63
venkycs--SmolLM2-1.7B-Instruct-Abliterated,R_auroc_by_layer,12,0.63140625
venkycs--SmolLM2-1.7B-Instruct-Abliterated,R_auroc_by_layer,13,0.6309375
venkycs--SmolLM2-1.7B-Instruct-Abliterated,R_auroc_by_layer,14,0.63203125
venkycs--SmolLM2-1.7B-Instruct-Abliterated,R_auroc_by_layer,15,0.6334375
venkycs--SmolLM2-1.7B-Instruct-Abliterated,R_auroc_by_layer,16,0.6325
venkycs--SmolLM2-1.7B-Instruct-Abliterated,R_auroc_by_layer,17,0.634375
venkycs--SmolLM2-1.7B-Instruct-Abliterated,R_auroc_by_layer,18,0.638125
venkycs--SmolLM2-1.7B-Instruct-Abliterated,R_auroc_by_layer,19,0.6359375
venkycs--SmolLM2-1.7B-Instruct-Abliterated,R_auroc_by_layer,20,0.635625
venkycs--SmolLM2-1.7B-Instruct-Abliterated,R_auroc_by_layer,21,0.6371875
venkycs--SmolLM2-1.7B-Instruct-Abliterated,R_auroc_by_layer,22,0.63671875
venkycs--SmolLM2-1.7B-Instruct-Abliterated,R_auroc_by_layer,23,0.63828125
venkycs--SmolLM2-1.7B-Instruct-Abliterated,R_auroc_by_layer,24,0.639375
